image_id,file_path,class_name,original_label,source_dataset,source_url,licence,checksum,perceptual_hash,dataset_split,source_group,review_status,review_notes,source,license
dent-632ab29c79237d8f,dent/hitl-03d9446226936c2f.jpg,dent,Dent,Humans in the Loop Car Parts and Car Damages Dataset,https://huggingface.co/datasets/DrBimmer/car-parts-and-damage-dataset/resolve/2dbf46f7e23eb0d6f551d38e4f77a11fe9d045b9/Car%20parts%20dataset/File1/img/Car%20damages%20103.png,CC0-1.0,632ab29c79237d8f0a5f674ea76c36c892b129f7cb0425ed9b12a8e6cf931942,4080070f1cb68743,train,Car parts dataset/File1/img/Car damages 103.png,accepted,"Pinned mirror revision 2dbf46f7e23eb0d6f551d38e4f77a11fe9d045b9; annotation Car parts dataset/File1/ann/Car damages 103.png.json; crop (367, 167, 534, 334); accepted under v2-visual-quality-rules-2026-09-06",Humans in the Loop Car Parts and Car Damages Dataset,CC0-1.0
dent-2e4432ffe81e59f7,dent/hitl-a77e88615c03d4ce.jpg,dent,Dent,Humans in the Loop Car Parts and Car Damages Dataset,https://huggingface.co/datasets/DrBimmer/car-parts-and-damage-dataset/resolve/2dbf46f7e23eb0d6f551d38e4f77a11fe9d045b9/Car%20parts%20dataset/File1/img/Car%20damages%201066.png,CC0-1.0,2e4432ffe81e59f7dd16ae799b3de2dd5cf5fd74fa30a36c0f57c7d94728bee0,808c1b3928f0f8cf,train,Car parts dataset/File1/img/Car damages 1066.png,accepted,"Pinned mirror revision 2dbf46f7e23eb0d6f551d38e4f77a11fe9d045b9; annotation Car parts dataset/File1/ann/Car damages 1066.png.json; crop (243, 238, 394, 390); accepted under v2-visual-quality-rules-2026-09-06",Humans in the Loop Car Parts and Car Damages Dataset,CC0-1.0
dent-ffdb7c5381676c18,dent/hitl-4c60de045bd78aa9.jpg,dent,Dent,Humans in the Loop Car Parts and Car Damages Dataset,https://huggingface.co/datasets/DrBimmer/car-parts-and-damage-dataset/resolve/2dbf46f7e23eb0d6f551d38e4f77a11fe9d045b9/Car%20parts%20dataset/File1/img/Car%20damages%201071.png,CC0-1.0,ffdb7c5381676c18e887bcaeb701b094d5574ebec7d92b1155e41992d08d260b,ffffcfbd78fec6c6,train,Car parts dataset/File1/img/Car damages 1071.png,accepted,"Pinned mirror revision 2dbf46f7e23eb0d6f551d38e4f77a11fe9d045b9; annotation Car parts dataset/File1/ann/Car damages 1071.png.json; crop (498, 330, 605, 438); accepted under v2-visual-quality-rules-2026-09-06",Humans in the Loop Car Parts and Car Damages Dataset,CC0-1.0
dent-1a64773d2289ab89,dent/hitl-d8f1bad5f524cc6c.jpg,dent,Dent,Humans in the Loop Car Parts and Car Damages Dataset,https://huggingface.co/datasets/DrBimmer/car-parts-and-damage-dataset/resolve/2dbf46f7e23eb0d6f551d38e4f77a11fe9d045b9/Car%20parts%20dataset/File1/img/Car%20damages%201080.png,CC0-1.0,1a64773d2289ab898ea59fef6102941d8f3174baae176ab949b2ab9106d8dafe,33946477f8ff99c4,train,Car parts dataset/File1/img/Car damages 1080.png,accepted,"Pinned mirror revision 2dbf46f7e23eb0d6f551d38e4f77a11fe9d045b9; annotation Car parts dataset/File1/ann/Car damages 1080.png.json; crop (350, 135, 453, 238); accepted under v2-visual-quality-rules-2026-09-06",Humans in the Loop Car Parts and Car Damages Dataset,CC0-1.0
dent-a5cd036e61b7de1e,dent/hitl-650aaa583ba06b2c.jpg,dent,Dent,Humans in the Loop Car Parts and Car Damages Dataset,https://huggingface.co/datasets/DrBimmer/car-parts-and-damage-dataset/resolve/2dbf46f7e23eb0d6f551d38e4f77a11fe9d045b9/Car%20parts%20dataset/File1/img/Car%20damages%201144.png,CC0-1.0,a5cd036e61b7de1e49cd638851e1334153da9ea9770f6d7c5783a605022632a0,b1b3278c9890809f,train,Car parts dataset/File1/img/Car damages 1144.png,accepted,"Pinned mirror revision 2dbf46f7e23eb0d6f551d38e4f77a11fe9d045b9; annotation Car parts dataset/File1/ann/Car damages 1144.png.json; crop (648, 127, 809, 288); accepted under v2-visual-quality-rules-2026-09-06",Humans in the Loop Car Parts and Car Damages Dataset,CC0-1.0
dent-59d883e3f2ffc82f,dent/hitl-2be22e4263c37af2.jpg,dent,Dent,Humans in the Loop Car Parts and Car Damages Dataset,https://huggingface.co/datasets/DrBimmer/car-parts-and-damage-dataset/resolve/2dbf46f7e23eb0d6f551d38e4f77a11fe9d045b9/Car%20parts%20dataset/File1/img/Car%20damages%201151.png,CC0-1.0,59d883e3f2ffc82fe94279b9913ec1e5e60d073a4a9c3a692a3ece11211daab4,ffbe18b9d1e11b1c,train,Car parts dataset/File1/img/Car damages 1151.png,accepted,"Pinned mirror revision 2dbf46f7e23eb0d6f551d38e4f77a11fe9d045b9; annotation Car parts dataset/File1/ann/Car damages 1151.png.json; crop (12, 0, 564, 553); accepted under v2-visual-quality-rules-2026-09-06",Humans in the Loop Car Parts and Car Damages Dataset,CC0-1.0
dent-499c45e8af694f39,dent/hitl-84926c31cec51474.jpg,dent,Dent,Humans in the Loop Car Parts and Car Damages Dataset,https://huggingface.co/datasets/DrBimmer/car-parts-and-damage-dataset/resolve/2dbf46f7e23eb0d6f551d38e4f77a11fe9d045b9/Car%20parts%20dataset/File1/img/Car%20damages%201153.png,CC0-1.0,499c45e8af694f39f9e48cae7ad7cd26616c0d536ca10e3fb85bba2424ad42bb,1493e26e7a2efefc,train,Car parts dataset/File1/img/Car damages 1153.png,accepted,"Pinned mirror revision 2dbf46f7e23eb0d6f551d38e4f77a11fe9d045b9; annotation Car parts dataset/File1/ann/Car damages 1153.png.json; crop (194, 134, 473, 413); accepted under v2-visual-quality-rules-2026-09-06",Humans in the Loop Car Parts and Car Damages Dataset,CC0-1.0
dent-3860460b8e1c2b76,dent/hitl-660d3de32bdb3e6b.jpg,dent,Dent,Humans in the Loop Car Parts and Car Damages Dataset,https://huggingface.co/datasets/DrBimmer/car-parts-and-damage-dataset/resolve/2dbf46f7e23eb0d6f551d38e4f77a11fe9d045b9/Car%20parts%20dataset/File1/img/Car%20damages%20116.png,CC0-1.0,3860460b8e1c2b76ee0d20164c5841a15f813503b4e396bf5e626c3abcaf51f7,004223268400b006,train,Car parts dataset/File1/img/Car damages 116.png,accepted,"Pinned mirror revision 2dbf46f7e23eb0d6f551d38e4f77a11fe9d045b9; annotation Car parts dataset/File1/ann/Car damages 116.png.json; crop (276, 147, 431, 303); accepted under v2-visual-quality-rules-2026-09-06",Humans in the Loop Car Parts and Car Damages Dataset,CC0-1.0
dent-cf4b591989fa8b35,dent/hitl-1afdf4954110c8ce.jpg,dent,Dent,Humans in the Loop Car Parts and Car Damages Dataset,https://huggingface.co/datasets/DrBimmer/car-parts-and-damage-dataset/resolve/2dbf46f7e23eb0d6f551d38e4f77a11fe9d045b9/Car%20parts%20dataset/File1/img/Car%20damages%201168.png,CC0-1.0,cf4b591989fa8b3525a9646964d7959954714a42393fcbd6742fdce9ccc19192,6624b4dc4d87e3eb,train,Car parts dataset/File1/img/Car damages 1168.png,accepted,"Pinned mirror revision 2dbf46f7e23eb0d6f551d38e4f77a11fe9d045b9; annotation Car parts dataset/File1/ann/Car damages 1168.png.json; crop (197, 178, 385, 366); accepted under v2-visual-quality-rules-2026-09-06",Humans in the Loop Car Parts and Car Damages Dataset,CC0-1.0
dent-99ae50facf5e75b4,dent/hitl-9f2a771956396fe8.jpg,dent,Dent,Humans in the Loop Car Parts and Car Damages Dataset,https://huggingface.co/datasets/DrBimmer/car-parts-and-damage-dataset/resolve/2dbf46f7e23eb0d6f551d38e4f77a11fe9d045b9/Car%20parts%20dataset/File1/img/Car%20damages%201192.png,CC0-1.0,99ae50facf5e75b49b839fc4526f13a5876ae5bccfe867906f001decbbfd6fd5,d0c2c2cd0c014307,train,Car parts dataset/File1/img/Car damages 1192.png,accepted,"Pinned mirror revision 2dbf46f7e23eb0d6f551d38e4f77a11fe9d045b9; annotation Car parts dataset/File1/ann/Car damages 1192.png.json; crop (416, 156, 549, 288); accepted under v2-visual-quality-rules-2026-09-06",Humans in the Loop Car Parts and Car Damages Dataset,CC0-1.0
dent-65cab073486528a9,dent/hitl-6e0f9f8bb5e01f07.jpg,dent,Dent,Humans in the Loop Car Parts and Car Damages Dataset,https://huggingface.co/datasets/DrBimmer/car-parts-and-damage-dataset/resolve/2dbf46f7e23eb0d6f551d38e4f77a11fe9d045b9/Car%20parts%20dataset/File1/img/Car%20damages%201196.png,CC0-1.0,65cab073486528a9c59f756174c7ce559f8a4209a85f6d57f65257fb54973795,fa6c78d12420d1c0,train,Car parts dataset/File1/img/Car damages 1196.png,accepted,"Pinned mirror revision 2dbf46f7e23eb0d6f551d38e4f77a11fe9d045b9; annotation Car parts dataset/File1/ann/Car damages 1196.png.json; crop (302, 198, 491, 388); accepted under v2-visual-quality-rules-2026-09-06",Humans in the Loop Car Parts and Car Damages Dataset,CC0-1.0
dent-fd6d83d81b999448,dent/hitl-56df566d1e1b1988.jpg,dent,Dent,Humans in the Loop Car Parts and Car Damages Dataset,https://huggingface.co/datasets/DrBimmer/car-parts-and-damage-dataset/resolve/2dbf46f7e23eb0d6f551d38e4f77a11fe9d045b9/Car%20parts%20dataset/File1/img/Car%20damages%201204.png,CC0-1.0,fd6d83d81b99944890894f36ca9ba810ef8078d72dd7c6e1a433c17854551e94,fdd4a2c3d3e60d9e,train,Car parts dataset/File1/img/Car damages 1204.png,accepted,"Pinned mirror revision 2dbf46f7e23eb0d6f551d38e4f77a11fe9d045b9; annotation Car parts dataset/File1/ann/Car damages 1204.png.json; crop (286, 213, 508, 434); accepted under v2-visual-quality-rules-2026-09-06",Humans in the Loop Car Parts and Car Damages Dataset,CC0-1.0
dent-0708b2f8bb4742b4,dent/hitl-900b7e9101772a43.jpg,dent,Dent,Humans in the Loop Car Parts and Car Damages Dataset,https://huggingface.co/datasets/DrBimmer/car-parts-and-damage-dataset/resolve/2dbf46f7e23eb0d6f551d38e4f77a11fe9d045b9/Car%20parts%20dataset/File1/img/Car%20damages%201207.png,CC0-1.0,0708b2f8bb4742b4b7c3b57c9426fb579bff0107cb81bdb17e2f2dd294175ac0,f5f91eee321d3d64,train,Car parts dataset/File1/img/Car damages 1207.png,accepted,"Pinned mirror revision 2dbf46f7e23eb0d6f551d38e4f77a11fe9d045b9; annotation Car parts dataset/File1/ann/Car damages 1207.png.json; crop (292, 151, 451, 310); accepted under v2-visual-quality-rules-2026-09-06",Humans in the Loop Car Parts and Car Damages Dataset,CC0-1.0
dent-8c1fede7a9f1f4a5,dent/hitl-210d61841d084c7c.jpg,dent,Dent,Humans in the Loop Car Parts and Car Damages Dataset,https://huggingface.co/datasets/DrBimmer/car-parts-and-damage-dataset/resolve/2dbf46f7e23eb0d6f551d38e4f77a11fe9d045b9/Car%20parts%20dataset/File1/img/Car%20damages%201214.png,CC0-1.0,8c1fede7a9f1f4a5580a18be38d84b84c2a6b24234cabb434ec79ca8bc592e81,9c2e4eb964c6fd6f,train,Car parts dataset/File1/img/Car damages 1214.png,accepted,"Pinned mirror revision 2dbf46f7e23eb0d6f551d38e4f77a11fe9d045b9; annotation Car parts dataset/File1/ann/Car damages 1214.png.json; crop (0, 111, 281, 392); accepted under v2-visual-quality-rules-2026-09-06",Humans in the Loop Car Parts and Car Damages Dataset,CC0-1.0
dent-54f2404d6dda1232,dent/hitl-dc5f0b5942521947.jpg,dent,Dent,Humans in the Loop Car Parts and Car Damages Dataset,https://huggingface.co/datasets/DrBimmer/car-parts-and-damage-dataset/resolve/2dbf46f7e23eb0d6f551d38e4f77a11fe9d045b9/Car%20parts%20dataset/File1/img/Car%20damages%201215.png,CC0-1.0,54f2404d6dda1232a61127b10925a2ea641c04458e42925a0b7a5f68da9a7d9a,1340aec7f3fafc01,train,Car parts dataset/File1/img/Car damages 1215.png,accepted,"Pinned mirror revision 2dbf46f7e23eb0d6f551d38e4f77a11fe9d045b9; annotation Car parts dataset/File1/ann/Car damages 1215.png.json; crop (232, 259, 379, 406); accepted under v2-visual-quality-rules-2026-09-06",Humans in the Loop Car Parts and Car Damages Dataset,CC0-1.0
dent-9879bed54ba2a51b,dent/hitl-a98f89607c53f8d1.jpg,dent,Dent,Humans in the Loop Car Parts and Car Damages Dataset,https://huggingface.co/datasets/DrBimmer/car-parts-and-damage-dataset/resolve/2dbf46f7e23eb0d6f551d38e4f77a11fe9d045b9/Car%20parts%20dataset/File1/img/Car%20damages%201218.png,CC0-1.0,9879bed54ba2a51bc22669a1c083adb5f5abd5a1cad4a70a26afccb00b60c4bf,b1214303051b3047,train,Car parts dataset/File1/img/Car damages 1218.png,accepted,"Pinned mirror revision 2dbf46f7e23eb0d6f551d38e4f77a11fe9d045b9; annotation Car parts dataset/File1/ann/Car damages 1218.png.json; crop (165, 151, 580, 566); accepted under v2-visual-quality-rules-2026-09-06",Humans in the Loop Car Parts and Car Damages Dataset,CC0-1.0
dent-dcc42fc28df89fc0,dent/hitl-500ab19ffef94d03.jpg,dent,Dent,Humans in the Loop Car Parts and Car Damages Dataset,https://huggingface.co/datasets/DrBimmer/car-parts-and-damage-dataset/resolve/2dbf46f7e23eb0d6f551d38e4f77a11fe9d045b9/Car%20parts%20dataset/File1/img/Car%20damages%201224.png,CC0-1.0,dcc42fc28df89fc02a1e4682da5d9057beca319db55950f408f6a20966312c43,22906030b9d9cbcb,train,Car parts dataset/File1/img/Car damages 1224.png,accepted,"Pinned mirror revision 2dbf46f7e23eb0d6f551d38e4f77a11fe9d045b9; annotation Car parts dataset/File1/ann/Car damages 1224.png.json; crop (99, 137, 201, 240); accepted under v2-visual-quality-rules-2026-09-06",Humans in the Loop Car Parts and Car Damages Dataset,CC0-1.0
dent-2e142cc8c76c31b7,dent/hitl-77fb49255bd569d6.jpg,dent,Dent,Humans in the Loop Car Parts and Car Damages Dataset,https://huggingface.co/datasets/DrBimmer/car-parts-and-damage-dataset/resolve/2dbf46f7e23eb0d6f551d38e4f77a11fe9d045b9/Car%20parts%20dataset/File1/img/Car%20damages%201256.png,CC0-1.0,2e142cc8c76c31b7385593f0b2485fe9bbde198bb011efc7c1ed3d1341704ed4,0f781e091870cb98,train,Car parts dataset/File1/img/Car damages 1256.png,accepted,"Pinned mirror revision 2dbf46f7e23eb0d6f551d38e4f77a11fe9d045b9; annotation Car parts dataset/File1/ann/Car damages 1256.png.json; crop (311, 172, 501, 363); accepted under v2-visual-quality-rules-2026-09-06",Humans in the Loop Car Parts and Car Damages Dataset,CC0-1.0
dent-8ae9737f1f82928e,dent/hitl-4b854af12413842b.jpg,dent,Dent,Humans in the Loop Car Parts and Car Damages Dataset,https://huggingface.co/datasets/DrBimmer/car-parts-and-damage-dataset/resolve/2dbf46f7e23eb0d6f551d38e4f77a11fe9d045b9/Car%20parts%20dataset/File1/img/Car%20damages%201263.png,CC0-1.0,8ae9737f1f82928e8ef5a99a8ce701d1e2079200510a89a2513f73b5ede56bfc,5f9b1b07dcdcd987,train,Car parts dataset/File1/img/Car damages 1263.png,accepted,"Pinned mirror revision 2dbf46f7e23eb0d6f551d38e4f77a11fe9d045b9; annotation Car parts dataset/File1/ann/Car damages 1263.png.json; crop (195, 51, 512, 368); accepted under v2-visual-quality-rules-2026-09-06",Humans in the Loop Car Parts and Car Damages Dataset,CC0-1.0
dent-9a97109589a18e8e,dent/hitl-8fcc5dfdc4166ba0.jpg,dent,Dent,Humans in the Loop Car Parts and Car Damages Dataset,https://huggingface.co/datasets/DrBimmer/car-parts-and-damage-dataset/resolve/2dbf46f7e23eb0d6f551d38e4f77a11fe9d045b9/Car%20parts%20dataset/File1/img/Car%20damages%201266.jpg,CC0-1.0,9a97109589a18e8ebea1c0e8cb20652ff2e79500d1c62f238f651ea448cf0a9e,c7375743233b0121,train,Car parts dataset/File1/img/Car damages 1266.jpg,accepted,"Pinned mirror revision 2dbf46f7e23eb0d6f551d38e4f77a11fe9d045b9; annotation Car parts dataset/File1/ann/Car damages 1266.jpg.json; crop (278, 293, 410, 424); accepted under v2-visual-quality-rules-2026-09-06",Humans in the Loop Car Parts and Car Damages Dataset,CC0-1.0
dent-912f4c52febf5597,dent/hitl-66e88bc6c2138841.jpg,dent,Dent,Humans in the Loop Car Parts and Car Damages Dataset,https://huggingface.co/datasets/DrBimmer/car-parts-and-damage-dataset/resolve/2dbf46f7e23eb0d6f551d38e4f77a11fe9d045b9/Car%20parts%20dataset/File1/img/Car%20damages%201283.png,CC0-1.0,912f4c52febf5597984b26230fd80eb22a5810a4f1d4850d906f8166e2f01e03,3c162643d27c7915,train,Car parts dataset/File1/img/Car damages 1283.png,accepted,"Pinned mirror revision 2dbf46f7e23eb0d6f551d38e4f77a11fe9d045b9; annotation Car parts dataset/File1/ann/Car damages 1283.png.json; crop (156, 400, 312, 556); accepted under v2-visual-quality-rules-2026-09-06",Humans in the Loop Car Parts and Car Damages Dataset,CC0-1.0
dent-7be08917cf1eb377,dent/hitl-497a4115d154d5e5.jpg,dent,Dent,Humans in the Loop Car Parts and Car Damages Dataset,https://huggingface.co/datasets/DrBimmer/car-parts-and-damage-dataset/resolve/2dbf46f7e23eb0d6f551d38e4f77a11fe9d045b9/Car%20parts%20dataset/File1/img/Car%20damages%201331.png,CC0-1.0,7be08917cf1eb3771fc4a255376f5a06bb772189c35ad73dc28a6eed37b5ebc5,3763e1ccf73e8fc9,train,Car parts dataset/File1/img/Car damages 1331.png,accepted,"Pinned mirror revision 2dbf46f7e23eb0d6f551d38e4f77a11fe9d045b9; annotation Car parts dataset/File1/ann/Car damages 1331.png.json; crop (208, 194, 398, 384); accepted under v2-visual-quality-rules-2026-09-06",Humans in the Loop Car Parts and Car Damages Dataset,CC0-1.0
dent-8b04eef2fb06258b,dent/hitl-bc4183e02562f9f2.jpg,dent,Dent,Humans in the Loop Car Parts and Car Damages Dataset,https://huggingface.co/datasets/DrBimmer/car-parts-and-damage-dataset/resolve/2dbf46f7e23eb0d6f551d38e4f77a11fe9d045b9/Car%20parts%20dataset/File1/img/Car%20damages%201336.png,CC0-1.0,8b04eef2fb06258bef25c493a69b086f1d946d46cbb8259c847815320727235f,7060644b0c290f9a,train,Car parts dataset/File1/img/Car damages 1336.png,accepted,"Pinned mirror revision 2dbf46f7e23eb0d6f551d38e4f77a11fe9d045b9; annotation Car parts dataset/File1/ann/Car damages 1336.png.json; crop (542, 69, 782, 308); accepted under v2-visual-quality-rules-2026-09-06",Humans in the Loop Car Parts and Car Damages Dataset,CC0-1.0
dent-36d6b5f5b21e3817,dent/hitl-e46829ed4f1676ee.jpg,dent,Dent,Humans in the Loop Car Parts and Car Damages Dataset,https://huggingface.co/datasets/DrBimmer/car-parts-and-damage-dataset/resolve/2dbf46f7e23eb0d6f551d38e4f77a11fe9d045b9/Car%20parts%20dataset/File1/img/Car%20damages%20160.png,CC0-1.0,36d6b5f5b21e38176631e8cb91b110339bdb3be5aef7287f012aa2f16b029f6d,17a1f447f3f97c81,train,Car parts dataset/File1/img/Car damages 160.png,accepted,"Pinned mirror revision 2dbf46f7e23eb0d6f551d38e4f77a11fe9d045b9; annotation Car parts dataset/File1/ann/Car damages 160.png.json; crop (174, 139, 316, 280); accepted under v2-visual-quality-rules-2026-09-06",Humans in the Loop Car Parts and Car Damages Dataset,CC0-1.0
dent-cd0d0471c0f85351,dent/hitl-366987df607dbb1e.jpg,dent,Dent,Humans in the Loop Car Parts and Car Damages Dataset,https://huggingface.co/datasets/DrBimmer/car-parts-and-damage-dataset/resolve/2dbf46f7e23eb0d6f551d38e4f77a11fe9d045b9/Car%20parts%20dataset/File1/img/Car%20damages%20163.png,CC0-1.0,cd0d0471c0f85351d7f85e28b4236ad28a77bfe6dd21af5b55e87476f874315d,d6eda793abefd8f1,train,Car parts dataset/File1/img/Car damages 163.png,accepted,"Pinned mirror revision 2dbf46f7e23eb0d6f551d38e4f77a11fe9d045b9; annotation Car parts dataset/File1/ann/Car damages 163.png.json; crop (498, 67, 655, 223); accepted under v2-visual-quality-rules-2026-09-06",Humans in the Loop Car Parts and Car Damages Dataset,CC0-1.0
dent-8c9f66f808ad3fa4,dent/hitl-b722f4f27fbd13e0.jpg,dent,Dent,Humans in the Loop Car Parts and Car Damages Dataset,https://huggingface.co/datasets/DrBimmer/car-parts-and-damage-dataset/resolve/2dbf46f7e23eb0d6f551d38e4f77a11fe9d045b9/Car%20parts%20dataset/File1/img/Car%20damages%20166.png,CC0-1.0,8c9f66f808ad3fa47957cb01fdd41ed4bcad1ed9016026d0a0be622d27db754f,c232929e8e12c864,train,Car parts dataset/File1/img/Car damages 166.png,accepted,"Pinned mirror revision 2dbf46f7e23eb0d6f551d38e4f77a11fe9d045b9; annotation Car parts dataset/File1/ann/Car damages 166.png.json; crop (319, 150, 466, 296); accepted under v2-visual-quality-rules-2026-09-06",Humans in the Loop Car Parts and Car Damages Dataset,CC0-1.0
dent-6a4cc6400f908045,dent/hitl-172ecb91674001b0.jpg,dent,Dent,Humans in the Loop Car Parts and Car Damages Dataset,https://huggingface.co/datasets/DrBimmer/car-parts-and-damage-dataset/resolve/2dbf46f7e23eb0d6f551d38e4f77a11fe9d045b9/Car%20parts%20dataset/File1/img/Car%20damages%20180.png,CC0-1.0,6a4cc6400f9080457c42e1221260c9316997be2b04928a523bf65533a7829c59,90f27939c969ede6,train,Car parts dataset/File1/img/Car damages 180.png,accepted,"Pinned mirror revision 2dbf46f7e23eb0d6f551d38e4f77a11fe9d045b9; annotation Car parts dataset/File1/ann/Car damages 180.png.json; crop (14, 210, 110, 306); accepted under v2-visual-quality-rules-2026-09-06",Humans in the Loop Car Parts and Car Damages Dataset,CC0-1.0
dent-dcccd3d7b5965cf6,dent/hitl-e837aef9a2caeda6.jpg,dent,Dent,Humans in the Loop Car Parts and Car Damages Dataset,https://huggingface.co/datasets/DrBimmer/car-parts-and-damage-dataset/resolve/2dbf46f7e23eb0d6f551d38e4f77a11fe9d045b9/Car%20parts%20dataset/File1/img/Car%20damages%20205.png,CC0-1.0,dcccd3d7b5965cf6066559147394134799e60aa52ea43a367c189af3590621a4,31d6c0409c70c30b,train,Car parts dataset/File1/img/Car damages 205.png,accepted,"Pinned mirror revision 2dbf46f7e23eb0d6f551d38e4f77a11fe9d045b9; annotation Car parts dataset/File1/ann/Car damages 205.png.json; crop (141, 253, 279, 391); accepted under v2-visual-quality-rules-2026-09-06",Humans in the Loop Car Parts and Car Damages Dataset,CC0-1.0
dent-7f6d786ab48b7e87,dent/hitl-ced567cb16e4128b.jpg,dent,Dent,Humans in the Loop Car Parts and Car Damages Dataset,https://huggingface.co/datasets/DrBimmer/car-parts-and-damage-dataset/resolve/2dbf46f7e23eb0d6f551d38e4f77a11fe9d045b9/Car%20parts%20dataset/File1/img/Car%20damages%20207.png,CC0-1.0,7f6d786ab48b7e87c044ca48899d9bb5436136684235576e3195a4184de46b70,2cce161110e42c08,train,Car parts dataset/File1/img/Car damages 207.png,accepted,"Pinned mirror revision 2dbf46f7e23eb0d6f551d38e4f77a11fe9d045b9; annotation Car parts dataset/File1/ann/Car damages 207.png.json; crop (391, 186, 571, 367); accepted under v2-visual-quality-rules-2026-09-06",Humans in the Loop Car Parts and Car Damages Dataset,CC0-1.0
dent-8773e5a45beacc12,dent/hitl-ae4474cc5f556d0c.jpg,dent,Dent,Humans in the Loop Car Parts and Car Damages Dataset,https://huggingface.co/datasets/DrBimmer/car-parts-and-damage-dataset/resolve/2dbf46f7e23eb0d6f551d38e4f77a11fe9d045b9/Car%20parts%20dataset/File1/img/Car%20damages%20227.png,CC0-1.0,8773e5a45beacc12e4e56cef05ef0feb4181fff37a5e14cdcfb1bfe03616d91e,d5c434e3c6ff7bfe,train,Car parts dataset/File1/img/Car damages 227.png,accepted,"Pinned mirror revision 2dbf46f7e23eb0d6f551d38e4f77a11fe9d045b9; annotation Car parts dataset/File1/ann/Car damages 227.png.json; crop (434, 177, 674, 418); accepted under v2-visual-quality-rules-2026-09-06",Humans in the Loop Car Parts and Car Damages Dataset,CC0-1.0
dent-c19447be0557b0d1,dent/hitl-699555be280cd0e6.jpg,dent,Dent,Humans in the Loop Car Parts and Car Damages Dataset,https://huggingface.co/datasets/DrBimmer/car-parts-and-damage-dataset/resolve/2dbf46f7e23eb0d6f551d38e4f77a11fe9d045b9/Car%20parts%20dataset/File1/img/Car%20damages%20241.png,CC0-1.0,c19447be0557b0d1ff68fc4a60ecd984cb0b6bd3a519f5620d673c6e5a1f1812,b2c25a9abc3ee6ff,train,Car parts dataset/File1/img/Car damages 241.png,accepted,"Pinned mirror revision 2dbf46f7e23eb0d6f551d38e4f77a11fe9d045b9; annotation Car parts dataset/File1/ann/Car damages 241.png.json; crop (230, 123, 432, 325); accepted under v2-visual-quality-rules-2026-09-06",Humans in the Loop Car Parts and Car Damages Dataset,CC0-1.0
dent-8f0e25e2c1c72d58,dent/hitl-13387987f3ee3515.jpg,dent,Dent,Humans in the Loop Car Parts and Car Damages Dataset,https://huggingface.co/datasets/DrBimmer/car-parts-and-damage-dataset/resolve/2dbf46f7e23eb0d6f551d38e4f77a11fe9d045b9/Car%20parts%20dataset/File1/img/Car%20damages%20242.png,CC0-1.0,8f0e25e2c1c72d582f5cf90876ff6a666e9512d4b137170acf683e9b2aad763f,70e5ca12dff9ff77,train,Car parts dataset/File1/img/Car damages 242.png,accepted,"Pinned mirror revision 2dbf46f7e23eb0d6f551d38e4f77a11fe9d045b9; annotation Car parts dataset/File1/ann/Car damages 242.png.json; crop (112, 95, 406, 389); accepted under v2-visual-quality-rules-2026-09-06",Humans in the Loop Car Parts and Car Damages Dataset,CC0-1.0
dent-3fa20b58f89e0bb8,dent/hitl-f0a2b0aa9555d45a.jpg,dent,Dent,Humans in the Loop Car Parts and Car Damages Dataset,https://huggingface.co/datasets/DrBimmer/car-parts-and-damage-dataset/resolve/2dbf46f7e23eb0d6f551d38e4f77a11fe9d045b9/Car%20parts%20dataset/File1/img/Car%20damages%20245.png,CC0-1.0,3fa20b58f89e0bb80f5bd4088596249b75eea6a5d3983f42c782438aeee9f9f5,66660cc66cf0c340,train,Car parts dataset/File1/img/Car damages 245.png,accepted,"Pinned mirror revision 2dbf46f7e23eb0d6f551d38e4f77a11fe9d045b9; annotation Car parts dataset/File1/ann/Car damages 245.png.json; crop (96, 24, 306, 234); accepted under v2-visual-quality-rules-2026-09-06",Humans in the Loop Car Parts and Car Damages Dataset,CC0-1.0
dent-fc125f7e798b3606,dent/hitl-247f4b5c1edd5d26.jpg,dent,Dent,Humans in the Loop Car Parts and Car Damages Dataset,https://huggingface.co/datasets/DrBimmer/car-parts-and-damage-dataset/resolve/2dbf46f7e23eb0d6f551d38e4f77a11fe9d045b9/Car%20parts%20dataset/File1/img/Car%20damages%20246.jpg,CC0-1.0,fc125f7e798b36062896786edf0ecd684eb95cec90f17f344463c9cafa595810,2d0d4dcefb1c8311,train,Car parts dataset/File1/img/Car damages 246.jpg,accepted,"Pinned mirror revision 2dbf46f7e23eb0d6f551d38e4f77a11fe9d045b9; annotation Car parts dataset/File1/ann/Car damages 246.jpg.json; crop (229, 175, 395, 341); accepted under v2-visual-quality-rules-2026-09-06",Humans in the Loop Car Parts and Car Damages Dataset,CC0-1.0
dent-1133c93e65d1622d,dent/hitl-38bcb82924da966a.jpg,dent,Dent,Humans in the Loop Car Parts and Car Damages Dataset,https://huggingface.co/datasets/DrBimmer/car-parts-and-damage-dataset/resolve/2dbf46f7e23eb0d6f551d38e4f77a11fe9d045b9/Car%20parts%20dataset/File1/img/Car%20damages%20249.png,CC0-1.0,1133c93e65d1622dea73ee44adfc7abbcf7cc808b5e898efae09f1b306b1df3d,3c3932c4c9074f6e,train,Car parts dataset/File1/img/Car damages 249.png,accepted,"Pinned mirror revision 2dbf46f7e23eb0d6f551d38e4f77a11fe9d045b9; annotation Car parts dataset/File1/ann/Car damages 249.png.json; crop (368, 227, 509, 368); accepted under v2-visual-quality-rules-2026-09-06",Humans in the Loop Car Parts and Car Damages Dataset,CC0-1.0
dent-201381cdfe095ccc,dent/hitl-eef33b6f529ec38b.jpg,dent,Dent,Humans in the Loop Car Parts and Car Damages Dataset,https://huggingface.co/datasets/DrBimmer/car-parts-and-damage-dataset/resolve/2dbf46f7e23eb0d6f551d38e4f77a11fe9d045b9/Car%20parts%20dataset/File1/img/Car%20damages%20275.png,CC0-1.0,201381cdfe095ccc3e9b7422eff3e2a76b739e58caeb145efed500ef79d44008,4cd7994dcdbdfdf8,train,Car parts dataset/File1/img/Car damages 275.png,accepted,"Pinned mirror revision 2dbf46f7e23eb0d6f551d38e4f77a11fe9d045b9; annotation Car parts dataset/File1/ann/Car damages 275.png.json; crop (115, 179, 354, 418); accepted under v2-visual-quality-rules-2026-09-06",Humans in the Loop Car Parts and Car Damages Dataset,CC0-1.0
dent-72bb6ef484bdd7e2,dent/hitl-e914dece7001b949.jpg,dent,Dent,Humans in the Loop Car Parts and Car Damages Dataset,https://huggingface.co/datasets/DrBimmer/car-parts-and-damage-dataset/resolve/2dbf46f7e23eb0d6f551d38e4f77a11fe9d045b9/Car%20parts%20dataset/File1/img/Car%20damages%20286.png,CC0-1.0,72bb6ef484bdd7e2ed77641731fe397de8b628db9a83c20e83a5329dde6c98f6,25ce1e87633d1ce3,train,Car parts dataset/File1/img/Car damages 286.png,accepted,"Pinned mirror revision 2dbf46f7e23eb0d6f551d38e4f77a11fe9d045b9; annotation Car parts dataset/File1/ann/Car damages 286.png.json; crop (363, 296, 558, 490); accepted under v2-visual-quality-rules-2026-09-06",Humans in the Loop Car Parts and Car Damages Dataset,CC0-1.0
dent-f645c9f8dcc65f26,dent/hitl-7d3e530622ac7034.jpg,dent,Dent,Humans in the Loop Car Parts and Car Damages Dataset,https://huggingface.co/datasets/DrBimmer/car-parts-and-damage-dataset/resolve/2dbf46f7e23eb0d6f551d38e4f77a11fe9d045b9/Car%20parts%20dataset/File1/img/Car%20damages%20287.png,CC0-1.0,f645c9f8dcc65f26f2849e24b0435d1abeb93665f916cb996ac045d6cfcc2aaf,e096dfef791d4308,train,Car parts dataset/File1/img/Car damages 287.png,accepted,"Pinned mirror revision 2dbf46f7e23eb0d6f551d38e4f77a11fe9d045b9; annotation Car parts dataset/File1/ann/Car damages 287.png.json; crop (565, 124, 795, 354); accepted under v2-visual-quality-rules-2026-09-06",Humans in the Loop Car Parts and Car Damages Dataset,CC0-1.0
dent-c1658378375aa803,dent/hitl-041c7401b59312a3.jpg,dent,Dent,Humans in the Loop Car Parts and Car Damages Dataset,https://huggingface.co/datasets/DrBimmer/car-parts-and-damage-dataset/resolve/2dbf46f7e23eb0d6f551d38e4f77a11fe9d045b9/Car%20parts%20dataset/File1/img/Car%20damages%20298.png,CC0-1.0,c1658378375aa80334a07b066f086b6f463d7dadb1aa12667b884037a08fa333,121803838f5994c4,train,Car parts dataset/File1/img/Car damages 298.png,accepted,"Pinned mirror revision 2dbf46f7e23eb0d6f551d38e4f77a11fe9d045b9; annotation Car parts dataset/File1/ann/Car damages 298.png.json; crop (267, 229, 414, 376); accepted under v2-visual-quality-rules-2026-09-06",Humans in the Loop Car Parts and Car Damages Dataset,CC0-1.0
dent-4f7c752062de90b9,dent/hitl-65002d47af13e8c6.jpg,dent,Dent,Humans in the Loop Car Parts and Car Damages Dataset,https://huggingface.co/datasets/DrBimmer/car-parts-and-damage-dataset/resolve/2dbf46f7e23eb0d6f551d38e4f77a11fe9d045b9/Car%20parts%20dataset/File1/img/Car%20damages%20304.png,CC0-1.0,4f7c752062de90b9325de3ad2053d1a2dc62675e5fd69324c8333f142e8011cf,009ecae678078f33,train,Car parts dataset/File1/img/Car damages 304.png,accepted,"Pinned mirror revision 2dbf46f7e23eb0d6f551d38e4f77a11fe9d045b9; annotation Car parts dataset/File1/ann/Car damages 304.png.json; crop (143, 0, 724, 581); accepted under v2-visual-quality-rules-2026-09-06",Humans in the Loop Car Parts and Car Damages Dataset,CC0-1.0
dent-971277ca5f958a3c,dent/hitl-f279f90f01ce3c17.jpg,dent,Dent,Humans in the Loop Car Parts and Car Damages Dataset,https://huggingface.co/datasets/DrBimmer/car-parts-and-damage-dataset/resolve/2dbf46f7e23eb0d6f551d38e4f77a11fe9d045b9/Car%20parts%20dataset/File1/img/Car%20damages%20325.png,CC0-1.0,971277ca5f958a3c3b9000a7cd52651235b0b79a28bb710d0a5fc4d8966fa911,709cc61ef7feffdf,train,Car parts dataset/File1/img/Car damages 325.png,accepted,"Pinned mirror revision 2dbf46f7e23eb0d6f551d38e4f77a11fe9d045b9; annotation Car parts dataset/File1/ann/Car damages 325.png.json; crop (0, 0, 564, 564); accepted under v2-visual-quality-rules-2026-09-06",Humans in the Loop Car Parts and Car Damages Dataset,CC0-1.0
dent-e7e84716a6d01915,dent/hitl-72953ff43aa07d29.jpg,dent,Dent,Humans in the Loop Car Parts and Car Damages Dataset,https://huggingface.co/datasets/DrBimmer/car-parts-and-damage-dataset/resolve/2dbf46f7e23eb0d6f551d38e4f77a11fe9d045b9/Car%20parts%20dataset/File1/img/Car%20damages%20388.png,CC0-1.0,e7e84716a6d0191521845c30f32cf9514d76b660a62e959da6fd881e507e88df,ccb8c2c71f0e1103,train,Car parts dataset/File1/img/Car damages 388.png,accepted,"Pinned mirror revision 2dbf46f7e23eb0d6f551d38e4f77a11fe9d045b9; annotation Car parts dataset/File1/ann/Car damages 388.png.json; crop (247, 234, 443, 430); accepted under v2-visual-quality-rules-2026-09-06",Humans in the Loop Car Parts and Car Damages Dataset,CC0-1.0
dent-2fa762238c1b6b82,dent/hitl-5beab2beb14409ad.jpg,dent,Dent,Humans in the Loop Car Parts and Car Damages Dataset,https://huggingface.co/datasets/DrBimmer/car-parts-and-damage-dataset/resolve/2dbf46f7e23eb0d6f551d38e4f77a11fe9d045b9/Car%20parts%20dataset/File1/img/Car%20damages%20392.jpg,CC0-1.0,2fa762238c1b6b828903c72bf8874c26f6300a3b1cdcba7079d77fdcdaa6c929,f2f2f3dcfff71307,train,Car parts dataset/File1/img/Car damages 392.jpg,accepted,"Pinned mirror revision 2dbf46f7e23eb0d6f551d38e4f77a11fe9d045b9; annotation Car parts dataset/File1/ann/Car damages 392.jpg.json; crop (133, 148, 276, 290); accepted under v2-visual-quality-rules-2026-09-06",Humans in the Loop Car Parts and Car Damages Dataset,CC0-1.0
dent-2a8b05f7a9d70988,dent/hitl-cee3bafec6d39197.jpg,dent,Dent,Humans in the Loop Car Parts and Car Damages Dataset,https://huggingface.co/datasets/DrBimmer/car-parts-and-damage-dataset/resolve/2dbf46f7e23eb0d6f551d38e4f77a11fe9d045b9/Car%20parts%20dataset/File1/img/Car%20damages%20408.png,CC0-1.0,2a8b05f7a9d70988ff8ff6bc26e00c6c919519e48b781fdfb7398ffd4a9295c5,f777fbcdcddbc33e,train,Car parts dataset/File1/img/Car damages 408.png,accepted,"Pinned mirror revision 2dbf46f7e23eb0d6f551d38e4f77a11fe9d045b9; annotation Car parts dataset/File1/ann/Car damages 408.png.json; crop (265, 32, 724, 492); accepted under v2-visual-quality-rules-2026-09-06",Humans in the Loop Car Parts and Car Damages Dataset,CC0-1.0
dent-f21c73ef161a7c7b,dent/hitl-cbd73ad0edb14c79.jpg,dent,Dent,Humans in the Loop Car Parts and Car Damages Dataset,https://huggingface.co/datasets/DrBimmer/car-parts-and-damage-dataset/resolve/2dbf46f7e23eb0d6f551d38e4f77a11fe9d045b9/Car%20parts%20dataset/File1/img/Car%20damages%20411.png,CC0-1.0,f21c73ef161a7c7b5bad017fe9548681205068c12327d2699efa4e6dfab17479,3c1c1e9e1ecefa0e,train,Car parts dataset/File1/img/Car damages 411.png,accepted,"Pinned mirror revision 2dbf46f7e23eb0d6f551d38e4f77a11fe9d045b9; annotation Car parts dataset/File1/ann/Car damages 411.png.json; crop (35, 192, 201, 358); accepted under v2-visual-quality-rules-2026-09-06",Humans in the Loop Car Parts and Car Damages Dataset,CC0-1.0
dent-e1d6a76197aefb51,dent/hitl-a90d008697e1189e.jpg,dent,Dent,Humans in the Loop Car Parts and Car Damages Dataset,https://huggingface.co/datasets/DrBimmer/car-parts-and-damage-dataset/resolve/2dbf46f7e23eb0d6f551d38e4f77a11fe9d045b9/Car%20parts%20dataset/File1/img/Car%20damages%20421.png,CC0-1.0,e1d6a76197aefb51c2615807c56639deddb1e9d83976ebe739817853d90f248e,3c1a82c4191c34e0,train,Car parts dataset/File1/img/Car damages 421.png,accepted,"Pinned mirror revision 2dbf46f7e23eb0d6f551d38e4f77a11fe9d045b9; annotation Car parts dataset/File1/ann/Car damages 421.png.json; crop (357, 253, 530, 426); accepted under v2-visual-quality-rules-2026-09-06",Humans in the Loop Car Parts and Car Damages Dataset,CC0-1.0
dent-f807391bcf5e652a,dent/hitl-d55c6e4e993514e9.jpg,dent,Dent,Humans in the Loop Car Parts and Car Damages Dataset,https://huggingface.co/datasets/DrBimmer/car-parts-and-damage-dataset/resolve/2dbf46f7e23eb0d6f551d38e4f77a11fe9d045b9/Car%20parts%20dataset/File1/img/Car%20damages%20431.png,CC0-1.0,f807391bcf5e652aac4840a390a11495c468eebae303644970dfc6d8ef537a8e,0d93183c997893f1,train,Car parts dataset/File1/img/Car damages 431.png,accepted,"Pinned mirror revision 2dbf46f7e23eb0d6f551d38e4f77a11fe9d045b9; annotation Car parts dataset/File1/ann/Car damages 431.png.json; crop (119, 215, 229, 325); accepted under v2-visual-quality-rules-2026-09-06",Humans in the Loop Car Parts and Car Damages Dataset,CC0-1.0
dent-677dedb4f11bffb2,dent/hitl-2f6b070cfc9df555.jpg,dent,Dent,Humans in the Loop Car Parts and Car Damages Dataset,https://huggingface.co/datasets/DrBimmer/car-parts-and-damage-dataset/resolve/2dbf46f7e23eb0d6f551d38e4f77a11fe9d045b9/Car%20parts%20dataset/File1/img/Car%20damages%20438.png,CC0-1.0,677dedb4f11bffb23b0764ab33584a82faa74444b960bade00fdaf2ce30fcb79,38989868283930a3,train,Car parts dataset/File1/img/Car damages 438.png,accepted,"Pinned mirror revision 2dbf46f7e23eb0d6f551d38e4f77a11fe9d045b9; annotation Car parts dataset/File1/ann/Car damages 438.png.json; crop (277, 248, 510, 480); accepted under v2-visual-quality-rules-2026-09-06",Humans in the Loop Car Parts and Car Damages Dataset,CC0-1.0
dent-f5d1a258d70afa46,dent/hitl-10c37611a879cd24.jpg,dent,Dent,Humans in the Loop Car Parts and Car Damages Dataset,https://huggingface.co/datasets/DrBimmer/car-parts-and-damage-dataset/resolve/2dbf46f7e23eb0d6f551d38e4f77a11fe9d045b9/Car%20parts%20dataset/File1/img/Car%20damages%20439.png,CC0-1.0,f5d1a258d70afa4682868c4bf5cd57dcf6c0040aab54be94ce79749a41bf938f,e404061622205bce,train,Car parts dataset/File1/img/Car damages 439.png,accepted,"Pinned mirror revision 2dbf46f7e23eb0d6f551d38e4f77a11fe9d045b9; annotation Car parts dataset/File1/ann/Car damages 439.png.json; crop (374, 177, 591, 394); accepted under v2-visual-quality-rules-2026-09-06",Humans in the Loop Car Parts and Car Damages Dataset,CC0-1.0
dent-0d3ead011ba2e5e4,dent/hitl-9d48285b77700177.jpg,dent,Dent,Humans in the Loop Car Parts and Car Damages Dataset,https://huggingface.co/datasets/DrBimmer/car-parts-and-damage-dataset/resolve/2dbf46f7e23eb0d6f551d38e4f77a11fe9d045b9/Car%20parts%20dataset/File1/img/Car%20damages%20448.png,CC0-1.0,0d3ead011ba2e5e4ae8b79954c22ac1d96b909d61ce2fef8e3bcc276e8daf65e,28078eebdcc09c1c,train,Car parts dataset/File1/img/Car damages 448.png,accepted,"Pinned mirror revision 2dbf46f7e23eb0d6f551d38e4f77a11fe9d045b9; annotation Car parts dataset/File1/ann/Car damages 448.png.json; crop (194, 162, 545, 514); accepted under v2-visual-quality-rules-2026-09-06",Humans in the Loop Car Parts and Car Damages Dataset,CC0-1.0
dent-de9a6d09833343ed,dent/hitl-350c1dbceb55b102.jpg,dent,Dent,Humans in the Loop Car Parts and Car Damages Dataset,https://huggingface.co/datasets/DrBimmer/car-parts-and-damage-dataset/resolve/2dbf46f7e23eb0d6f551d38e4f77a11fe9d045b9/Car%20parts%20dataset/File1/img/Car%20damages%20501.jpg,CC0-1.0,de9a6d09833343ed83cea6c80cbca307824e05f15f8f97609fcd22a589ae358d,308e339fc363cfc2,train,Car parts dataset/File1/img/Car damages 501.jpg,accepted,"Pinned mirror revision 2dbf46f7e23eb0d6f551d38e4f77a11fe9d045b9; annotation Car parts dataset/File1/ann/Car damages 501.jpg.json; crop (55, 139, 194, 278); accepted under v2-visual-quality-rules-2026-09-06",Humans in the Loop Car Parts and Car Damages Dataset,CC0-1.0
dent-e1ab2443490d0fb8,dent/hitl-9c8e871a3b56698c.jpg,dent,Dent,Humans in the Loop Car Parts and Car Damages Dataset,https://huggingface.co/datasets/DrBimmer/car-parts-and-damage-dataset/resolve/2dbf46f7e23eb0d6f551d38e4f77a11fe9d045b9/Car%20parts%20dataset/File1/img/Car%20damages%20604.png,CC0-1.0,e1ab2443490d0fb8c8aeec43f53782613c49ec0b0011cb8d9675b12d9414d7ad,c0300c05757c3f73,train,Car parts dataset/File1/img/Car damages 604.png,accepted,"Pinned mirror revision 2dbf46f7e23eb0d6f551d38e4f77a11fe9d045b9; annotation Car parts dataset/File1/ann/Car damages 604.png.json; crop (220, 240, 373, 392); accepted under v2-visual-quality-rules-2026-09-06",Humans in the Loop Car Parts and Car Damages Dataset,CC0-1.0
dent-01cdc95064ec146d,dent/hitl-e9251485f2923d99.jpg,dent,Dent,Humans in the Loop Car Parts and Car Damages Dataset,https://huggingface.co/datasets/DrBimmer/car-parts-and-damage-dataset/resolve/2dbf46f7e23eb0d6f551d38e4f77a11fe9d045b9/Car%20parts%20dataset/File1/img/Car%20damages%20613.png,CC0-1.0,01cdc95064ec146d5735e477753d896ed536abd555f4ea80b3ff1c8a1184a721,79f9eae521c89658,train,Car parts dataset/File1/img/Car damages 613.png,accepted,"Pinned mirror revision 2dbf46f7e23eb0d6f551d38e4f77a11fe9d045b9; annotation Car parts dataset/File1/ann/Car damages 613.png.json; crop (399, 65, 739, 406); accepted under v2-visual-quality-rules-2026-09-06",Humans in the Loop Car Parts and Car Damages Dataset,CC0-1.0
dent-7a776519fa9e8f0c,dent/hitl-e8943ceeaee95d71.jpg,dent,Dent,Humans in the Loop Car Parts and Car Damages Dataset,https://huggingface.co/datasets/DrBimmer/car-parts-and-damage-dataset/resolve/2dbf46f7e23eb0d6f551d38e4f77a11fe9d045b9/Car%20parts%20dataset/File1/img/Car%20damages%20621.png,CC0-1.0,7a776519fa9e8f0c4a733af67163da38c9cba1ab40b1794ebeeb0882c351313a,3020849c3802c8c0,train,Car parts dataset/File1/img/Car damages 621.png,accepted,"Pinned mirror revision 2dbf46f7e23eb0d6f551d38e4f77a11fe9d045b9; annotation Car parts dataset/File1/ann/Car damages 621.png.json; crop (256, 140, 444, 327); accepted under v2-visual-quality-rules-2026-09-06",Humans in the Loop Car Parts and Car Damages Dataset,CC0-1.0
dent-002a982555061803,dent/hitl-b36b2bb6135cab0d.jpg,dent,Dent,Humans in the Loop Car Parts and Car Damages Dataset,https://huggingface.co/datasets/DrBimmer/car-parts-and-damage-dataset/resolve/2dbf46f7e23eb0d6f551d38e4f77a11fe9d045b9/Car%20parts%20dataset/File1/img/Car%20damages%20624.jpg,CC0-1.0,002a9825550618038ec277e56c3fc7e393b5542f0ed1209feabe032afe31df21,69f0e18cf6f7193c,train,Car parts dataset/File1/img/Car damages 624.jpg,accepted,"Pinned mirror revision 2dbf46f7e23eb0d6f551d38e4f77a11fe9d045b9; annotation Car parts dataset/File1/ann/Car damages 624.jpg.json; crop (332, 51, 502, 222); accepted under v2-visual-quality-rules-2026-09-06",Humans in the Loop Car Parts and Car Damages Dataset,CC0-1.0
dent-d8e6f8f6920be774,dent/hitl-5cff6a86e71f536e.jpg,dent,Dent,Humans in the Loop Car Parts and Car Damages Dataset,https://huggingface.co/datasets/DrBimmer/car-parts-and-damage-dataset/resolve/2dbf46f7e23eb0d6f551d38e4f77a11fe9d045b9/Car%20parts%20dataset/File1/img/Car%20damages%20627.png,CC0-1.0,d8e6f8f6920be774fb55c294a68a1d54dc0b9cd89e6eca5e858680fe0810b388,363c68b0383919f9,train,Car parts dataset/File1/img/Car damages 627.png,accepted,"Pinned mirror revision 2dbf46f7e23eb0d6f551d38e4f77a11fe9d045b9; annotation Car parts dataset/File1/ann/Car damages 627.png.json; crop (280, 112, 445, 278); accepted under v2-visual-quality-rules-2026-09-06",Humans in the Loop Car Parts and Car Damages Dataset,CC0-1.0
dent-93ec03e98aa86f10,dent/hitl-d07b0d96e2a8ea7d.jpg,dent,Dent,Humans in the Loop Car Parts and Car Damages Dataset,https://huggingface.co/datasets/DrBimmer/car-parts-and-damage-dataset/resolve/2dbf46f7e23eb0d6f551d38e4f77a11fe9d045b9/Car%20parts%20dataset/File1/img/Car%20damages%20630.png,CC0-1.0,93ec03e98aa86f10c65073f01baf7e5cd169682b97964b2bc92fff6bc5228ab6,e8890c0491c38000,train,Car parts dataset/File1/img/Car damages 630.png,accepted,"Pinned mirror revision 2dbf46f7e23eb0d6f551d38e4f77a11fe9d045b9; annotation Car parts dataset/File1/ann/Car damages 630.png.json; crop (303, 168, 448, 314); accepted under v2-visual-quality-rules-2026-09-06",Humans in the Loop Car Parts and Car Damages Dataset,CC0-1.0
dent-6dc92e58f13d7c15,dent/hitl-4461b6d08c9ba1a4.jpg,dent,Dent,Humans in the Loop Car Parts and Car Damages Dataset,https://huggingface.co/datasets/DrBimmer/car-parts-and-damage-dataset/resolve/2dbf46f7e23eb0d6f551d38e4f77a11fe9d045b9/Car%20parts%20dataset/File1/img/Car%20damages%20632.png,CC0-1.0,6dc92e58f13d7c15455edcf2665f0a071e075f7043bee7d2b69b70d00bfd8b33,9ae2c7fa7a57784c,train,Car parts dataset/File1/img/Car damages 632.png,accepted,"Pinned mirror revision 2dbf46f7e23eb0d6f551d38e4f77a11fe9d045b9; annotation Car parts dataset/File1/ann/Car damages 632.png.json; crop (167, 201, 306, 339); accepted under v2-visual-quality-rules-2026-09-06",Humans in the Loop Car Parts and Car Damages Dataset,CC0-1.0
dent-b25672761efa48cb,dent/hitl-11b028e6f8401282.jpg,dent,Dent,Humans in the Loop Car Parts and Car Damages Dataset,https://huggingface.co/datasets/DrBimmer/car-parts-and-damage-dataset/resolve/2dbf46f7e23eb0d6f551d38e4f77a11fe9d045b9/Car%20parts%20dataset/File1/img/Car%20damages%20649.png,CC0-1.0,b25672761efa48cb9525507949083cb4dc78c81c8511aa737210ec6d8dad01f1,4666340e8fe5ec04,train,Car parts dataset/File1/img/Car damages 649.png,accepted,"Pinned mirror revision 2dbf46f7e23eb0d6f551d38e4f77a11fe9d045b9; annotation Car parts dataset/File1/ann/Car damages 649.png.json; crop (270, 189, 408, 327); accepted under v2-visual-quality-rules-2026-09-06",Humans in the Loop Car Parts and Car Damages Dataset,CC0-1.0
dent-5f5dc794d4f2d573,dent/hitl-a34509553323a4e8.jpg,dent,Dent,Humans in the Loop Car Parts and Car Damages Dataset,https://huggingface.co/datasets/DrBimmer/car-parts-and-damage-dataset/resolve/2dbf46f7e23eb0d6f551d38e4f77a11fe9d045b9/Car%20parts%20dataset/File1/img/Car%20damages%20705.png,CC0-1.0,5f5dc794d4f2d573c2bbddf98fa00525b20edf7b310a53d07faf15948dbb2757,1d66e7eeaf0f5825,train,Car parts dataset/File1/img/Car damages 705.png,accepted,"Pinned mirror revision 2dbf46f7e23eb0d6f551d38e4f77a11fe9d045b9; annotation Car parts dataset/File1/ann/Car damages 705.png.json; crop (434, 106, 571, 244); accepted under v2-visual-quality-rules-2026-09-06",Humans in the Loop Car Parts and Car Damages Dataset,CC0-1.0
dent-356ed03796ebe23a,dent/hitl-da04911fb4ddf07c.jpg,dent,Dent,Humans in the Loop Car Parts and Car Damages Dataset,https://huggingface.co/datasets/DrBimmer/car-parts-and-damage-dataset/resolve/2dbf46f7e23eb0d6f551d38e4f77a11fe9d045b9/Car%20parts%20dataset/File1/img/Car%20damages%20706.png,CC0-1.0,356ed03796ebe23a9c1d01b42e402e00ce009375e1db418eb51bebb0398fc1b6,679c79e58b1f7ffb,train,Car parts dataset/File1/img/Car damages 706.png,accepted,"Pinned mirror revision 2dbf46f7e23eb0d6f551d38e4f77a11fe9d045b9; annotation Car parts dataset/File1/ann/Car damages 706.png.json; crop (370, 213, 504, 347); accepted under v2-visual-quality-rules-2026-09-06",Humans in the Loop Car Parts and Car Damages Dataset,CC0-1.0
dent-43476296ab9591ee,dent/hitl-db877f46662d8e87.jpg,dent,Dent,Humans in the Loop Car Parts and Car Damages Dataset,https://huggingface.co/datasets/DrBimmer/car-parts-and-damage-dataset/resolve/2dbf46f7e23eb0d6f551d38e4f77a11fe9d045b9/Car%20parts%20dataset/File1/img/Car%20damages%20710.jpg,CC0-1.0,43476296ab9591ee8cfdc9e3bb454d1ef10e63435a3d4c0ae723d79c6268f32b,7272ba0c94f31904,train,Car parts dataset/File1/img/Car damages 710.jpg,accepted,"Pinned mirror revision 2dbf46f7e23eb0d6f551d38e4f77a11fe9d045b9; annotation Car parts dataset/File1/ann/Car damages 710.jpg.json; crop (14, 98, 159, 244); accepted under v2-visual-quality-rules-2026-09-06",Humans in the Loop Car Parts and Car Damages Dataset,CC0-1.0
dent-fee267c0ed0e7617,dent/hitl-7bfe2b578f66fd92.jpg,dent,Dent,Humans in the Loop Car Parts and Car Damages Dataset,https://huggingface.co/datasets/DrBimmer/car-parts-and-damage-dataset/resolve/2dbf46f7e23eb0d6f551d38e4f77a11fe9d045b9/Car%20parts%20dataset/File1/img/Car%20damages%20775.png,CC0-1.0,fee267c0ed0e76174e96a7a6de4a7732c8a183b076f7d21727ebe06f4c4a8e1e,8c0d873224ffc0c0,train,Car parts dataset/File1/img/Car damages 775.png,accepted,"Pinned mirror revision 2dbf46f7e23eb0d6f551d38e4f77a11fe9d045b9; annotation Car parts dataset/File1/ann/Car damages 775.png.json; crop (143, 67, 375, 299); accepted under v2-visual-quality-rules-2026-09-06",Humans in the Loop Car Parts and Car Damages Dataset,CC0-1.0
dent-1d4d7f7080d7282a,dent/hitl-9e9ce3ac33d7818d.jpg,dent,Dent,Humans in the Loop Car Parts and Car Damages Dataset,https://huggingface.co/datasets/DrBimmer/car-parts-and-damage-dataset/resolve/2dbf46f7e23eb0d6f551d38e4f77a11fe9d045b9/Car%20parts%20dataset/File1/img/Car%20damages%20780.png,CC0-1.0,1d4d7f7080d7282ae533a28d1d29fbd90669eb6c399bd10fb1aca8c4f1c31666,37dca6870e4fc70d,train,Car parts dataset/File1/img/Car damages 780.png,accepted,"Pinned mirror revision 2dbf46f7e23eb0d6f551d38e4f77a11fe9d045b9; annotation Car parts dataset/File1/ann/Car damages 780.png.json; crop (104, 132, 356, 384); accepted under v2-visual-quality-rules-2026-09-06",Humans in the Loop Car Parts and Car Damages Dataset,CC0-1.0
dent-6bc93b1be99c8bb5,dent/hitl-c57a635d6e8f33d3.jpg,dent,Dent,Humans in the Loop Car Parts and Car Damages Dataset,https://huggingface.co/datasets/DrBimmer/car-parts-and-damage-dataset/resolve/2dbf46f7e23eb0d6f551d38e4f77a11fe9d045b9/Car%20parts%20dataset/File1/img/Car%20damages%20782.png,CC0-1.0,6bc93b1be99c8bb5b21fd92374091ec4142c1d48611afcfab6f2cf49df9b50ae,5bbb89eef47e7fb6,train,Car parts dataset/File1/img/Car damages 782.png,accepted,"Pinned mirror revision 2dbf46f7e23eb0d6f551d38e4f77a11fe9d045b9; annotation Car parts dataset/File1/ann/Car damages 782.png.json; crop (192, 60, 288, 156); accepted under v2-visual-quality-rules-2026-09-06",Humans in the Loop Car Parts and Car Damages Dataset,CC0-1.0
dent-2fdd0828f283a2a0,dent/hitl-6558722541e2f87c.jpg,dent,Dent,Humans in the Loop Car Parts and Car Damages Dataset,https://huggingface.co/datasets/DrBimmer/car-parts-and-damage-dataset/resolve/2dbf46f7e23eb0d6f551d38e4f77a11fe9d045b9/Car%20parts%20dataset/File1/img/Car%20damages%20796.png,CC0-1.0,2fdd0828f283a2a02ce03114d88ba58eee7fe44de407400359327c93a1099012,fefec68c8cb69a98,train,Car parts dataset/File1/img/Car damages 796.png,accepted,"Pinned mirror revision 2dbf46f7e23eb0d6f551d38e4f77a11fe9d045b9; annotation Car parts dataset/File1/ann/Car damages 796.png.json; crop (342, 134, 509, 301); accepted under v2-visual-quality-rules-2026-09-06",Humans in the Loop Car Parts and Car Damages Dataset,CC0-1.0
dent-b627a8468a904857,dent/hitl-6868a81c23340758.jpg,dent,Dent,Humans in the Loop Car Parts and Car Damages Dataset,https://huggingface.co/datasets/DrBimmer/car-parts-and-damage-dataset/resolve/2dbf46f7e23eb0d6f551d38e4f77a11fe9d045b9/Car%20parts%20dataset/File1/img/Car%20damages%20799.png,CC0-1.0,b627a8468a904857bb1698ba85a432126f8dcfbabd741b9cd9e90e8b1133d2de,d2c4848893e72022,train,Car parts dataset/File1/img/Car damages 799.png,accepted,"Pinned mirror revision 2dbf46f7e23eb0d6f551d38e4f77a11fe9d045b9; annotation Car parts dataset/File1/ann/Car damages 799.png.json; crop (304, 148, 456, 300); accepted under v2-visual-quality-rules-2026-09-06",Humans in the Loop Car Parts and Car Damages Dataset,CC0-1.0
dent-b4f2619a6f1a1007,dent/hitl-41b5687adfaf5eef.jpg,dent,Dent,Humans in the Loop Car Parts and Car Damages Dataset,https://huggingface.co/datasets/DrBimmer/car-parts-and-damage-dataset/resolve/2dbf46f7e23eb0d6f551d38e4f77a11fe9d045b9/Car%20parts%20dataset/File1/img/Car%20damages%20858.png,CC0-1.0,b4f2619a6f1a100739dd564a3c101c8e5e38011d894257e7b66c35c1ed0469bd,bc4fc1521987e63b,train,Car parts dataset/File1/img/Car damages 858.png,accepted,"Pinned mirror revision 2dbf46f7e23eb0d6f551d38e4f77a11fe9d045b9; annotation Car parts dataset/File1/ann/Car damages 858.png.json; crop (336, 0, 616, 280); accepted under v2-visual-quality-rules-2026-09-06",Humans in the Loop Car Parts and Car Damages Dataset,CC0-1.0
dent-a11d8aa93009476d,dent/hitl-57dac2c4189314a1.jpg,dent,Dent,Humans in the Loop Car Parts and Car Damages Dataset,https://huggingface.co/datasets/DrBimmer/car-parts-and-damage-dataset/resolve/2dbf46f7e23eb0d6f551d38e4f77a11fe9d045b9/Car%20parts%20dataset/File1/img/Car%20damages%20862.png,CC0-1.0,a11d8aa93009476d6be7c5e825b298c4c6f4172235d939209c51dd186d01c398,9bda99eb6d78f061,train,Car parts dataset/File1/img/Car damages 862.png,accepted,"Pinned mirror revision 2dbf46f7e23eb0d6f551d38e4f77a11fe9d045b9; annotation Car parts dataset/File1/ann/Car damages 862.png.json; crop (477, 121, 573, 217); accepted under v2-visual-quality-rules-2026-09-06",Humans in the Loop Car Parts and Car Damages Dataset,CC0-1.0
dent-62a2cc91b841f1f5,dent/hitl-38b01011e0bdf697.jpg,dent,Dent,Humans in the Loop Car Parts and Car Damages Dataset,https://huggingface.co/datasets/DrBimmer/car-parts-and-damage-dataset/resolve/2dbf46f7e23eb0d6f551d38e4f77a11fe9d045b9/Car%20parts%20dataset/File1/img/Car%20damages%20870.png,CC0-1.0,62a2cc91b841f1f5d0de02821150b4c087e84aa015542cf21a478f09a1994dfb,892b08092868c404,train,Car parts dataset/File1/img/Car damages 870.png,accepted,"Pinned mirror revision 2dbf46f7e23eb0d6f551d38e4f77a11fe9d045b9; annotation Car parts dataset/File1/ann/Car damages 870.png.json; crop (372, 222, 652, 502); accepted under v2-visual-quality-rules-2026-09-06",Humans in the Loop Car Parts and Car Damages Dataset,CC0-1.0
dent-30b484cc53015806,dent/hitl-245d80fded25ee11.jpg,dent,Dent,Humans in the Loop Car Parts and Car Damages Dataset,https://huggingface.co/datasets/DrBimmer/car-parts-and-damage-dataset/resolve/2dbf46f7e23eb0d6f551d38e4f77a11fe9d045b9/Car%20parts%20dataset/File1/img/Car%20damages%20891.png,CC0-1.0,30b484cc53015806e53764e4c9295ceee842d0e76c86b301fe50e974ef60a3a4,94c9041098c0435b,train,Car parts dataset/File1/img/Car damages 891.png,accepted,"Pinned mirror revision 2dbf46f7e23eb0d6f551d38e4f77a11fe9d045b9; annotation Car parts dataset/File1/ann/Car damages 891.png.json; crop (341, 128, 521, 307); accepted under v2-visual-quality-rules-2026-09-06",Humans in the Loop Car Parts and Car Damages Dataset,CC0-1.0
dent-89e0150fac0ab207,dent/hitl-71c6637f60f8a2cd.jpg,dent,Dent,Humans in the Loop Car Parts and Car Damages Dataset,https://huggingface.co/datasets/DrBimmer/car-parts-and-damage-dataset/resolve/2dbf46f7e23eb0d6f551d38e4f77a11fe9d045b9/Car%20parts%20dataset/File1/img/Car%20damages%20892.png,CC0-1.0,89e0150fac0ab20735bcb1155184ef770dce353577ec3994c68b0db9035beeab,8682c1d85c28939c,train,Car parts dataset/File1/img/Car damages 892.png,accepted,"Pinned mirror revision 2dbf46f7e23eb0d6f551d38e4f77a11fe9d045b9; annotation Car parts dataset/File1/ann/Car damages 892.png.json; crop (69, 150, 177, 257); accepted under v2-visual-quality-rules-2026-09-06",Humans in the Loop Car Parts and Car Damages Dataset,CC0-1.0
dent-5980a2fd92e04613,dent/hitl-07bcf8fc1d6d7a81.jpg,dent,Dent,Humans in the Loop Car Parts and Car Damages Dataset,https://huggingface.co/datasets/DrBimmer/car-parts-and-damage-dataset/resolve/2dbf46f7e23eb0d6f551d38e4f77a11fe9d045b9/Car%20parts%20dataset/File1/img/Car%20damages%20908.jpg,CC0-1.0,5980a2fd92e04613c94cb8c97ae27a11970ce162c88fba87f9f2f7a0e2320ee2,62519c96bbe7f190,train,Car parts dataset/File1/img/Car damages 908.jpg,accepted,"Pinned mirror revision 2dbf46f7e23eb0d6f551d38e4f77a11fe9d045b9; annotation Car parts dataset/File1/ann/Car damages 908.jpg.json; crop (128, 129, 300, 302); accepted under v2-visual-quality-rules-2026-09-06",Humans in the Loop Car Parts and Car Damages Dataset,CC0-1.0
dent-a07e0d0023104d1f,dent/hitl-733da90dc76ae95c.jpg,dent,Dent,Humans in the Loop Car Parts and Car Damages Dataset,https://huggingface.co/datasets/DrBimmer/car-parts-and-damage-dataset/resolve/2dbf46f7e23eb0d6f551d38e4f77a11fe9d045b9/Car%20parts%20dataset/File1/img/Car%20damages%20925.png,CC0-1.0,a07e0d0023104d1f364734081b5de2544645382c521da0fedcb2fdf391702c4d,0d9110b4de7878bd,train,Car parts dataset/File1/img/Car damages 925.png,accepted,"Pinned mirror revision 2dbf46f7e23eb0d6f551d38e4f77a11fe9d045b9; annotation Car parts dataset/File1/ann/Car damages 925.png.json; crop (50, 75, 357, 382); accepted under v2-visual-quality-rules-2026-09-06",Humans in the Loop Car Parts and Car Damages Dataset,CC0-1.0
dent-ffcd3771a4b74913,dent/hitl-dd1efa971e5285a7.jpg,dent,Dent,Humans in the Loop Car Parts and Car Damages Dataset,https://huggingface.co/datasets/DrBimmer/car-parts-and-damage-dataset/resolve/2dbf46f7e23eb0d6f551d38e4f77a11fe9d045b9/Car%20parts%20dataset/File1/img/Car%20damages%20929.png,CC0-1.0,ffcd3771a4b74913bc50ef3d608672551730540698d84a66b7c5c1289d186575,de6f251ce3fbfef3,train,Car parts dataset/File1/img/Car damages 929.png,accepted,"Pinned mirror revision 2dbf46f7e23eb0d6f551d38e4f77a11fe9d045b9; annotation Car parts dataset/File1/ann/Car damages 929.png.json; crop (210, 118, 376, 283); accepted under v2-visual-quality-rules-2026-09-06",Humans in the Loop Car Parts and Car Damages Dataset,CC0-1.0
dent-853b82503af4e343,dent/hitl-5966c8e23e23bbfd.jpg,dent,Dent,Humans in the Loop Car Parts and Car Damages Dataset,https://huggingface.co/datasets/DrBimmer/car-parts-and-damage-dataset/resolve/2dbf46f7e23eb0d6f551d38e4f77a11fe9d045b9/Car%20parts%20dataset/File1/img/Car%20damages%20932.jpg,CC0-1.0,853b82503af4e343c536257dc87eaa00c4efcccbd5366e05e86f3ab9494a1ce6,c0c0a0b404d8e2da,train,Car parts dataset/File1/img/Car damages 932.jpg,accepted,"Pinned mirror revision 2dbf46f7e23eb0d6f551d38e4f77a11fe9d045b9; annotation Car parts dataset/File1/ann/Car damages 932.jpg.json; crop (44, 135, 220, 311); accepted under v2-visual-quality-rules-2026-09-06",Humans in the Loop Car Parts and Car Damages Dataset,CC0-1.0
dent-7adc5b7bd2775007,dent/hitl-cc67055e81a179fa.jpg,dent,Dent,Humans in the Loop Car Parts and Car Damages Dataset,https://huggingface.co/datasets/DrBimmer/car-parts-and-damage-dataset/resolve/2dbf46f7e23eb0d6f551d38e4f77a11fe9d045b9/Car%20parts%20dataset/File1/img/Car%20damages%20933.png,CC0-1.0,7adc5b7bd27750075e654abfd365679d371fc0ec12acc1c21940a5302e4066cb,9813616c12908905,train,Car parts dataset/File1/img/Car damages 933.png,accepted,"Pinned mirror revision 2dbf46f7e23eb0d6f551d38e4f77a11fe9d045b9; annotation Car parts dataset/File1/ann/Car damages 933.png.json; crop (148, 190, 339, 381); accepted under v2-visual-quality-rules-2026-09-06",Humans in the Loop Car Parts and Car Damages Dataset,CC0-1.0
dent-b7250b4f1a99fab2,dent/hitl-ea054d0dac12ff99.jpg,dent,Dent,Humans in the Loop Car Parts and Car Damages Dataset,https://huggingface.co/datasets/DrBimmer/car-parts-and-damage-dataset/resolve/2dbf46f7e23eb0d6f551d38e4f77a11fe9d045b9/Car%20parts%20dataset/File1/img/Car%20damages%20938.png,CC0-1.0,b7250b4f1a99fab287814774649c5d1514d713a0acccf096819b985c7d83a01e,8c0e72789b9c9a93,train,Car parts dataset/File1/img/Car damages 938.png,accepted,"Pinned mirror revision 2dbf46f7e23eb0d6f551d38e4f77a11fe9d045b9; annotation Car parts dataset/File1/ann/Car damages 938.png.json; crop (0, 71, 96, 167); accepted under v2-visual-quality-rules-2026-09-06",Humans in the Loop Car Parts and Car Damages Dataset,CC0-1.0
dent-e15f71eff4e49070,dent/hitl-f1de59f4341abf55.jpg,dent,Dent,Humans in the Loop Car Parts and Car Damages Dataset,https://huggingface.co/datasets/DrBimmer/car-parts-and-damage-dataset/resolve/2dbf46f7e23eb0d6f551d38e4f77a11fe9d045b9/Car%20parts%20dataset/File1/img/Car%20damages%20973.png,CC0-1.0,e15f71eff4e490704dcf878781bc78171a3565fa27f331bcbaed2d12995703aa,f071f93ffe7e9b4d,train,Car parts dataset/File1/img/Car damages 973.png,accepted,"Pinned mirror revision 2dbf46f7e23eb0d6f551d38e4f77a11fe9d045b9; annotation Car parts dataset/File1/ann/Car damages 973.png.json; crop (18, 116, 114, 212); accepted under v2-visual-quality-rules-2026-09-06",Humans in the Loop Car Parts and Car Damages Dataset,CC0-1.0
dent-386d9b38609de1a0,dent/hitl-9061d81a35d97787.jpg,dent,Dent,Humans in the Loop Car Parts and Car Damages Dataset,https://huggingface.co/datasets/DrBimmer/car-parts-and-damage-dataset/resolve/2dbf46f7e23eb0d6f551d38e4f77a11fe9d045b9/Car%20parts%20dataset/File1/img/Car%20damages%20990.png,CC0-1.0,386d9b38609de1a02ef7a98beac67e62ddf8c08e07ab131f325e91c9272510a3,83088d1e14830719,train,Car parts dataset/File1/img/Car damages 990.png,accepted,"Pinned mirror revision 2dbf46f7e23eb0d6f551d38e4f77a11fe9d045b9; annotation Car parts dataset/File1/ann/Car damages 990.png.json; crop (232, 219, 328, 315); accepted under v2-visual-quality-rules-2026-09-06",Humans in the Loop Car Parts and Car Damages Dataset,CC0-1.0
normal-7d341aeabad19de2,normal/commons-10488785.jpg,normal,quality automobile photograph; requires no-damage review,Wikimedia Commons / Quality images of automobiles,https://commons.wikimedia.org/wiki/File:2010-05-16-hoek-by-RalfR-28.jpg,GFDL 1.2 (http://www.gnu.org/licenses/old-licenses/fdl-1.2.html),7d341aeabad19de2a9d1e62955b94085a08c9c464f835814f9ea7dda40e37983,f3d11824ac3df6a6,train,commons-10488785,accepted,Creator: Ralf Roletschek (talk) - Fahrradtechnik auf fahrradmonteur.de; accepted under v2-visual-quality-rules-2026-09-06,Wikimedia Commons / Quality images of automobiles,GFDL 1.2 (http://www.gnu.org/licenses/old-licenses/fdl-1.2.html)
normal-4b4becc63d2a9af4,normal/commons-110018646.jpg,normal,quality automobile photograph; requires no-damage review,Wikimedia Commons / Quality images of automobiles,"https://commons.wikimedia.org/wiki/File:Automated_valet_parking,_IAA_2021,_Munich_(IAA10454).jpg",CC BY-SA 4.0 (https://creativecommons.org/licenses/by-sa/4.0),4b4becc63d2a9af43106989fa605fad7ace617c56dced9d6f909473f65a411ba,16b039bbb4ce9a85,train,commons-110018646,accepted,Creator: Matti Blume; accepted under v2-visual-quality-rules-2026-09-06,Wikimedia Commons / Quality images of automobiles,CC BY-SA 4.0 (https://creativecommons.org/licenses/by-sa/4.0)
normal-07d74ccf8bfb424e,normal/commons-123197099.jpg,normal,quality automobile photograph; requires no-damage review,Wikimedia Commons / Quality images of automobiles,https://commons.wikimedia.org/wiki/File:At_Arucas_2022_046.jpg,CC BY-SA 4.0 (https://creativecommons.org/licenses/by-sa/4.0),07d74ccf8bfb424ea672e65c0bd1d540f571826b7a45042be23bbdcd47bdc968,6be4ecfcc1c9c9c9,train,commons-123197099,accepted,Creator: Photograph by Mike Peel (www.mikepeel.net).; accepted under v2-visual-quality-rules-2026-09-06,Wikimedia Commons / Quality images of automobiles,CC BY-SA 4.0 (https://creativecommons.org/licenses/by-sa/4.0)
normal-da54ceddc793eacd,normal/commons-123627903.jpg,normal,quality automobile photograph; requires no-damage review,Wikimedia Commons / Quality images of automobiles,"https://commons.wikimedia.org/wiki/File:Audi_RS5,_Binz_(P1090702).jpg",CC BY-SA 4.0 (https://creativecommons.org/licenses/by-sa/4.0/deed.en),da54ceddc793eacdc261d0582dcbd0dcd41c859c91b99876050949f230092a92,00f0339bc4c01013,train,commons-123627903,accepted,Creator: Matti Blume; accepted under v2-visual-quality-rules-2026-09-06,Wikimedia Commons / Quality images of automobiles,CC BY-SA 4.0 (https://creativecommons.org/licenses/by-sa/4.0/deed.en)
normal-40de801d8d217f67,normal/commons-137717479.jpg,normal,quality automobile photograph; requires no-damage review,Wikimedia Commons / Quality images of automobiles,"https://commons.wikimedia.org/wiki/File:BYD_Auto,_IAA_Summit_2023,_Munich_(P1110783).jpg",CC BY-SA 4.0 (https://creativecommons.org/licenses/by-sa/4.0/deed.en),40de801d8d217f67049f695fe7b6278e790510bd781084550fe089deb27a8bc8,fec9cdd28307114c,train,commons-137717479,accepted,Creator: Matti Blume; accepted under v2-visual-quality-rules-2026-09-06,Wikimedia Commons / Quality images of automobiles,CC BY-SA 4.0 (https://creativecommons.org/licenses/by-sa/4.0/deed.en)
normal-13e086a3cc47222c,normal/commons-143046152.jpg,normal,quality automobile photograph; requires no-damage review,Wikimedia Commons / Quality images of automobiles,"https://commons.wikimedia.org/wiki/File:Audi_RS4,_EMS_2023,_Essen_(P1160911-RR).jpg",CC BY-SA 4.0 (https://creativecommons.org/licenses/by-sa/4.0),13e086a3cc47222c3c0de0be9fe3dbb4bf031df1aa600dcb1ac64d78dde5a8c7,c6a68c6860f0f079,train,commons-143046152,accepted,Creator: Matti Blume; accepted under v2-visual-quality-rules-2026-09-06,Wikimedia Commons / Quality images of automobiles,CC BY-SA 4.0 (https://creativecommons.org/licenses/by-sa/4.0)
normal-2303f7fad006fc6f,normal/commons-144432033.jpg,normal,quality automobile photograph; requires no-damage review,Wikimedia Commons / Quality images of automobiles,"https://commons.wikimedia.org/wiki/File:BAS_24,_Brussels_(P1170168-RR).jpg",CC BY-SA 4.0 (https://creativecommons.org/licenses/by-sa/4.0),2303f7fad006fc6f30c735d950deca75b8e9d437f67beae35ab9e32edcef8b5e,8390741888a19021,train,commons-144432033,accepted,Creator: Matti Blume; accepted under v2-visual-quality-rules-2026-09-06,Wikimedia Commons / Quality images of automobiles,CC BY-SA 4.0 (https://creativecommons.org/licenses/by-sa/4.0)
normal-3b2653d2e43eac39,normal/commons-144472729.jpg,normal,quality automobile photograph; requires no-damage review,Wikimedia Commons / Quality images of automobiles,"https://commons.wikimedia.org/wiki/File:Aixam,_BAS_24,_Brussels_(P1170403-RR).jpg",CC BY-SA 4.0 (https://creativecommons.org/licenses/by-sa/4.0),3b2653d2e43eac39cf9df65b4e351c88df78a7ecf95deedda575d6c50a960077,0748cc0c2e86b213,train,commons-144472729,accepted,Creator: Matti Blume; accepted under v2-visual-quality-rules-2026-09-06,Wikimedia Commons / Quality images of automobiles,CC BY-SA 4.0 (https://creativecommons.org/licenses/by-sa/4.0)
normal-6a6e204f111527e7,normal/commons-144792261.jpg,normal,quality automobile photograph; requires no-damage review,Wikimedia Commons / Quality images of automobiles,"https://commons.wikimedia.org/wiki/File:Aixam,_BAS_24,_Brussels_(P1170130-RR).jpg",CC BY-SA 4.0 (https://creativecommons.org/licenses/by-sa/4.0/deed.en),6a6e204f111527e7d4dbdf2313d129d7d1c8b5aac4fff84dab8e77fd6f6f9c2e,d09eb4e4e232342c,train,commons-144792261,accepted,Creator: Matti Blume; accepted under v2-visual-quality-rules-2026-09-06,Wikimedia Commons / Quality images of automobiles,CC BY-SA 4.0 (https://creativecommons.org/licenses/by-sa/4.0/deed.en)
normal-48e1fa91de12edc0,normal/commons-145174203.jpg,normal,quality automobile photograph; requires no-damage review,Wikimedia Commons / Quality images of automobiles,"https://commons.wikimedia.org/wiki/File:BAS_24,_Brussels_(P1170500).jpg",CC BY-SA 4.0 (https://creativecommons.org/licenses/by-sa/4.0/deed.en),48e1fa91de12edc0064ae978739e8d6ff26b80e8110aa790d08e28ae39976610,20681e07236e686f,train,commons-145174203,accepted,Creator: Matti Blume; accepted under v2-visual-quality-rules-2026-09-06,Wikimedia Commons / Quality images of automobiles,CC BY-SA 4.0 (https://creativecommons.org/licenses/by-sa/4.0/deed.en)
normal-1d659d4cc615df8d,normal/commons-145517884.jpg,normal,quality automobile photograph; requires no-damage review,Wikimedia Commons / Quality images of automobiles,"https://commons.wikimedia.org/wiki/File:BAS_24,_Brussels_(P1170247-RR).jpg",CC BY-SA 4.0 (https://creativecommons.org/licenses/by-sa/4.0/deed.en),1d659d4cc615df8d310f00eb469d3232f1ffcc30acf04f3f83ad03f4a1e2f0bf,bc74c31825e3cfdb,train,commons-145517884,accepted,Creator: Matti Blume; accepted under v2-visual-quality-rules-2026-09-06,Wikimedia Commons / Quality images of automobiles,CC BY-SA 4.0 (https://creativecommons.org/licenses/by-sa/4.0/deed.en)
normal-193622434a52f606,normal/commons-145835911.jpg,normal,quality automobile photograph; requires no-damage review,Wikimedia Commons / Quality images of automobiles,https://commons.wikimedia.org/wiki/File:2024_Dacia_Spring_GIMS_2024_1X7A2022.jpg,CC BY-SA 4.0 (https://creativecommons.org/licenses/by-sa/4.0),193622434a52f606cf53df19f2a8a9a597b48fde916ba91509679495c001a586,e38854123b35c5e3,train,commons-145835911,accepted,Creator: Alexander-93; accepted under v2-visual-quality-rules-2026-09-06,Wikimedia Commons / Quality images of automobiles,CC BY-SA 4.0 (https://creativecommons.org/licenses/by-sa/4.0)
normal-fcf0879d45b30d2d,normal/commons-145865998.jpg,normal,quality automobile photograph; requires no-damage review,Wikimedia Commons / Quality images of automobiles,https://commons.wikimedia.org/wiki/File:2024_BYD_Tang_GIMS_2024_1X7A2306.jpg,CC BY-SA 4.0 (https://creativecommons.org/licenses/by-sa/4.0),fcf0879d45b30d2df762b95eb45caf183d2e6df00c9cc7305ff7d0d9e119ac37,c9d49288d9c3c436,train,commons-145865998,accepted,Creator: Alexander-93; accepted under v2-visual-quality-rules-2026-09-06,Wikimedia Commons / Quality images of automobiles,CC BY-SA 4.0 (https://creativecommons.org/licenses/by-sa/4.0)
normal-207bbfcb3a6a632d,normal/commons-145866001.jpg,normal,quality automobile photograph; requires no-damage review,Wikimedia Commons / Quality images of automobiles,https://commons.wikimedia.org/wiki/File:2024_BYD_Tang_GIMS_2024_1X7A2342.jpg,CC BY-SA 4.0 (https://creativecommons.org/licenses/by-sa/4.0),207bbfcb3a6a632dcde5bbab811605f7eb2270f2d88d4bdebdf347c0e1aebe28,3cea9eb2e793d3df,train,commons-145866001,accepted,Creator: Alexander-93; accepted under v2-visual-quality-rules-2026-09-06,Wikimedia Commons / Quality images of automobiles,CC BY-SA 4.0 (https://creativecommons.org/licenses/by-sa/4.0)
normal-845e11a3e391e273,normal/commons-145882737.jpg,normal,quality automobile photograph; requires no-damage review,Wikimedia Commons / Quality images of automobiles,https://commons.wikimedia.org/wiki/File:2024_Dacia_Sandero_III_GIMS_2024_1X7A2018.jpg,CC BY-SA 4.0 (https://creativecommons.org/licenses/by-sa/4.0),845e11a3e391e27385a3e6d9cdd3488d277666025b9819b5057d709be00df4e5,c7c036374f181ed9,train,commons-145882737,accepted,Creator: Alexander-93; accepted under v2-visual-quality-rules-2026-09-06,Wikimedia Commons / Quality images of automobiles,CC BY-SA 4.0 (https://creativecommons.org/licenses/by-sa/4.0)
normal-cf2dca1313861fbd,normal/commons-145927505.jpg,normal,quality automobile photograph; requires no-damage review,Wikimedia Commons / Quality images of automobiles,"https://commons.wikimedia.org/wiki/File:BMW_3.0_CSL,_GIMS_2024,_Le_Grand-Saconnex_(GIMS0187).jpg",CC BY-SA 4.0 (https://creativecommons.org/licenses/by-sa/4.0/deed.en),cf2dca1313861fbd54b930832f0baf1eec1c562831d71d60d8588d6decb86659,febffc8cb197a6a6,train,commons-145927505,accepted,Creator: Matti Blume; accepted under v2-visual-quality-rules-2026-09-06,Wikimedia Commons / Quality images of automobiles,CC BY-SA 4.0 (https://creativecommons.org/licenses/by-sa/4.0/deed.en)
normal-032f357fed5723fa,normal/commons-146134321.jpg,normal,quality automobile photograph; requires no-damage review,Wikimedia Commons / Quality images of automobiles,https://commons.wikimedia.org/wiki/File:2024_Dacia_Jogger_Hybrid_GIMS_2024_1X7A2409.jpg,CC BY-SA 4.0 (https://creativecommons.org/licenses/by-sa/4.0),032f357fed5723fa837d3abef2014b11c0ab444897325d7df9e06083467ff37b,3876c5a78791d799,train,commons-146134321,accepted,Creator: Alexander-93; accepted under v2-visual-quality-rules-2026-09-06,Wikimedia Commons / Quality images of automobiles,CC BY-SA 4.0 (https://creativecommons.org/licenses/by-sa/4.0)
normal-0a9b71025dddd7ee,normal/commons-146134331.jpg,normal,quality automobile photograph; requires no-damage review,Wikimedia Commons / Quality images of automobiles,https://commons.wikimedia.org/wiki/File:2024_Dacia_Jogger_Hybrid_GIMS_2024_1X7A2413.jpg,CC BY-SA 4.0 (https://creativecommons.org/licenses/by-sa/4.0),0a9b71025dddd7eecd09a6cef3be03c8026bceac03b55585caa929376a93d312,c3a83272ccd19bcc,train,commons-146134331,accepted,Creator: Alexander-93; accepted under v2-visual-quality-rules-2026-09-06,Wikimedia Commons / Quality images of automobiles,CC BY-SA 4.0 (https://creativecommons.org/licenses/by-sa/4.0)
normal-a0a582f48d4058bb,normal/commons-146326364.jpg,normal,quality automobile photograph; requires no-damage review,Wikimedia Commons / Quality images of automobiles,https://commons.wikimedia.org/wiki/File:2024_Isuzu_D-Max_(third_generation)_GIMS_2024_1X7A2055.jpg,CC BY-SA 4.0 (https://creativecommons.org/licenses/by-sa/4.0),a0a582f48d4058bb107c02e71695d7d261ddc8cce41073d4d4df68c3dc0f171a,c3c98c961b388103,train,commons-146326364,accepted,Creator: Alexander-93; accepted under v2-visual-quality-rules-2026-09-06,Wikimedia Commons / Quality images of automobiles,CC BY-SA 4.0 (https://creativecommons.org/licenses/by-sa/4.0)
normal-a1f0f77059b830e7,normal/commons-146326397.jpg,normal,quality automobile photograph; requires no-damage review,Wikimedia Commons / Quality images of automobiles,https://commons.wikimedia.org/wiki/File:2024_Isuzu_D-Max_(third_generation)_GIMS_2024_1X7A2056.jpg,CC BY-SA 4.0 (https://creativecommons.org/licenses/by-sa/4.0),a1f0f77059b830e708f8418aa7439c1cc7166f2ed7c3058285890672d7f30910,7cfcfabba3e3d283,train,commons-146326397,accepted,Creator: Alexander-93; accepted under v2-visual-quality-rules-2026-09-06,Wikimedia Commons / Quality images of automobiles,CC BY-SA 4.0 (https://creativecommons.org/licenses/by-sa/4.0)
normal-55860155ab9b54c8,normal/commons-146458286.jpg,normal,quality automobile photograph; requires no-damage review,Wikimedia Commons / Quality images of automobiles,https://commons.wikimedia.org/wiki/File:2024_BYD_Tang_GIMS_2024_1X7A2258.jpg,CC BY-SA 4.0 (https://creativecommons.org/licenses/by-sa/4.0),55860155ab9b54c878e710d6848c82ebdab29cd36d71b215ce6c504938230d82,30f4daa6c793b3de,train,commons-146458286,accepted,Creator: Alexander-93; accepted under v2-visual-quality-rules-2026-09-06,Wikimedia Commons / Quality images of automobiles,CC BY-SA 4.0 (https://creativecommons.org/licenses/by-sa/4.0)
normal-db364d7b82b9f7a5,normal/commons-147141304.jpg,normal,quality automobile photograph; requires no-damage review,Wikimedia Commons / Quality images of automobiles,https://commons.wikimedia.org/wiki/File:At_Bristol_2006_018.jpg,CC BY-SA 4.0 (https://creativecommons.org/licenses/by-sa/4.0),db364d7b82b9f7a5b432b97d961d0899f22d860b3805686b12a6be77523aa4d7,9b180cb5554f89b4,train,commons-147141304,accepted,Creator: Photograph by Mike Peel (www.mikepeel.net).; accepted under v2-visual-quality-rules-2026-09-06,Wikimedia Commons / Quality images of automobiles,CC BY-SA 4.0 (https://creativecommons.org/licenses/by-sa/4.0)
normal-08fa2a317b1ca2be,normal/commons-148721571.jpg,normal,quality automobile photograph; requires no-damage review,Wikimedia Commons / Quality images of automobiles,"https://commons.wikimedia.org/wiki/File:Aston_Martin_Valkyrie,_TC_24,_Essen_(TCE42947).jpg",CC BY-SA 4.0 (https://creativecommons.org/licenses/by-sa/4.0/deed.en),08fa2a317b1ca2be3e1f8d10cdee4d940e503f97220766af46b44ba7aa7d3454,f6fef9e9c93bfb64,train,commons-148721571,accepted,Creator: Matti Blume; accepted under v2-visual-quality-rules-2026-09-06,Wikimedia Commons / Quality images of automobiles,CC BY-SA 4.0 (https://creativecommons.org/licenses/by-sa/4.0/deed.en)
normal-bdc04c0213ff2a6e,normal/commons-148721661.jpg,normal,quality automobile photograph; requires no-damage review,Wikimedia Commons / Quality images of automobiles,"https://commons.wikimedia.org/wiki/File:1950_Jaguar_Mark_V_2.5_DHC,_TC_24,_Essen_(TCE42662).jpg",CC BY-SA 4.0 (https://creativecommons.org/licenses/by-sa/4.0/deed.en),bdc04c0213ff2a6ebdddef247ff290d3c4a2534c72f2ff76ab857e48f03c031d,f01c5acb4d8d0976,train,commons-148721661,accepted,Creator: Matti Blume; accepted under v2-visual-quality-rules-2026-09-06,Wikimedia Commons / Quality images of automobiles,CC BY-SA 4.0 (https://creativecommons.org/licenses/by-sa/4.0/deed.en)
normal-17141214a211b14d,normal/commons-149049740.jpg,normal,quality automobile photograph; requires no-damage review,Wikimedia Commons / Quality images of automobiles,"https://commons.wikimedia.org/wiki/File:1929_Rolls-Royce_Phantom_II_Boattail,_TCE_24,_Essen_(TCE43400-RR).jpg",CC BY-SA 4.0 (https://creativecommons.org/licenses/by-sa/4.0/deed.en),17141214a211b14d18606f30ed6044d1a6ce512b192808c5d28aa37f20aee472,c4d8d2a30f6d6c6c,train,commons-149049740,accepted,Creator: Matti Blume; accepted under v2-visual-quality-rules-2026-09-06,Wikimedia Commons / Quality images of automobiles,CC BY-SA 4.0 (https://creativecommons.org/licenses/by-sa/4.0/deed.en)
normal-7342e5c587d1f32a,normal/commons-149445919.jpg,normal,quality automobile photograph; requires no-damage review,Wikimedia Commons / Quality images of automobiles,"https://commons.wikimedia.org/wiki/File:Aston_Martin_V12_Vantage,_TC_24,_Essen_(TCE42642).jpg",CC BY-SA 4.0 (https://creativecommons.org/licenses/by-sa/4.0/deed.en),7342e5c587d1f32a636c286141f8b7b3e9bb6aa07a24298d773b933411f10d03,f8e2eadca0a626b1,train,commons-149445919,accepted,Creator: Matti Blume; accepted under v2-visual-quality-rules-2026-09-06,Wikimedia Commons / Quality images of automobiles,CC BY-SA 4.0 (https://creativecommons.org/licenses/by-sa/4.0/deed.en)
normal-eafafd0bec39709f,normal/commons-151007973.jpg,normal,quality automobile photograph; requires no-damage review,Wikimedia Commons / Quality images of automobiles,"https://commons.wikimedia.org/wiki/File:BMW_Z8,_Motortreff_Bella_Italia_2024,_Munich_(P1190319-Pano).jpg",CC BY-SA 4.0 (https://creativecommons.org/licenses/by-sa/4.0/deed.en),eafafd0bec39709f2529d6e22995841b1e24f393aaf02423af5f6ad3677b4498,1e3aeba727dfd88e,train,commons-151007973,accepted,Creator: Matti Blume; accepted under v2-visual-quality-rules-2026-09-06,Wikimedia Commons / Quality images of automobiles,CC BY-SA 4.0 (https://creativecommons.org/licenses/by-sa/4.0/deed.en)
normal-4da9cd92609029b8,normal/commons-155026372.jpg,normal,quality automobile photograph; requires no-damage review,Wikimedia Commons / Quality images of automobiles,"https://commons.wikimedia.org/wiki/File:Auto_2024,_Zurich_(PANA1038).jpg",CC BY-SA 4.0 (https://creativecommons.org/licenses/by-sa/4.0/deed.en),4da9cd92609029b814533497848474690b7bc896bf5b349942cb03c5f68d1a3e,7af885270d0c9697,train,commons-155026372,accepted,Creator: Matti Blume; accepted under v2-visual-quality-rules-2026-09-06,Wikimedia Commons / Quality images of automobiles,CC BY-SA 4.0 (https://creativecommons.org/licenses/by-sa/4.0/deed.en)
normal-25f2bffa95aab6d2,normal/commons-155028434.jpg,normal,quality automobile photograph; requires no-damage review,Wikimedia Commons / Quality images of automobiles,"https://commons.wikimedia.org/wiki/File:Auto_2024,_Zurich_(PANA1029).jpg",CC BY-SA 4.0 (https://creativecommons.org/licenses/by-sa/4.0/deed.en),25f2bffa95aab6d23dc7757e31446de7daf071c5a187f7bdc03c2a9483c02416,66883613230b4656,train,commons-155028434,accepted,Creator: Matti Blume; accepted under v2-visual-quality-rules-2026-09-06,Wikimedia Commons / Quality images of automobiles,CC BY-SA 4.0 (https://creativecommons.org/licenses/by-sa/4.0/deed.en)
normal-7ab280aee7650f3d,normal/commons-155056679.jpg,normal,quality automobile photograph; requires no-damage review,Wikimedia Commons / Quality images of automobiles,"https://commons.wikimedia.org/wiki/File:Auto_2024,_Zurich_(PANA0883).jpg",CC BY-SA 4.0 (https://creativecommons.org/licenses/by-sa/4.0/deed.en),7ab280aee7650f3d7b9c2c3e494364c683385309047c409e5c0230c304d1c99f,e6f2c83a73619ee5,train,commons-155056679,accepted,Creator: Matti Blume; accepted under v2-visual-quality-rules-2026-09-06,Wikimedia Commons / Quality images of automobiles,CC BY-SA 4.0 (https://creativecommons.org/licenses/by-sa/4.0/deed.en)
normal-2260df2f63258100,normal/commons-16234456.jpg,normal,quality automobile photograph; requires no-damage review,Wikimedia Commons / Quality images of automobiles,https://commons.wikimedia.org/wiki/File:2011-08-13_189_FMR_TG_500.JPG,CC BY-SA 2.0 de (https://creativecommons.org/licenses/by-sa/2.0/de/deed.en),2260df2f6325810098f9e2363a76e534b4a82d9b574f7cc5d2e2545cbe83ad51,f8eca7cd37230cc6,train,commons-16234456,accepted,Creator: Lothar Spurzem; accepted under v2-visual-quality-rules-2026-09-06,Wikimedia Commons / Quality images of automobiles,CC BY-SA 2.0 de (https://creativecommons.org/licenses/by-sa/2.0/de/deed.en)
normal-6bcf0237747be195,normal/commons-163259483.jpg,normal,quality automobile photograph; requires no-damage review,Wikimedia Commons / Quality images of automobiles,"https://commons.wikimedia.org/wiki/File:18._ADAC_Stormarn_Classic,_Zarpen_(TR257232).jpg",CC BY-SA 4.0 (https://creativecommons.org/licenses/by-sa/4.0/deed.en),6bcf0237747be19525beeb09f54011ad2fd7f6642707e35e0269183780f0801c,1f47c18f11948cbd,train,commons-163259483,accepted,Creator: Matti Blume; accepted under v2-visual-quality-rules-2026-09-06,Wikimedia Commons / Quality images of automobiles,CC BY-SA 4.0 (https://creativecommons.org/licenses/by-sa/4.0/deed.en)
normal-69957ecf0a243c1e,normal/commons-163276452.jpg,normal,quality automobile photograph; requires no-damage review,Wikimedia Commons / Quality images of automobiles,"https://commons.wikimedia.org/wiki/File:18._ADAC_Stormarn_Classic,_Zarpen_(TR257255).jpg",CC BY-SA 4.0 (https://creativecommons.org/licenses/by-sa/4.0/deed.en),69957ecf0a243c1eae4c1014e373207c9faac526bf72ce129d0e5361eb95146d,8fcf6393a5ac8c8d,train,commons-163276452,accepted,Creator: Matti Blume; accepted under v2-visual-quality-rules-2026-09-06,Wikimedia Commons / Quality images of automobiles,CC BY-SA 4.0 (https://creativecommons.org/licenses/by-sa/4.0/deed.en)
normal-3e8f6b6ba65831fc,normal/commons-163343253.jpg,normal,quality automobile photograph; requires no-damage review,Wikimedia Commons / Quality images of automobiles,"https://commons.wikimedia.org/wiki/File:40._ADAC_Stormarn_Rallye,_Luetjensee_(TR256932).jpg",CC BY-SA 4.0 (https://creativecommons.org/licenses/by-sa/4.0/deed.en),3e8f6b6ba65831fc412e5e58e45275ab48996b12c7a1278d5e1fe78269e1a625,002133afb797d576,train,commons-163343253,accepted,Creator: Matti Blume; accepted under v2-visual-quality-rules-2026-09-06,Wikimedia Commons / Quality images of automobiles,CC BY-SA 4.0 (https://creativecommons.org/licenses/by-sa/4.0/deed.en)
normal-ba27e5b6425bfba3,normal/commons-163343302.jpg,normal,quality automobile photograph; requires no-damage review,Wikimedia Commons / Quality images of automobiles,"https://commons.wikimedia.org/wiki/File:18._ADAC_Stormarn_Classic,_Luetjensee_(P1045457).jpg",CC BY-SA 4.0 (https://creativecommons.org/licenses/by-sa/4.0/deed.en),ba27e5b6425bfba347d0e68dc514993ce2ada0b563dedaebf28bbffdf6df9903,67f8b1e5e391b6f2,train,commons-163343302,accepted,Creator: Matti Blume; accepted under v2-visual-quality-rules-2026-09-06,Wikimedia Commons / Quality images of automobiles,CC BY-SA 4.0 (https://creativecommons.org/licenses/by-sa/4.0/deed.en)
normal-9650000e87e5b647,normal/commons-163343324.jpg,normal,quality automobile photograph; requires no-damage review,Wikimedia Commons / Quality images of automobiles,"https://commons.wikimedia.org/wiki/File:14._ADAC_Stormarn_Retro,_Zarpen_(TR257093).jpg",CC BY-SA 4.0 (https://creativecommons.org/licenses/by-sa/4.0/deed.en),9650000e87e5b647204124515362b1ddced9e9f7861b0ce03b4aaceaa780371f,ac30c34b95a3e7e3,train,commons-163343324,accepted,Creator: Matti Blume; accepted under v2-visual-quality-rules-2026-09-06,Wikimedia Commons / Quality images of automobiles,CC BY-SA 4.0 (https://creativecommons.org/licenses/by-sa/4.0/deed.en)
normal-6f573be625f6af06,normal/commons-176270688.jpg,normal,quality automobile photograph; requires no-damage review,Wikimedia Commons / Quality images of automobiles,https://commons.wikimedia.org/wiki/File:1947_Tama.jpg,CC0 (http://creativecommons.org/publicdomain/zero/1.0/deed.en),6f573be625f6af06f933e819fd2d792f81c91406eaf8b7ba9a35e1e1cd8ec5e9,c0d82632380c9c91,train,commons-176270688,accepted,Creator: TTTNIS; accepted under v2-visual-quality-rules-2026-09-06,Wikimedia Commons / Quality images of automobiles,CC0 (http://creativecommons.org/publicdomain/zero/1.0/deed.en)
normal-d568a4ae75c5818d,normal/commons-176983186.jpg,normal,quality automobile photograph; requires no-damage review,Wikimedia Commons / Quality images of automobiles,https://commons.wikimedia.org/wiki/File:1960_Nash_Metropolitan.jpg,CC0 (http://creativecommons.org/publicdomain/zero/1.0/deed.en),d568a4ae75c5818da4d2d3aaab5949c03cbc5e0807a2d181717f37e221bdd58d,d024cfc73b33a6b8,train,commons-176983186,accepted,Creator: TTTNIS; accepted under v2-visual-quality-rules-2026-09-06,Wikimedia Commons / Quality images of automobiles,CC0 (http://creativecommons.org/publicdomain/zero/1.0/deed.en)
normal-e5d63eb94e51ca87,normal/commons-176985714.jpg,normal,quality automobile photograph; requires no-damage review,Wikimedia Commons / Quality images of automobiles,https://commons.wikimedia.org/wiki/File:1957_Z%C3%BCndapp_Janus_250_rear.jpg,CC0 (http://creativecommons.org/publicdomain/zero/1.0/deed.en),e5d63eb94e51ca87824ef4e311b29dffe2460b3683899fe71bd09c503eb1dccc,d098362e39d9db96,train,commons-176985714,accepted,Creator: TTTNIS; accepted under v2-visual-quality-rules-2026-09-06,Wikimedia Commons / Quality images of automobiles,CC0 (http://creativecommons.org/publicdomain/zero/1.0/deed.en)
normal-2bb66cadf1cd7cda,normal/commons-177797991.jpg,normal,quality automobile photograph; requires no-damage review,Wikimedia Commons / Quality images of automobiles,"https://commons.wikimedia.org/wiki/File:Alpine_A390,_Auto_2025,_Zurich_(20251029-P1074507).jpg",CC BY-SA 4.0 (https://creativecommons.org/licenses/by-sa/4.0/deed.en),2bb66cadf1cd7cda1a0572fb98d725f896d5abc74bdb5bd1547f007f0c8f372e,86c4b4f383db93d5,train,commons-177797991,accepted,Creator: Matti Blume; accepted under v2-visual-quality-rules-2026-09-06,Wikimedia Commons / Quality images of automobiles,CC BY-SA 4.0 (https://creativecommons.org/licenses/by-sa/4.0/deed.en)
normal-b072c484c35351b9,normal/commons-191175290.jpg,normal,quality automobile photograph; requires no-damage review,Wikimedia Commons / Quality images of automobiles,https://commons.wikimedia.org/wiki/File:2024_Mitsuoka_Buddy.jpg,CC0 (http://creativecommons.org/publicdomain/zero/1.0/deed.en),b072c484c35351b95b7f38dcd37454677211dbc7552642789c06a84a3b90d609,e0c817131b34141a,train,commons-191175290,accepted,Creator: TTTNIS; accepted under v2-visual-quality-rules-2026-09-06,Wikimedia Commons / Quality images of automobiles,CC0 (http://creativecommons.org/publicdomain/zero/1.0/deed.en)
normal-a69892b2e25c0a59,normal/commons-20256566.jpg,normal,quality automobile photograph; requires no-damage review,Wikimedia Commons / Quality images of automobiles,https://commons.wikimedia.org/wiki/File:12-07-14-wikimania-wdc-by-RalfR-23.jpg,CC BY-SA 3.0 (https://creativecommons.org/licenses/by-sa/3.0),a69892b2e25c0a5916db6972e776b48202904cc9f6c15f71b058da01ca19b5ea,17687c540a60510b,train,commons-20256566,accepted,Creator: Ralf Roletschek (talk) - Infos über Fahrräder auf fahrradmonteur.de Wikis in der Ausbildung; accepted under v2-visual-quality-rules-2026-09-06,Wikimedia Commons / Quality images of automobiles,CC BY-SA 3.0 (https://creativecommons.org/licenses/by-sa/3.0)
normal-7e5f6d06e6b4ed00,normal/commons-21412381.jpg,normal,quality automobile photograph; requires no-damage review,Wikimedia Commons / Quality images of automobiles,https://commons.wikimedia.org/wiki/File:Alvis_Angoul%C3%AAme_2012.jpg,CC BY-SA 3.0 (https://creativecommons.org/licenses/by-sa/3.0),7e5f6d06e6b4ed005727f3f9ce2769ee49a9e0865788f8006e3451d57415cb29,ff01c8ccc4d836ce,train,commons-21412381,accepted,Creator: JLPC; accepted under v2-visual-quality-rules-2026-09-06,Wikimedia Commons / Quality images of automobiles,CC BY-SA 3.0 (https://creativecommons.org/licenses/by-sa/3.0)
normal-f3f635f7180f04f5,normal/commons-30389429.jpg,normal,quality automobile photograph; requires no-damage review,Wikimedia Commons / Quality images of automobiles,https://commons.wikimedia.org/wiki/File:2009_Spyker_C8_Spyder_rL.jpg,CC BY-SA 3.0 (https://creativecommons.org/licenses/by-sa/3.0),f3f635f7180f04f5091abf99ce1fba1e44ddbef60450c06777201e3c9148ffcc,73c1c49a1f524252,train,commons-30389429,accepted,Creator: Mr.choppers; accepted under v2-visual-quality-rules-2026-09-06,Wikimedia Commons / Quality images of automobiles,CC BY-SA 3.0 (https://creativecommons.org/licenses/by-sa/3.0)
normal-eda3e94cd260b004,normal/commons-35570480.jpg,normal,quality automobile photograph; requires no-damage review,Wikimedia Commons / Quality images of automobiles,https://commons.wikimedia.org/wiki/File:14-08-09-london-taxi-RalfR-08.jpg,GFDL 1.2 (http://www.gnu.org/licenses/old-licenses/fdl-1.2.html),eda3e94cd260b004324fad6c79b86cbc6b8f3e451f4777a8af6c90796dd2e486,b6f895a54f127a7a,train,commons-35570480,accepted,Creator: Ralf Roletschek; accepted under v2-visual-quality-rules-2026-09-06,Wikimedia Commons / Quality images of automobiles,GFDL 1.2 (http://www.gnu.org/licenses/old-licenses/fdl-1.2.html)
normal-3f03c0f9fc9f08cf,normal/commons-35570512.jpg,normal,quality automobile photograph; requires no-damage review,Wikimedia Commons / Quality images of automobiles,https://commons.wikimedia.org/wiki/File:14-08-09-london-taxi-RalfR-11.jpg,GFDL 1.2 (http://www.gnu.org/licenses/old-licenses/fdl-1.2.html),3f03c0f9fc9f08cf1d847166a1c738b60b09842c816710bb13146e46f5548d78,63c0d05c5c5f4b5b,train,commons-35570512,accepted,Creator: Ralf Roletschek; accepted under v2-visual-quality-rules-2026-09-06,Wikimedia Commons / Quality images of automobiles,GFDL 1.2 (http://www.gnu.org/licenses/old-licenses/fdl-1.2.html)
normal-82c41caa5fca2793,normal/commons-37897559.jpg,normal,quality automobile photograph; requires no-damage review,Wikimedia Commons / Quality images of automobiles,"https://commons.wikimedia.org/wiki/File:2014_Suchum,_UAZ_469.jpg",CC BY-SA 4.0 (https://creativecommons.org/licenses/by-sa/4.0),82c41caa5fca279310ec45cba0d4b04eeaeb389e2d8e3d17f450cb5d30e11a0a,d0dcc688b0c99d35,train,commons-37897559,accepted,Creator: Hons084; accepted under v2-visual-quality-rules-2026-09-06,Wikimedia Commons / Quality images of automobiles,CC BY-SA 4.0 (https://creativecommons.org/licenses/by-sa/4.0)
normal-97ad9dea1672e657,normal/commons-39657617.jpg,normal,quality automobile photograph; requires no-damage review,Wikimedia Commons / Quality images of automobiles,"https://commons.wikimedia.org/wiki/File:Alvis_Speed_20_4,3_Litre_Special,_Bj._1935,_4300_cm%C2%B3,_140_PS_(2007-07-22).jpg",CC BY-SA 2.0 de (https://creativecommons.org/licenses/by-sa/2.0/de/deed.en),97ad9dea1672e6573c8d382ef71de95808fcdf608f5d0fc8f6cb177d2d47ab39,b078eb8b4411136c,train,commons-39657617,accepted,Creator: Lothar Spurzem; accepted under v2-visual-quality-rules-2026-09-06,Wikimedia Commons / Quality images of automobiles,CC BY-SA 2.0 de (https://creativecommons.org/licenses/by-sa/2.0/de/deed.en)
normal-ab84fceda4915602,normal/commons-42159550.jpg,normal,quality automobile photograph; requires no-damage review,Wikimedia Commons / Quality images of automobiles,https://commons.wikimedia.org/wiki/File:15-07-16-Straszenszenen-Mexico-RalfR-WMA_1074.jpg,GFDL 1.2 (http://www.gnu.org/licenses/old-licenses/fdl-1.2.html),ab84fceda49156020d083147f0e7a43f66c5c2c235c44f7dba6c60acf3a57103,787cc68503c3d369,train,commons-42159550,accepted,Creator: Ralf Roletschek; accepted under v2-visual-quality-rules-2026-09-06,Wikimedia Commons / Quality images of automobiles,GFDL 1.2 (http://www.gnu.org/licenses/old-licenses/fdl-1.2.html)
normal-7e4f3fcb0494c813,normal/commons-48952304.jpg,normal,quality automobile photograph; requires no-damage review,Wikimedia Commons / Quality images of automobiles,https://commons.wikimedia.org/wiki/File:Alvis_Speed_20_SC_-_1935.jpg,CC BY-SA 4.0 (https://creativecommons.org/licenses/by-sa/4.0),7e4f3fcb0494c813cd25568f03c834ca27840474c6420cbdf4aa557c11d05300,dcccacb4170e1703,train,commons-48952304,accepted,Creator: DeFacto; accepted under v2-visual-quality-rules-2026-09-06,Wikimedia Commons / Quality images of automobiles,CC BY-SA 4.0 (https://creativecommons.org/licenses/by-sa/4.0)
normal-845ca4b0dc2301ae,normal/commons-53377932.jpg,normal,quality automobile photograph; requires no-damage review,Wikimedia Commons / Quality images of automobiles,https://commons.wikimedia.org/wiki/File:16-11-16-Glasgow_street_scene-RR2_7280.jpg,GFDL 1.2 (http://www.gnu.org/licenses/old-licenses/fdl-1.2.html),845ca4b0dc2301ae6924c920a15e37432f50da75a63c100778ff3bb1cad2c802,c0e0f85b68f2d373,train,commons-53377932,accepted,Creator: Ralf Roletschek; accepted under v2-visual-quality-rules-2026-09-06,Wikimedia Commons / Quality images of automobiles,GFDL 1.2 (http://www.gnu.org/licenses/old-licenses/fdl-1.2.html)
normal-fdbdf17aa41f4a32,normal/commons-5350129.jpg,normal,quality automobile photograph; requires no-damage review,Wikimedia Commons / Quality images of automobiles,"https://commons.wikimedia.org/wiki/File:AFM_50,_1971_cm%C2%B3,_Bj._1950_(2008-06-28).jpg",CC BY-SA 2.0 de (https://creativecommons.org/licenses/by-sa/2.0/de/deed.en),fdbdf17aa41f4a3249a5bfadd65c28cc46893028c73b9fa2bf05ef3733560aa5,3370e4a70f9ea5a9,train,commons-5350129,accepted,Creator: Spurzem - Lothar Spurzem; accepted under v2-visual-quality-rules-2026-09-06,Wikimedia Commons / Quality images of automobiles,CC BY-SA 2.0 de (https://creativecommons.org/licenses/by-sa/2.0/de/deed.en)
normal-108ff819e067afdc,normal/commons-60336008.jpg,normal,quality automobile photograph; requires no-damage review,Wikimedia Commons / Quality images of automobiles,https://commons.wikimedia.org/wiki/File:Armstrong_Siddeley_1937_(front).jpg,CC BY-SA 4.0 (https://creativecommons.org/licenses/by-sa/4.0),108ff819e067afdca6de3e7705014bfe0c4af3ca501f6fc34b2298aef9125a59,b08c8c8c0a0b4c4e,train,commons-60336008,accepted,Creator: Palauenc05; accepted under v2-visual-quality-rules-2026-09-06,Wikimedia Commons / Quality images of automobiles,CC BY-SA 4.0 (https://creativecommons.org/licenses/by-sa/4.0)
normal-e0627a3204722981,normal/commons-60736570.jpg,normal,quality automobile photograph; requires no-damage review,Wikimedia Commons / Quality images of automobiles,https://commons.wikimedia.org/wiki/File:17-07-02-Maidan_Nezalezhnosti_RR74420.jpg,GFDL 1.2 (http://www.gnu.org/licenses/old-licenses/fdl-1.2.html),e0627a3204722981c4ed647a2d8db3bd1413c1b33880c4acc63916d514e2d2a8,f8f8c0ae871d8c66,train,commons-60736570,accepted,Creator: Ralf Roletschek; accepted under v2-visual-quality-rules-2026-09-06,Wikimedia Commons / Quality images of automobiles,GFDL 1.2 (http://www.gnu.org/licenses/old-licenses/fdl-1.2.html)
normal-0dad68eab7d2e5a8,normal/commons-60736574.jpg,normal,quality automobile photograph; requires no-damage review,Wikimedia Commons / Quality images of automobiles,https://commons.wikimedia.org/wiki/File:17-07-02-Maidan_Nezalezhnosti_RR74421.jpg,GFDL 1.2 (http://www.gnu.org/licenses/old-licenses/fdl-1.2.html),0dad68eab7d2e5a86d0acce03cfa7f34267ffe4d6af00864dc093528602651fe,e0c01a1f4f6e7062,train,commons-60736574,accepted,Creator: Ralf Roletschek; accepted under v2-visual-quality-rules-2026-09-06,Wikimedia Commons / Quality images of automobiles,GFDL 1.2 (http://www.gnu.org/licenses/old-licenses/fdl-1.2.html)
normal-9e781f383c56e18c,normal/commons-61966336.jpg,normal,quality automobile photograph; requires no-damage review,Wikimedia Commons / Quality images of automobiles,https://commons.wikimedia.org/wiki/File:BNC-1928.jpg,CC BY-SA 4.0 (https://creativecommons.org/licenses/by-sa/4.0),9e781f383c56e18cb5dcee518cc095017cf0e7319caeeccbbb715bc36a3177e7,379ba3bc16c5a267,train,commons-61966336,accepted,Creator: Palauenc05; accepted under v2-visual-quality-rules-2026-09-06,Wikimedia Commons / Quality images of automobiles,CC BY-SA 4.0 (https://creativecommons.org/licenses/by-sa/4.0)
normal-9e145c7adfb7df06,normal/commons-67788381.jpg,normal,quality automobile photograph; requires no-damage review,Wikimedia Commons / Quality images of automobiles,"https://commons.wikimedia.org/wiki/File:BMW_M1,_Techno-Classica_2018,_Essen_(IMG_0063).jpg",CC BY-SA 4.0 (https://creativecommons.org/licenses/by-sa/4.0),9e145c7adfb7df064d7b423e1c8e191b742db7cadcd3c8f43bf8a66d27017962,3b797cf82c98c347,train,commons-67788381,accepted,Creator: Matti Blume; accepted under v2-visual-quality-rules-2026-09-06,Wikimedia Commons / Quality images of automobiles,CC BY-SA 4.0 (https://creativecommons.org/licenses/by-sa/4.0)
normal-76103ca29fdd2407,normal/commons-72805026.jpg,normal,quality automobile photograph; requires no-damage review,Wikimedia Commons / Quality images of automobiles,"https://commons.wikimedia.org/wiki/File:2018-09-14_(703)_KLF-A_Schwarzenbach_an_der_Pielach_(Baujahr_2008)_and_MTF-A_Schwarzenbach_an_der_Pielach_(Baujahr_2010)_at_Unterabschnitts-%C3%9Cbung_at_Haltgraben,_Tiefgrabenrotte,_Frankenfels,_Austria.jpg",CC BY-SA 4.0 (https://creativecommons.org/licenses/by-sa/4.0),76103ca29fdd24072c0a6868dd089a5168f43090d114dd376d805818971a69e3,070f1e175337375f,train,commons-72805026,accepted,Creator: GT1976; accepted under v2-visual-quality-rules-2026-09-06,Wikimedia Commons / Quality images of automobiles,CC BY-SA 4.0 (https://creativecommons.org/licenses/by-sa/4.0)
normal-5492c24953a6ac62,normal/commons-81064351.jpg,normal,quality automobile photograph; requires no-damage review,Wikimedia Commons / Quality images of automobiles,https://commons.wikimedia.org/wiki/File:Austrian_500_US-CAR_DAYS_2019_113.jpg,CC BY-SA 3.0 (https://creativecommons.org/licenses/by-sa/3.0),5492c24953a6ac627ade9c8bbd6504b4d49f8cb15ebac862dbde573f62b760af,06e89cbbb3a6e1e1,train,commons-81064351,accepted,Creator: Tobias ToMar Maier; accepted under v2-visual-quality-rules-2026-09-06,Wikimedia Commons / Quality images of automobiles,CC BY-SA 3.0 (https://creativecommons.org/licenses/by-sa/3.0)
normal-59394b08a9540444,normal/commons-81578778.jpg,normal,quality automobile photograph; requires no-damage review,Wikimedia Commons / Quality images of automobiles,"https://commons.wikimedia.org/wiki/File:1939_Delage_D6_Grand_Prix,_front_right_(Brooklyn).jpg",CC BY-SA 3.0 (https://creativecommons.org/licenses/by-sa/3.0),59394b08a9540444d7a7425420af8344d7002c97f0035ff34dd1cfe15700c372,c6e1c076620d85a5,train,commons-81578778,accepted,Creator: Mr.choppers; accepted under v2-visual-quality-rules-2026-09-06,Wikimedia Commons / Quality images of automobiles,CC BY-SA 3.0 (https://creativecommons.org/licenses/by-sa/3.0)
normal-c21d884355d8d5f9,normal/commons-81578814.jpg,normal,quality automobile photograph; requires no-damage review,Wikimedia Commons / Quality images of automobiles,https://commons.wikimedia.org/wiki/File:2018_Brilliance_V7.jpg,CC BY 4.0 (https://creativecommons.org/licenses/by/4.0),c21d884355d8d5f9b2f22a170fb191900ff133147d35b9e0a2a6587db72541e7,f1c9d0d8a4c6c65a,train,commons-81578814,accepted,Creator: User3204; accepted under v2-visual-quality-rules-2026-09-06,Wikimedia Commons / Quality images of automobiles,CC BY 4.0 (https://creativecommons.org/licenses/by/4.0)
normal-7d502008ce04331e,normal/commons-81630136.jpg,normal,quality automobile photograph; requires no-damage review,Wikimedia Commons / Quality images of automobiles,https://commons.wikimedia.org/wiki/File:2015_BAIC_Weiwang_M30D_(front).jpg,CC BY 4.0 (https://creativecommons.org/licenses/by/4.0),7d502008ce04331e1b750e8eba63c69e8df46da277fddae548c5d3bb409d59ec,e1a0b4b29a9c0e03,train,commons-81630136,accepted,Creator: User3204; accepted under v2-visual-quality-rules-2026-09-06,Wikimedia Commons / Quality images of automobiles,CC BY 4.0 (https://creativecommons.org/licenses/by/4.0)
normal-811eece5ff6f7946,normal/commons-85293738.jpg,normal,quality automobile photograph; requires no-damage review,Wikimedia Commons / Quality images of automobiles,https://commons.wikimedia.org/wiki/File:2019_Chang%27an_CS75_Plus_(front).jpg,CC BY-SA 4.0 (https://creativecommons.org/licenses/by-sa/4.0),811eece5ff6f7946bcb829dddee3bfb22f96b29aa4e3cdc5bb6ceb6cad2f212c,e3f0a49adc7e3e93,train,commons-85293738,accepted,Creator: User3204; accepted under v2-visual-quality-rules-2026-09-06,Wikimedia Commons / Quality images of automobiles,CC BY-SA 4.0 (https://creativecommons.org/licenses/by-sa/4.0)
normal-538c009ad29fa164,normal/commons-86703049.jpg,normal,quality automobile photograph; requires no-damage review,Wikimedia Commons / Quality images of automobiles,https://commons.wikimedia.org/wiki/File:Alpine_Renault_A110-1972_-20190922-RM-115426.jpg,CC BY-SA 4.0 (https://creativecommons.org/licenses/by-sa/4.0),538c009ad29fa1649452dada44a5bef3daedc2445e9f18f704bc97f3ddda6b1a,2ea3f9e0239189a5,train,commons-86703049,accepted,Creator: Ermell; accepted under v2-visual-quality-rules-2026-09-06,Wikimedia Commons / Quality images of automobiles,CC BY-SA 4.0 (https://creativecommons.org/licenses/by-sa/4.0)
rust-4cfbaa57e3ada1f9,rust/hitl-16e5c3be42e3ad9d.jpg,rust,Corrosion,Humans in the Loop Car Parts and Car Damages Dataset,https://huggingface.co/datasets/DrBimmer/car-parts-and-damage-dataset/resolve/2dbf46f7e23eb0d6f551d38e4f77a11fe9d045b9/Car%20parts%20dataset/File1/img/Car%20damages%20121.png,CC0-1.0,4cfbaa57e3ada1f93cfcb7af6956ca0652635e1db45eb228f18a7fbaac1ae6c1,d2edc6c2c8ca9734,train,Car parts dataset/File1/img/Car damages 121.png,accepted,"Pinned mirror revision 2dbf46f7e23eb0d6f551d38e4f77a11fe9d045b9; annotation Car parts dataset/File1/ann/Car damages 121.png.json; crop (238, 254, 334, 350); accepted under v2-visual-quality-rules-2026-09-06",Humans in the Loop Car Parts and Car Damages Dataset,CC0-1.0
rust-b8306f078cb28918,rust/hitl-b3f0b13eca06c5bc.jpg,rust,Corrosion,Humans in the Loop Car Parts and Car Damages Dataset,https://huggingface.co/datasets/DrBimmer/car-parts-and-damage-dataset/resolve/2dbf46f7e23eb0d6f551d38e4f77a11fe9d045b9/Car%20parts%20dataset/File1/img/Car%20damages%201332.png,CC0-1.0,b8306f078cb2891873a456346ec5f100c85145aaea66023ac29c65d74d5cc66c,eafa05c20f2c5e40,train,Car parts dataset/File1/img/Car damages 1332.png,accepted,"Pinned mirror revision 2dbf46f7e23eb0d6f551d38e4f77a11fe9d045b9; annotation Car parts dataset/File1/ann/Car damages 1332.png.json; crop (294, 389, 448, 543); accepted under v2-visual-quality-rules-2026-09-06",Humans in the Loop Car Parts and Car Damages Dataset,CC0-1.0
rust-3aa0a9d792cdadc9,rust/hitl-9631f57879e8c41f.jpg,rust,Corrosion,Humans in the Loop Car Parts and Car Damages Dataset,https://huggingface.co/datasets/DrBimmer/car-parts-and-damage-dataset/resolve/2dbf46f7e23eb0d6f551d38e4f77a11fe9d045b9/Car%20parts%20dataset/File1/img/Car%20damages%201351.png,CC0-1.0,3aa0a9d792cdadc9f200b509e5198116bf38b8d33129a7d9594ff8b379f72a4a,c066785e3f1f0733,train,Car parts dataset/File1/img/Car damages 1351.png,accepted,"Pinned mirror revision 2dbf46f7e23eb0d6f551d38e4f77a11fe9d045b9; annotation Car parts dataset/File1/ann/Car damages 1351.png.json; crop (201, 320, 305, 423); accepted under v2-visual-quality-rules-2026-09-06",Humans in the Loop Car Parts and Car Damages Dataset,CC0-1.0
rust-39ccdf45afb57f1b,rust/hitl-8b024a8a24601359.jpg,rust,Corrosion,Humans in the Loop Car Parts and Car Damages Dataset,https://huggingface.co/datasets/DrBimmer/car-parts-and-damage-dataset/resolve/2dbf46f7e23eb0d6f551d38e4f77a11fe9d045b9/Car%20parts%20dataset/File1/img/Car%20damages%20258.png,CC0-1.0,39ccdf45afb57f1bc896c79ec0030a4b35d4c80e54a0aa50205b554b8256ef4e,ccfe5e369bcfc56e,train,Car parts dataset/File1/img/Car damages 258.png,accepted,"Pinned mirror revision 2dbf46f7e23eb0d6f551d38e4f77a11fe9d045b9; annotation Car parts dataset/File1/ann/Car damages 258.png.json; crop (365, 357, 496, 488); accepted under v2-visual-quality-rules-2026-09-06",Humans in the Loop Car Parts and Car Damages Dataset,CC0-1.0
rust-4163a57b858b440b,rust/hitl-3a0eaab924985c4b.jpg,rust,Corrosion,Humans in the Loop Car Parts and Car Damages Dataset,https://huggingface.co/datasets/DrBimmer/car-parts-and-damage-dataset/resolve/2dbf46f7e23eb0d6f551d38e4f77a11fe9d045b9/Car%20parts%20dataset/File1/img/Car%20damages%20288.png,CC0-1.0,4163a57b858b440bb08e295a413079ca38246eb31aed66f909c43997c4a861ee,fa3c38324408115a,train,Car parts dataset/File1/img/Car damages 288.png,accepted,"Pinned mirror revision 2dbf46f7e23eb0d6f551d38e4f77a11fe9d045b9; annotation Car parts dataset/File1/ann/Car damages 288.png.json; crop (605, 272, 732, 399); accepted under v2-visual-quality-rules-2026-09-06",Humans in the Loop Car Parts and Car Damages Dataset,CC0-1.0
rust-cfd9cd568cebaf09,rust/hitl-cdfc90dd8561885f.jpg,rust,Corrosion,Humans in the Loop Car Parts and Car Damages Dataset,https://huggingface.co/datasets/DrBimmer/car-parts-and-damage-dataset/resolve/2dbf46f7e23eb0d6f551d38e4f77a11fe9d045b9/Car%20parts%20dataset/File1/img/Car%20damages%20391.png,CC0-1.0,cfd9cd568cebaf0946ffe1aac9dd532cbc287e3c29cd29ee2cd8cb3f0ef74d7d,c07e47c101024fc5,train,Car parts dataset/File1/img/Car damages 391.png,accepted,"Pinned mirror revision 2dbf46f7e23eb0d6f551d38e4f77a11fe9d045b9; annotation Car parts dataset/File1/ann/Car damages 391.png.json; crop (201, 0, 798, 597); accepted under v2-visual-quality-rules-2026-09-06",Humans in the Loop Car Parts and Car Damages Dataset,CC0-1.0
rust-e0e48fce4b9b291a,rust/hitl-247b7982b7c63ea3.jpg,rust,Corrosion,Humans in the Loop Car Parts and Car Damages Dataset,https://huggingface.co/datasets/DrBimmer/car-parts-and-damage-dataset/resolve/2dbf46f7e23eb0d6f551d38e4f77a11fe9d045b9/Car%20parts%20dataset/File1/img/Car%20damages%20426.png,CC0-1.0,e0e48fce4b9b291a3ff819dd0b84ce726a247f5f64f5f04d2bacab3847c55fba,e36ce1cf9c9c8c08,train,Car parts dataset/File1/img/Car damages 426.png,accepted,"Pinned mirror revision 2dbf46f7e23eb0d6f551d38e4f77a11fe9d045b9; annotation Car parts dataset/File1/ann/Car damages 426.png.json; crop (272, 436, 368, 532); accepted under v2-visual-quality-rules-2026-09-06",Humans in the Loop Car Parts and Car Damages Dataset,CC0-1.0
rust-274b001069c64ce8,rust/hitl-4f1807d12aaf56af.jpg,rust,Corrosion,Humans in the Loop Car Parts and Car Damages Dataset,https://huggingface.co/datasets/DrBimmer/car-parts-and-damage-dataset/resolve/2dbf46f7e23eb0d6f551d38e4f77a11fe9d045b9/Car%20parts%20dataset/File1/img/Car%20damages%20447.png,CC0-1.0,274b001069c64ce81a482d36b99fd397ca313eb3092dc70913d130711f172d10,139f43f0e0000000,train,Car parts dataset/File1/img/Car damages 447.png,accepted,"Pinned mirror revision 2dbf46f7e23eb0d6f551d38e4f77a11fe9d045b9; annotation Car parts dataset/File1/ann/Car damages 447.png.json; crop (247, 110, 557, 421); accepted under v2-visual-quality-rules-2026-09-06",Humans in the Loop Car Parts and Car Damages Dataset,CC0-1.0
rust-21c3e17381103d60,rust/hitl-fe59a12ed049e3cf.jpg,rust,Corrosion,Humans in the Loop Car Parts and Car Damages Dataset,https://huggingface.co/datasets/DrBimmer/car-parts-and-damage-dataset/resolve/2dbf46f7e23eb0d6f551d38e4f77a11fe9d045b9/Car%20parts%20dataset/File1/img/Car%20damages%20701.png,CC0-1.0,21c3e17381103d60184f593dc2a352f74f0c8e50b3f7ced30d3cf8af68365d94,fb1fcee6f37fc3f9,train,Car parts dataset/File1/img/Car damages 701.png,accepted,"Pinned mirror revision 2dbf46f7e23eb0d6f551d38e4f77a11fe9d045b9; annotation Car parts dataset/File1/ann/Car damages 701.png.json; crop (195, 266, 298, 369); accepted under v2-visual-quality-rules-2026-09-06",Humans in the Loop Car Parts and Car Damages Dataset,CC0-1.0
rust-0e58995766aada46,rust/hitl-c3f6eddabd6e726c.jpg,rust,Corrosion,Humans in the Loop Car Parts and Car Damages Dataset,https://huggingface.co/datasets/DrBimmer/car-parts-and-damage-dataset/resolve/2dbf46f7e23eb0d6f551d38e4f77a11fe9d045b9/Car%20parts%20dataset/File1/img/Car%20damages%20818.png,CC0-1.0,0e58995766aada4655079f9136e388ed0c31d9cc24a01b71f32c85cb5b27f5f1,0080f1fd8cad7796,train,Car parts dataset/File1/img/Car damages 818.png,accepted,"Pinned mirror revision 2dbf46f7e23eb0d6f551d38e4f77a11fe9d045b9; annotation Car parts dataset/File1/ann/Car damages 818.png.json; crop (208, 270, 304, 366); accepted under v2-visual-quality-rules-2026-09-06",Humans in the Loop Car Parts and Car Damages Dataset,CC0-1.0
rust-7cecec8d31e0ac48,rust/hitl-3f1f76849f7804ae.jpg,rust,Corrosion,Humans in the Loop Car Parts and Car Damages Dataset,https://huggingface.co/datasets/DrBimmer/car-parts-and-damage-dataset/resolve/2dbf46f7e23eb0d6f551d38e4f77a11fe9d045b9/Car%20parts%20dataset/File1/img/Car%20damages%20889.png,CC0-1.0,7cecec8d31e0ac48cbbbe23d3d73b8e35a6700be818898ddc660fde81ac56031,7318589c6a1998c8,train,Car parts dataset/File1/img/Car damages 889.png,accepted,"Pinned mirror revision 2dbf46f7e23eb0d6f551d38e4f77a11fe9d045b9; annotation Car parts dataset/File1/ann/Car damages 889.png.json; crop (186, 259, 282, 355); accepted under v2-visual-quality-rules-2026-09-06",Humans in the Loop Car Parts and Car Damages Dataset,CC0-1.0
rust-0b0737a0d2a33442,rust/hitl-c60198fd3f264d04.jpg,rust,Corrosion,Humans in the Loop Car Parts and Car Damages Dataset,https://huggingface.co/datasets/DrBimmer/car-parts-and-damage-dataset/resolve/2dbf46f7e23eb0d6f551d38e4f77a11fe9d045b9/Car%20parts%20dataset/File1/img/Car%20damages%20936.png,CC0-1.0,0b0737a0d2a334429e8e93c2587001558db350435126892a521495b881ea6063,d1a6a72763c70f1d,train,Car parts dataset/File1/img/Car damages 936.png,accepted,"Pinned mirror revision 2dbf46f7e23eb0d6f551d38e4f77a11fe9d045b9; annotation Car parts dataset/File1/ann/Car damages 936.png.json; crop (254, 252, 350, 348); accepted under v2-visual-quality-rules-2026-09-06",Humans in the Loop Car Parts and Car Damages Dataset,CC0-1.0
rust-09d8516574c28736,rust/hitl-7cc1ad7bddea447d.jpg,rust,Corrosion,Humans in the Loop Car Parts and Car Damages Dataset,https://huggingface.co/datasets/DrBimmer/car-parts-and-damage-dataset/resolve/2dbf46f7e23eb0d6f551d38e4f77a11fe9d045b9/Car%20parts%20dataset/File1/img/Car%20damages%20993.png,CC0-1.0,09d8516574c28736374ca3d8b71075a96d29f63106abdb95f6abdf84d56ffc52,251000fcfbfdfef7,train,Car parts dataset/File1/img/Car damages 993.png,accepted,"Pinned mirror revision 2dbf46f7e23eb0d6f551d38e4f77a11fe9d045b9; annotation Car parts dataset/File1/ann/Car damages 993.png.json; crop (306, 288, 402, 384); accepted under v2-visual-quality-rules-2026-09-06",Humans in the Loop Car Parts and Car Damages Dataset,CC0-1.0
rust-b23d28ac65a36117,rust/commons-10010499.jpg,rust,Rusty automobiles; requires body-panel corrosion review,Wikimedia Commons / Rusty automobiles,https://commons.wikimedia.org/wiki/File:03_Falcon_Wreck.jpg,CC BY 2.0 (https://creativecommons.org/licenses/by/2.0),b23d28ac65a361177e8e2a08040411b43fde3f2ba73b756d76caba05af22e388,fcf0ec8c32b0e4c0,train,commons-10010499,accepted,Creator: https://www.flickr.com/photos/jonathan_hamner/; accepted under v2-visual-quality-rules-2026-09-06,Wikimedia Commons / Rusty automobiles,CC BY 2.0 (https://creativecommons.org/licenses/by/2.0)
rust-614039a814f3c486,rust/commons-10677323.jpg,rust,Rusty automobiles; requires body-panel corrosion review,Wikimedia Commons / Rusty automobiles,https://commons.wikimedia.org/wiki/File:Damaged_Volkswagen_Golf.jpg,CC BY-SA 3.0 (https://creativecommons.org/licenses/by-sa/3.0),614039a814f3c48647f25a7618a936580ff39b87e05abb9a8ac85a1a43a51bf6,793f78e1631acf47,train,commons-10677323,accepted,Creator: TCY; accepted under v2-visual-quality-rules-2026-09-06,Wikimedia Commons / Rusty automobiles,CC BY-SA 3.0 (https://creativecommons.org/licenses/by-sa/3.0)
rust-671e4ef927514e91,rust/commons-108168403.jpg,rust,Rusty automobiles; requires body-panel corrosion review,Wikimedia Commons / Rusty automobiles,https://commons.wikimedia.org/wiki/File:Eend_in%27t_groen_-_Duck_in_green_(16789998189).jpg,CC BY 2.0 (https://creativecommons.org/licenses/by/2.0),671e4ef927514e918605be5af59cc3f4c8b5a3aeb876bb66a4f7f5376f7091fb,742e2f5d2e79ed6d,train,commons-108168403,accepted,"Creator: Luc.T from Buggenhout, België; accepted under v2-visual-quality-rules-2026-09-06",Wikimedia Commons / Rusty automobiles,CC BY 2.0 (https://creativecommons.org/licenses/by/2.0)
rust-ca5a8e03ee5e0c13,rust/commons-12483187.jpg,rust,Rusty automobiles; requires body-panel corrosion review,Wikimedia Commons / Rusty automobiles,https://commons.wikimedia.org/wiki/File:Burnt-out_car_on_the_edge_of_Headon_clay_pit_-_geograph.org.uk_-_313094.jpg,CC BY-SA 2.0 (https://creativecommons.org/licenses/by-sa/2.0),ca5a8e03ee5e0c132785a66fef16b57b49d39b79dacaade92f7ac3826f0890db,2b989864e6de8793,train,commons-12483187,accepted,Creator: Derek Harper; accepted under v2-visual-quality-rules-2026-09-06,Wikimedia Commons / Rusty automobiles,CC BY-SA 2.0 (https://creativecommons.org/licenses/by-sa/2.0)
rust-bae3f03b9f1e06de,rust/commons-126631590.jpg,rust,Rusty automobiles; requires body-panel corrosion review,Wikimedia Commons / Rusty automobiles,https://commons.wikimedia.org/wiki/File:GER_Wuppertal_Johannes-Rau-Platz_02.jpg,CC BY-SA 4.0 (https://creativecommons.org/licenses/by-sa/4.0),bae3f03b9f1e06de0fb7057e77007ce6d45ab15c10d0ac1a00b1ecbe1d3fba0e,08c1e0982737a3e6,train,commons-126631590,accepted,Creator: -wuppertaler; accepted under v2-visual-quality-rules-2026-09-06,Wikimedia Commons / Rusty automobiles,CC BY-SA 4.0 (https://creativecommons.org/licenses/by-sa/4.0)
rust-68990ae0715bb41b,rust/commons-126937583.jpg,rust,Rusty automobiles; requires body-panel corrosion review,Wikimedia Commons / Rusty automobiles,https://commons.wikimedia.org/wiki/File:3_1956_Chevy_Bel_Airs_and_1_1956_Chevy_210_on_Historic_Car_Carrier.jpg,CC BY-SA 4.0 (https://creativecommons.org/licenses/by-sa/4.0),68990ae0715bb41b5975bc542bc308d5d44d2ad5ea96480a92e79ed4e933ad89,b53bded5e6d7e0e0,train,commons-126937583,accepted,Creator: DanTD; accepted under v2-visual-quality-rules-2026-09-06,Wikimedia Commons / Rusty automobiles,CC BY-SA 4.0 (https://creativecommons.org/licenses/by-sa/4.0)
rust-9c487eb1eeec5773,rust/commons-129992225.jpg,rust,Rusty automobiles; requires body-panel corrosion review,Wikimedia Commons / Rusty automobiles,https://commons.wikimedia.org/wiki/File:Coffee_Break_at_Noorsveld_Farms_..._(52653647482).jpg,CC BY-SA 2.0 (https://creativecommons.org/licenses/by-sa/2.0),9c487eb1eeec577372301264d94f7132aafb49fe4d7584c2771b9d765bb09be6,686ccc2c268ead35,train,commons-129992225,accepted,Creator: Bernard DUPONT from FRANCE; accepted under v2-visual-quality-rules-2026-09-06,Wikimedia Commons / Rusty automobiles,CC BY-SA 2.0 (https://creativecommons.org/licenses/by-sa/2.0)
rust-c0242bc6633d576a,rust/commons-142081902.jpg,rust,Rusty automobiles; requires body-panel corrosion review,Wikimedia Commons / Rusty automobiles,"https://commons.wikimedia.org/wiki/File:EMS_2023,_Essen_(P1170015).jpg",CC BY-SA 4.0 (https://creativecommons.org/licenses/by-sa/4.0),c0242bc6633d576a82e51821a3fa0ed88af26e93f632e4e9b5a5a78d5e17936b,f8c7b13c3e94b909,train,commons-142081902,accepted,Creator: MB-one; accepted under v2-visual-quality-rules-2026-09-06,Wikimedia Commons / Rusty automobiles,CC BY-SA 4.0 (https://creativecommons.org/licenses/by-sa/4.0)
rust-ab6b6b2fdb17b3bb,rust/commons-14400582.jpg,rust,Rusty automobiles; requires body-panel corrosion review,Wikimedia Commons / Rusty automobiles,https://commons.wikimedia.org/wiki/File:Coanwood_Station_Master%27s_House_-_geograph.org.uk_-_1640310.jpg,CC BY-SA 2.0 (https://creativecommons.org/licenses/by-sa/2.0),ab6b6b2fdb17b3bb406efa0066823c7a1373a98ce31121c9655183494a7057de,73674331539585b7,train,commons-14400582,accepted,Creator: Les Hull; accepted under v2-visual-quality-rules-2026-09-06,Wikimedia Commons / Rusty automobiles,CC BY-SA 2.0 (https://creativecommons.org/licenses/by-sa/2.0)
rust-7ccc1a864a5b3db4,rust/commons-14897268.jpg,rust,Rusty automobiles; requires body-panel corrosion review,Wikimedia Commons / Rusty automobiles,https://commons.wikimedia.org/wiki/File:Needs_Some_Work.jpg,CC BY 2.0 (https://creativecommons.org/licenses/by/2.0),7ccc1a864a5b3db4938ddf386a94b09cc89745ca6143be51337007863425cdb5,3cecd70c4dd18565,train,commons-14897268,accepted,Creator: JOHN LLOYD; accepted under v2-visual-quality-rules-2026-09-06,Wikimedia Commons / Rusty automobiles,CC BY 2.0 (https://creativecommons.org/licenses/by/2.0)
rust-1ad390350da0bc8f,rust/commons-149568103.jpg,rust,Rusty automobiles; requires body-panel corrosion review,Wikimedia Commons / Rusty automobiles,https://commons.wikimedia.org/wiki/File:Abandoned_Porsche_car_Hatfield_Broad_Oak_Essex_England.jpg,CC BY-SA 4.0 (https://creativecommons.org/licenses/by-sa/4.0),1ad390350da0bc8f5df186bdb4f4a232c6e98cc4436e509d5bf1f9ed62a48cba,c22e3b0f0f3f2489,train,commons-149568103,accepted,Creator: Acabashi; accepted under v2-visual-quality-rules-2026-09-06,Wikimedia Commons / Rusty automobiles,CC BY-SA 4.0 (https://creativecommons.org/licenses/by-sa/4.0)
rust-47cc816d820b1ff3,rust/commons-15889638.jpg,rust,Rusty automobiles; requires body-panel corrosion review,Wikimedia Commons / Rusty automobiles,https://commons.wikimedia.org/wiki/File:Polski_Fiat_125p_MR%2782_1500_on_Rajska_street_in_Krak%C3%B3w_(2).jpg,CC BY-SA 3.0 (https://creativecommons.org/licenses/by-sa/3.0),47cc816d820b1ff335b6ed0da18b5d2b895c3e94ec446f63739c3250aafca07e,6537bda5cb4b4e43,train,commons-15889638,accepted,Creator: SuperTank17; accepted under v2-visual-quality-rules-2026-09-06,Wikimedia Commons / Rusty automobiles,CC BY-SA 3.0 (https://creativecommons.org/licenses/by-sa/3.0)
rust-c7fdf89e7f520d36,rust/commons-170694110.jpg,rust,Rusty automobiles; requires body-panel corrosion review,Wikimedia Commons / Rusty automobiles,https://commons.wikimedia.org/wiki/File:Kop_Hill_Climb_2014_(15186869647).jpg,CC BY 2.0 (https://creativecommons.org/licenses/by/2.0),c7fdf89e7f520d3695f220f0c95135bc1049abdb2316c97c9666ae3691a8fb3b,d3e3a70312623939,train,commons-170694110,accepted,Creator: PSParrot; accepted under v2-visual-quality-rules-2026-09-06,Wikimedia Commons / Rusty automobiles,CC BY 2.0 (https://creativecommons.org/licenses/by/2.0)
rust-0db2d7d3cc5e1d86,rust/commons-174158157.jpg,rust,Rusty automobiles; requires body-panel corrosion review,Wikimedia Commons / Rusty automobiles,https://commons.wikimedia.org/wiki/File:1999_UAZ_31514_beige_rear.jpg,CC0 (http://creativecommons.org/publicdomain/zero/1.0/deed.en),0db2d7d3cc5e1d8641c994319b20ef43e0d859d97dc3f28c33aedcd2d44c009b,d2c69525476e66cf,train,commons-174158157,accepted,Creator: Throwawayacc222; accepted under v2-visual-quality-rules-2026-09-06,Wikimedia Commons / Rusty automobiles,CC0 (http://creativecommons.org/publicdomain/zero/1.0/deed.en)
rust-af64e61d0f3e59a3,rust/commons-178209938.jpg,rust,Rusty automobiles; requires body-panel corrosion review,Wikimedia Commons / Rusty automobiles,https://commons.wikimedia.org/wiki/File:1987_BMW_E28_M535i_3430cc_abandoned_Hatfield_Broad_Oak_Essex_England_front_view.jpg,CC BY-SA 4.0 (https://creativecommons.org/licenses/by-sa/4.0),af64e61d0f3e59a355e0a0c3143159975918a0c463ad56e73c915a7d4b533f09,e0b0b4b82f2a2a2b,train,commons-178209938,accepted,Creator: Acabashi; accepted under v2-visual-quality-rules-2026-09-06,Wikimedia Commons / Rusty automobiles,CC BY-SA 4.0 (https://creativecommons.org/licenses/by-sa/4.0)
rust-0aef19b903c5a898,rust/commons-178222826.jpg,rust,Rusty automobiles; requires body-panel corrosion review,Wikimedia Commons / Rusty automobiles,https://commons.wikimedia.org/wiki/File:1987_BMW_E28_M535i_3430cc_abandoned_Hatfield_Broad_Oak_Essex_England_rear_view_56.5_mb.jpg,CC BY-SA 4.0 (https://creativecommons.org/licenses/by-sa/4.0),0aef19b903c5a8988c86f47e446ec252a404f5e517c187c6feab195a83daf2b5,24e0f0ccccc0a30a,train,commons-178222826,accepted,Creator: Acabashi; accepted under v2-visual-quality-rules-2026-09-06,Wikimedia Commons / Rusty automobiles,CC BY-SA 4.0 (https://creativecommons.org/licenses/by-sa/4.0)
rust-0f0e54586f9fa39e,rust/commons-182272025.jpg,rust,Rusty automobiles; requires body-panel corrosion review,Wikimedia Commons / Rusty automobiles,https://commons.wikimedia.org/wiki/File:Andrea_Stahl_Portrait_Oberentfelden_2023.jpg,CC BY 4.0 (https://creativecommons.org/licenses/by/4.0),0f0e54586f9fa39e2a60e9b7b62e37ecedcd0309ed4e360203b05dbccbac61ce,3e9869edf9b99bd3,train,commons-182272025,accepted,Creator: WerkstattAS; accepted under v2-visual-quality-rules-2026-09-06,Wikimedia Commons / Rusty automobiles,CC BY 4.0 (https://creativecommons.org/licenses/by/4.0)
rust-0d4f96ece99037aa,rust/commons-21178003.jpg,rust,Rusty automobiles; requires body-panel corrosion review,Wikimedia Commons / Rusty automobiles,https://commons.wikimedia.org/wiki/File:Ford_Mustang_GT_with_bench_seat_exterior.jpg,CC0 (http://creativecommons.org/publicdomain/zero/1.0/deed.en),0d4f96ece99037aa003c948fbf3b23a11233aa71167b973fc4d300697daeddd6,c391c0989ef7e3c0,train,commons-21178003,accepted,"Creator: CZmarlin — Christopher Ziemnowicz, releases all rights but a photo credit would be appreciated if this image is used anywhere other than Wikipedia. Please leave a note at Wikipedia here. Thank you!; accepted under v2-visual-quality-rules-2026-09-06",Wikimedia Commons / Rusty automobiles,CC0 (http://creativecommons.org/publicdomain/zero/1.0/deed.en)
rust-6effa8e2cd9681bc,rust/commons-21211922.jpg,rust,Rusty automobiles; requires body-panel corrosion review,Wikimedia Commons / Rusty automobiles,https://commons.wikimedia.org/wiki/File:Flickr_-_Nicholas_T_-_Bygone_(2).jpg,CC BY 2.0 (https://creativecommons.org/licenses/by/2.0),6effa8e2cd9681bcae8091bc9765d5af4a7561b8bbe136a36c9bb65d1a534591,f0ecacacc2d3990d,train,commons-21211922,accepted,"Creator: Nicholas A. Tonelli from Pennsylvania, USA; accepted under v2-visual-quality-rules-2026-09-06",Wikimedia Commons / Rusty automobiles,CC BY 2.0 (https://creativecommons.org/licenses/by/2.0)
rust-2cf37d62f5bd6380,rust/commons-21211936.jpg,rust,Rusty automobiles; requires body-panel corrosion review,Wikimedia Commons / Rusty automobiles,https://commons.wikimedia.org/wiki/File:Flickr_-_Nicholas_T_-_Bygone_(3).jpg,CC BY 2.0 (https://creativecommons.org/licenses/by/2.0),2cf37d62f5bd63802a35090bd9b89cc7aa22a250a7e57b04edec374dc11c7be1,cfd6d6d656961b1b,train,commons-21211936,accepted,"Creator: Nicholas A. Tonelli from Pennsylvania, USA; accepted under v2-visual-quality-rules-2026-09-06",Wikimedia Commons / Rusty automobiles,CC BY 2.0 (https://creativecommons.org/licenses/by/2.0)
rust-e8d5d0ed06d632d1,rust/commons-21251367.jpg,rust,Rusty automobiles; requires body-panel corrosion review,Wikimedia Commons / Rusty automobiles,https://commons.wikimedia.org/wiki/File:Flickr_-_Hugo90_-_Pile_It_Up.jpg,CC BY 2.0 (https://creativecommons.org/licenses/by/2.0),e8d5d0ed06d632d1af93c71d7daf71747e3560a6eef49b8be414e7af550b5a02,7a3a73626a4e4cea,train,commons-21251367,accepted,"Creator: JOHN LLOYD from Concrete, Washington, United States; accepted under v2-visual-quality-rules-2026-09-06",Wikimedia Commons / Rusty automobiles,CC BY 2.0 (https://creativecommons.org/licenses/by/2.0)
rust-8e63ce49b4895740,rust/commons-21251844.jpg,rust,Rusty automobiles; requires body-panel corrosion review,Wikimedia Commons / Rusty automobiles,https://commons.wikimedia.org/wiki/File:Flickr_-_Hugo90_-_Old_Ambulance.jpg,CC BY 2.0 (https://creativecommons.org/licenses/by/2.0),8e63ce49b48957403c49fd07de54ce401e66fe14a4c770034e50767baf9bd701,cbcdd5961d7c3c19,train,commons-21251844,accepted,"Creator: JOHN LLOYD from Concrete, Washington, United States; accepted under v2-visual-quality-rules-2026-09-06",Wikimedia Commons / Rusty automobiles,CC BY 2.0 (https://creativecommons.org/licenses/by/2.0)
rust-1aedb5aa56142a13,rust/commons-21252022.jpg,rust,Rusty automobiles; requires body-panel corrosion review,Wikimedia Commons / Rusty automobiles,https://commons.wikimedia.org/wiki/File:Flickr_-_Hugo90_-_Skoda_Felicia.jpg,CC BY 2.0 (https://creativecommons.org/licenses/by/2.0),1aedb5aa56142a1348e5f1c56ed1ff92e91443c49d455661297a73227311341d,055fb3b9b787be6f,train,commons-21252022,accepted,"Creator: JOHN LLOYD from Concrete, Washington, United States; accepted under v2-visual-quality-rules-2026-09-06",Wikimedia Commons / Rusty automobiles,CC BY 2.0 (https://creativecommons.org/licenses/by/2.0)
rust-1a2da53a8865b81d,rust/commons-23113661.jpg,rust,Rusty automobiles; requires body-panel corrosion review,Wikimedia Commons / Rusty automobiles,https://commons.wikimedia.org/wiki/File:Damaged_Mercedes.jpg,CC BY-SA 3.0 (https://creativecommons.org/licenses/by-sa/3.0),1a2da53a8865b81db3738547d3084ba4732a4ed93a41a5b80891e06751d6f5c8,4fe6eb49034dddc9,train,commons-23113661,accepted,Creator: Ryanandlenny; accepted under v2-visual-quality-rules-2026-09-06,Wikimedia Commons / Rusty automobiles,CC BY-SA 3.0 (https://creativecommons.org/licenses/by-sa/3.0)
rust-d187c16e50c9e245,rust/commons-24660556.jpg,rust,Rusty automobiles; requires body-panel corrosion review,Wikimedia Commons / Rusty automobiles,https://commons.wikimedia.org/wiki/File:In_the_back_shed_(5710173612).jpg,CC BY 2.0 (https://creativecommons.org/licenses/by/2.0),d187c16e50c9e245a51d536540acea02bd2139e00c5989b1ae1bf675e8cd50b4,071f5b170fc70109,train,commons-24660556,accepted,"Creator: aussiegall from sydney, Australia; accepted under v2-visual-quality-rules-2026-09-06",Wikimedia Commons / Rusty automobiles,CC BY 2.0 (https://creativecommons.org/licenses/by/2.0)
rust-898d801120de0f71,rust/commons-29335085.jpg,rust,Rusty automobiles; requires body-panel corrosion review,Wikimedia Commons / Rusty automobiles,https://commons.wikimedia.org/wiki/File:Land_Rover_(7685777642).jpg,CC BY 2.0 (https://creativecommons.org/licenses/by/2.0),898d801120de0f7191097b8d34a472666415244275fcb6af2685b2c1e42cc1e9,5a595cce28d99158,train,commons-29335085,accepted,Creator: Peter Gronemann from Switzerland; accepted under v2-visual-quality-rules-2026-09-06,Wikimedia Commons / Rusty automobiles,CC BY 2.0 (https://creativecommons.org/licenses/by/2.0)
rust-c8f1a2c6bf7277dd,rust/commons-29836489.jpg,rust,Rusty automobiles; requires body-panel corrosion review,Wikimedia Commons / Rusty automobiles,https://commons.wikimedia.org/wiki/File:Plymouth-Belvedere-4300.jpg,CC BY-SA 3.0 (https://creativecommons.org/licenses/by-sa/3.0),c8f1a2c6bf7277dd7994dc837fded0582cd679ebb62ffa9a112c4a2d8dee489b,473096ce6cfcd1b2,train,commons-29836489,accepted,Creator: Loadmaster (David R. Tribble) This image was made by Loadmaster (David R. Tribble). Email the author: David R. Tribble Also see my personal gallery at Google Photos; accepted under v2-visual-quality-rules-2026-09-06,Wikimedia Commons / Rusty automobiles,CC BY-SA 3.0 (https://creativecommons.org/licenses/by-sa/3.0)
rust-c6a9e69e99e34cc2,rust/commons-3403768.jpg,rust,Rusty automobiles; requires body-panel corrosion review,Wikimedia Commons / Rusty automobiles,https://commons.wikimedia.org/wiki/File:MGMidget-rear.jpg,CC BY-SA 2.0 (https://creativecommons.org/licenses/by-sa/2.0),c6a9e69e99e34cc2fb36912981497de6b75ff57abff5a282ed6490c3841b17bf,b9f7cecf8f8be354,train,commons-3403768,accepted,Creator: dave_7; accepted under v2-visual-quality-rules-2026-09-06,Wikimedia Commons / Rusty automobiles,CC BY-SA 2.0 (https://creativecommons.org/licenses/by-sa/2.0)
rust-14bc64869f774428,rust/commons-38605445.jpg,rust,Rusty automobiles; requires body-panel corrosion review,Wikimedia Commons / Rusty automobiles,https://commons.wikimedia.org/wiki/File:Rotten_Anglia_(14313707215).jpg,CC BY 2.0 (https://creativecommons.org/licenses/by/2.0),14bc64869f774428880b3a98a7a3bbad2a6309a89a59bc2e612830d02aeaa757,3b9389c1d4a0a030,train,commons-38605445,accepted,"Creator: Kieran White from Manchester, England; accepted under v2-visual-quality-rules-2026-09-06",Wikimedia Commons / Rusty automobiles,CC BY 2.0 (https://creativecommons.org/licenses/by/2.0)
rust-b77b262250fab4fa,rust/commons-39544712.jpg,rust,Rusty automobiles; requires body-panel corrosion review,Wikimedia Commons / Rusty automobiles,https://commons.wikimedia.org/wiki/File:Honda_Passport_Frame_Rust.jpg,CC BY-SA 3.0 (https://creativecommons.org/licenses/by-sa/3.0),b77b262250fab4fa8fea3cbcf81ecf34fb73edc175114b65e116dc503bfaf595,21a3878e8ac66666,train,commons-39544712,accepted,Creator: Run gmc; accepted under v2-visual-quality-rules-2026-09-06,Wikimedia Commons / Rusty automobiles,CC BY-SA 3.0 (https://creativecommons.org/licenses/by-sa/3.0)
rust-2f328b2a046e1397,rust/commons-41571549.jpg,rust,Rusty automobiles; requires body-panel corrosion review,Wikimedia Commons / Rusty automobiles,https://commons.wikimedia.org/wiki/File:A_burnt_out_Porsche_911_classic_Targa_at_Hatfield_Broad_Oak_Essex_England.jpg,CC BY-SA 4.0 (https://creativecommons.org/licenses/by-sa/4.0),2f328b2a046e1397917caa7afa8a6692e1c6d907b5116fa3f844701f1da0e643,164783b2f0c96b58,train,commons-41571549,accepted,Creator: Acabashi; accepted under v2-visual-quality-rules-2026-09-06,Wikimedia Commons / Rusty automobiles,CC BY-SA 4.0 (https://creativecommons.org/licenses/by-sa/4.0)
rust-b093864b38453dfa,rust/commons-58148509.jpg,rust,Rusty automobiles; requires body-panel corrosion review,Wikimedia Commons / Rusty automobiles,https://commons.wikimedia.org/wiki/File:Ford_Country_Squire_Station_Wagon_(1954)_-_8856804519.jpg,CC BY 2.0 (https://creativecommons.org/licenses/by/2.0),b093864b38453dfa56c33f74f49f5f3885cdfcbe66b44878f90a0fab7b83fc3d,b9bcce1c1d781998,train,commons-58148509,accepted,Creator: SG2012; accepted under v2-visual-quality-rules-2026-09-06,Wikimedia Commons / Rusty automobiles,CC BY 2.0 (https://creativecommons.org/licenses/by/2.0)
rust-9c38f584ac3b53be,rust/commons-61972731.jpg,rust,Rusty automobiles; requires body-panel corrosion review,Wikimedia Commons / Rusty automobiles,https://commons.wikimedia.org/wiki/File:Abandoned_Lada_2104_(VAZ_2104)_Rear.jpg,CC BY-SA 4.0 (https://creativecommons.org/licenses/by-sa/4.0),9c38f584ac3b53bec40fcc627b89f5566da3fd0bfe130b74fbd916a4ca7c40e0,91180e4e01233231,train,commons-61972731,accepted,Creator: KGC626; accepted under v2-visual-quality-rules-2026-09-06,Wikimedia Commons / Rusty automobiles,CC BY-SA 4.0 (https://creativecommons.org/licenses/by-sa/4.0)
rust-4f3c367435eab4d1,rust/commons-63315002.jpg,rust,Rusty automobiles; requires body-panel corrosion review,Wikimedia Commons / Rusty automobiles,https://commons.wikimedia.org/wiki/File:Chevrolet_Caprice_3rd_Generation_Police_Cruiser_Very_Rusty.jpg,CC BY-SA 4.0 (https://creativecommons.org/licenses/by-sa/4.0),4f3c367435eab4d1199dee4d2959717db9ec77938e54dbd418f5766976c0e881,0078e03733d74d49,train,commons-63315002,accepted,Creator: Jacek Rużyczka; accepted under v2-visual-quality-rules-2026-09-06,Wikimedia Commons / Rusty automobiles,CC BY-SA 4.0 (https://creativecommons.org/licenses/by-sa/4.0)
rust-6a62e572055fb7af,rust/commons-66269376.jpg,rust,Rusty automobiles; requires body-panel corrosion review,Wikimedia Commons / Rusty automobiles,https://commons.wikimedia.org/wiki/File:Dodge_4_Door_(38723001324).jpg,CC BY-SA 2.0 (https://creativecommons.org/licenses/by-sa/2.0),6a62e572055fb7af41cd6d3110919281e09e9d99f6fdd6291984e1ca83a908ba,78ee85850706b198,train,commons-66269376,accepted,Creator: Triple-green; accepted under v2-visual-quality-rules-2026-09-06,Wikimedia Commons / Rusty automobiles,CC BY-SA 2.0 (https://creativecommons.org/licenses/by-sa/2.0)
rust-2e66142e08c4d444,rust/commons-68363363.jpg,rust,Rusty automobiles; requires body-panel corrosion review,Wikimedia Commons / Rusty automobiles,https://commons.wikimedia.org/wiki/File:Car-wreck-3183452_1920.jpg,CC0 (http://creativecommons.org/publicdomain/zero/1.0/deed.en),2e66142e08c4d444c4e279d1d616ab7bed6d31c3b7848ccd1cc514fc21449fc5,8cc852236eaded2d,train,commons-68363363,accepted,Creator: Bluesnap; accepted under v2-visual-quality-rules-2026-09-06,Wikimedia Commons / Rusty automobiles,CC0 (http://creativecommons.org/publicdomain/zero/1.0/deed.en)
rust-480d0d18903e7dbe,rust/commons-69252731.jpg,rust,Rusty automobiles; requires body-panel corrosion review,Wikimedia Commons / Rusty automobiles,https://commons.wikimedia.org/wiki/File:DeSoto_Firedome_(8152045361).jpg,CC BY 2.0 (https://creativecommons.org/licenses/by/2.0),480d0d18903e7dbeafcc5b9096122631c7cfe36afc57fb27abca999b044b3a13,7cfa936b6f664b93,train,commons-69252731,accepted,"Creator: Greg Gjerdingen from Willmar, USA; accepted under v2-visual-quality-rules-2026-09-06",Wikimedia Commons / Rusty automobiles,CC BY 2.0 (https://creativecommons.org/licenses/by/2.0)
rust-cbb01e73ea5ca6d1,rust/commons-76715833.jpg,rust,Rusty automobiles; requires body-panel corrosion review,Wikimedia Commons / Rusty automobiles,https://commons.wikimedia.org/wiki/File:Ford_Taurus_Rust.jpg,CC0 (http://creativecommons.org/publicdomain/zero/1.0/deed.en),cbb01e73ea5ca6d18d57700af12da097e28e918b853ed405b79a4d11c22a984b,e523656170b67718,train,commons-76715833,accepted,Creator: Cameron Hill; accepted under v2-visual-quality-rules-2026-09-06,Wikimedia Commons / Rusty automobiles,CC0 (http://creativecommons.org/publicdomain/zero/1.0/deed.en)
rust-2ce9f46d3c975a2f,rust/commons-780755.jpg,rust,Rusty automobiles; requires body-panel corrosion review,Wikimedia Commons / Rusty automobiles,https://commons.wikimedia.org/wiki/File:Lada_Nova2.jpg,CC BY 2.0 (https://creativecommons.org/licenses/by/2.0),2ce9f46d3c975a2f15e2e1f598f94d48801eb50685c2f9364db4c908131fb6b4,cb3b79799d0d9cf2,train,commons-780755,accepted,"Creator: Jan Voigtmann (FastPhive) from Chemnitz, Germany; accepted under v2-visual-quality-rules-2026-09-06",Wikimedia Commons / Rusty automobiles,CC BY 2.0 (https://creativecommons.org/licenses/by/2.0)
rust-869732a7c8cc007d,rust/commons-8649822.jpg,rust,Rusty automobiles; requires body-panel corrosion review,Wikimedia Commons / Rusty automobiles,https://commons.wikimedia.org/wiki/File:Archangelos001.JPG,CC BY-SA 3.0 (https://creativecommons.org/licenses/by-sa/3.0),869732a7c8cc007dd720919dea786e1a9ed14c72245a8516777775acedd3dd5b,25a1c94840636046,train,commons-8649822,accepted,Creator: User:Piotrus; accepted under v2-visual-quality-rules-2026-09-06,Wikimedia Commons / Rusty automobiles,CC BY-SA 3.0 (https://creativecommons.org/licenses/by-sa/3.0)
rust-c726fe9c23db231d,rust/commons-89012736.jpg,rust,Rusty automobiles; requires body-panel corrosion review,Wikimedia Commons / Rusty automobiles,https://commons.wikimedia.org/wiki/File:Ancienne_plaque_d%27immatriculation_d%27un_v%C3%A9hicule.jpg,CC BY-SA 4.0 (https://creativecommons.org/licenses/by-sa/4.0),c726fe9c23db231d9cf5ea1b807a2aee616298f940a2f502f7541b569517f074,e498c2b2de3c114f,train,commons-89012736,accepted,Creator: Babacar Dioum; accepted under v2-visual-quality-rules-2026-09-06,Wikimedia Commons / Rusty automobiles,CC BY-SA 4.0 (https://creativecommons.org/licenses/by-sa/4.0)
rust-9403fc49e3fee018,rust/commons-9798759.jpg,rust,Rusty automobiles; requires body-panel corrosion review,Wikimedia Commons / Rusty automobiles,https://commons.wikimedia.org/wiki/File:Desert_Queen_Ranch_-_Willy%27s_Jeep.jpg,CC BY 3.0 (https://creativecommons.org/licenses/by/3.0),9403fc49e3fee018c16805867032aebcd47e1023a5d966b1aacac9f2ee4aaaa9,3f7eccd4d1c14fcf,train,commons-9798759,accepted,Creator: Jarek Tuszyński; accepted under v2-visual-quality-rules-2026-09-06,Wikimedia Commons / Rusty automobiles,CC BY 3.0 (https://creativecommons.org/licenses/by/3.0)
rust-abbe8fc296122548,rust/commons-982535.jpg,rust,Rusty automobiles; requires body-panel corrosion review,Wikimedia Commons / Rusty automobiles,https://commons.wikimedia.org/wiki/File:Citro%C3%ABn_2CV_-_1960.jpg,CC BY-SA 3.0 (http://creativecommons.org/licenses/by-sa/3.0/),abbe8fc2961225485f1ea3d686eae712335c4388fcf94e35c1591bd1fe702154,fcc19a3b634f4d3d,train,commons-982535,accepted,"Creator: Users João Neves, Ericd, BigFatBuddha on en.wikipedia; accepted under v2-visual-quality-rules-2026-09-06",Wikimedia Commons / Rusty automobiles,CC BY-SA 3.0 (http://creativecommons.org/licenses/by-sa/3.0/)
scratch-20f6c64f387ec1a2,scratch/hitl-a192ca1fe161b5fa.jpg,scratch,Scratch,Humans in the Loop Car Parts and Car Damages Dataset,https://huggingface.co/datasets/DrBimmer/car-parts-and-damage-dataset/resolve/2dbf46f7e23eb0d6f551d38e4f77a11fe9d045b9/Car%20parts%20dataset/File1/img/Car%20damages%201076.png,CC0-1.0,20f6c64f387ec1a23b208663d75683784cfbc0d5b5e75ac74cf386e33fb7a927,bf905349464aceb6,train,Car parts dataset/File1/img/Car damages 1076.png,accepted,"Pinned mirror revision 2dbf46f7e23eb0d6f551d38e4f77a11fe9d045b9; annotation Car parts dataset/File1/ann/Car damages 1076.png.json; crop (242, 347, 338, 443); accepted under v2-visual-quality-rules-2026-09-06",Humans in the Loop Car Parts and Car Damages Dataset,CC0-1.0
scratch-ef6c438437a32857,scratch/hitl-517c4dac6e04caba.jpg,scratch,Scratch,Humans in the Loop Car Parts and Car Damages Dataset,https://huggingface.co/datasets/DrBimmer/car-parts-and-damage-dataset/resolve/2dbf46f7e23eb0d6f551d38e4f77a11fe9d045b9/Car%20parts%20dataset/File1/img/Car%20damages%201085.png,CC0-1.0,ef6c438437a32857b9a01f940f609960088f1415094b3ae43d1f89c3e690e37f,860701216670e4a0,train,Car parts dataset/File1/img/Car damages 1085.png,accepted,"Pinned mirror revision 2dbf46f7e23eb0d6f551d38e4f77a11fe9d045b9; annotation Car parts dataset/File1/ann/Car damages 1085.png.json; crop (304, 342, 400, 438); accepted under v2-visual-quality-rules-2026-09-06",Humans in the Loop Car Parts and Car Damages Dataset,CC0-1.0
scratch-426ecf0fe9e4a3e1,scratch/hitl-c25e85f2a012f499.jpg,scratch,Scratch,Humans in the Loop Car Parts and Car Damages Dataset,https://huggingface.co/datasets/DrBimmer/car-parts-and-damage-dataset/resolve/2dbf46f7e23eb0d6f551d38e4f77a11fe9d045b9/Car%20parts%20dataset/File1/img/Car%20damages%20112.png,CC0-1.0,426ecf0fe9e4a3e138a5a73983d67c0ec1c09f5dd674d436b53681ff4d5a54b9,cbcb9f1f3f7fffff,train,Car parts dataset/File1/img/Car damages 112.png,accepted,"Pinned mirror revision 2dbf46f7e23eb0d6f551d38e4f77a11fe9d045b9; annotation Car parts dataset/File1/ann/Car damages 112.png.json; crop (46, 244, 149, 346); accepted under v2-visual-quality-rules-2026-09-06",Humans in the Loop Car Parts and Car Damages Dataset,CC0-1.0
scratch-e555821dea1869b2,scratch/hitl-aea04fd8ae43b6ac.jpg,scratch,Scratch,Humans in the Loop Car Parts and Car Damages Dataset,https://huggingface.co/datasets/DrBimmer/car-parts-and-damage-dataset/resolve/2dbf46f7e23eb0d6f551d38e4f77a11fe9d045b9/Car%20parts%20dataset/File1/img/Car%20damages%201147.png,CC0-1.0,e555821dea1869b296be9dd8637ecfedb8c7d6267463c3fbcd6c4260e71b73cb,032103033c9319a5,train,Car parts dataset/File1/img/Car damages 1147.png,accepted,"Pinned mirror revision 2dbf46f7e23eb0d6f551d38e4f77a11fe9d045b9; annotation Car parts dataset/File1/ann/Car damages 1147.png.json; crop (5, 172, 153, 320); accepted under v2-visual-quality-rules-2026-09-06",Humans in the Loop Car Parts and Car Damages Dataset,CC0-1.0
scratch-f62e4e4e423b49da,scratch/hitl-c5f43f5ca272f663.jpg,scratch,Scratch,Humans in the Loop Car Parts and Car Damages Dataset,https://huggingface.co/datasets/DrBimmer/car-parts-and-damage-dataset/resolve/2dbf46f7e23eb0d6f551d38e4f77a11fe9d045b9/Car%20parts%20dataset/File1/img/Car%20damages%201154.png,CC0-1.0,f62e4e4e423b49da1143cd0dcb1054ecb32315c29b9380e1a2af6d700287744b,1f8fc3706cf96f63,train,Car parts dataset/File1/img/Car damages 1154.png,accepted,"Pinned mirror revision 2dbf46f7e23eb0d6f551d38e4f77a11fe9d045b9; annotation Car parts dataset/File1/ann/Car damages 1154.png.json; crop (42, 0, 576, 535); accepted under v2-visual-quality-rules-2026-09-06",Humans in the Loop Car Parts and Car Damages Dataset,CC0-1.0
scratch-59038e9535430526,scratch/hitl-7d4100b6fbde34e0.jpg,scratch,Scratch,Humans in the Loop Car Parts and Car Damages Dataset,https://huggingface.co/datasets/DrBimmer/car-parts-and-damage-dataset/resolve/2dbf46f7e23eb0d6f551d38e4f77a11fe9d045b9/Car%20parts%20dataset/File1/img/Car%20damages%201164.png,CC0-1.0,59038e95354305261b85a114c5c504cfe822e338f5ff29579e9ca2655a87436b,fc3ccca23a19ccc4,train,Car parts dataset/File1/img/Car damages 1164.png,accepted,"Pinned mirror revision 2dbf46f7e23eb0d6f551d38e4f77a11fe9d045b9; annotation Car parts dataset/File1/ann/Car damages 1164.png.json; crop (89, 224, 185, 320); accepted under v2-visual-quality-rules-2026-09-06",Humans in the Loop Car Parts and Car Damages Dataset,CC0-1.0
scratch-65c4b26dd04b16c3,scratch/hitl-43369d9d94f17fe2.jpg,scratch,Scratch,Humans in the Loop Car Parts and Car Damages Dataset,https://huggingface.co/datasets/DrBimmer/car-parts-and-damage-dataset/resolve/2dbf46f7e23eb0d6f551d38e4f77a11fe9d045b9/Car%20parts%20dataset/File1/img/Car%20damages%201165.png,CC0-1.0,65c4b26dd04b16c3755c876653db1568be6b833b810d255ad7147bcc3dd7dc8a,e1031bc6063dfd6d,train,Car parts dataset/File1/img/Car damages 1165.png,accepted,"Pinned mirror revision 2dbf46f7e23eb0d6f551d38e4f77a11fe9d045b9; annotation Car parts dataset/File1/ann/Car damages 1165.png.json; crop (574, 309, 670, 405); accepted under v2-visual-quality-rules-2026-09-06",Humans in the Loop Car Parts and Car Damages Dataset,CC0-1.0
scratch-2a2c91b4b11bc4ec,scratch/hitl-9df2de2dfd0a654a.jpg,scratch,Scratch,Humans in the Loop Car Parts and Car Damages Dataset,https://huggingface.co/datasets/DrBimmer/car-parts-and-damage-dataset/resolve/2dbf46f7e23eb0d6f551d38e4f77a11fe9d045b9/Car%20parts%20dataset/File1/img/Car%20damages%201178.png,CC0-1.0,2a2c91b4b11bc4ecc1ace6a758d73f33846ea53f121045b3d0a44d11bd37440d,e6fe7dfe1f0f8787,train,Car parts dataset/File1/img/Car damages 1178.png,accepted,"Pinned mirror revision 2dbf46f7e23eb0d6f551d38e4f77a11fe9d045b9; annotation Car parts dataset/File1/ann/Car damages 1178.png.json; crop (154, 308, 250, 404); accepted under v2-visual-quality-rules-2026-09-06",Humans in the Loop Car Parts and Car Damages Dataset,CC0-1.0
scratch-f1a1dffcaf56b5d3,scratch/hitl-cb7c58065dd9de36.jpg,scratch,Scratch,Humans in the Loop Car Parts and Car Damages Dataset,https://huggingface.co/datasets/DrBimmer/car-parts-and-damage-dataset/resolve/2dbf46f7e23eb0d6f551d38e4f77a11fe9d045b9/Car%20parts%20dataset/File1/img/Car%20damages%201191.png,CC0-1.0,f1a1dffcaf56b5d365e7a060ad18198ae7e81eca4b3d681723a094b81f89b235,9f8b6cf78f201c1b,train,Car parts dataset/File1/img/Car damages 1191.png,accepted,"Pinned mirror revision 2dbf46f7e23eb0d6f551d38e4f77a11fe9d045b9; annotation Car parts dataset/File1/ann/Car damages 1191.png.json; crop (174, 302, 270, 398); accepted under v2-visual-quality-rules-2026-09-06",Humans in the Loop Car Parts and Car Damages Dataset,CC0-1.0
scratch-b1b8a322eaa840e7,scratch/hitl-0d3f0e5e1ddc4956.jpg,scratch,Scratch,Humans in the Loop Car Parts and Car Damages Dataset,https://huggingface.co/datasets/DrBimmer/car-parts-and-damage-dataset/resolve/2dbf46f7e23eb0d6f551d38e4f77a11fe9d045b9/Car%20parts%20dataset/File1/img/Car%20damages%201195.png,CC0-1.0,b1b8a322eaa840e796d1412f6593391ab71845fad1e91789099f998a0fdd456b,00c05b0e4e148010,train,Car parts dataset/File1/img/Car damages 1195.png,accepted,"Pinned mirror revision 2dbf46f7e23eb0d6f551d38e4f77a11fe9d045b9; annotation Car parts dataset/File1/ann/Car damages 1195.png.json; crop (334, 198, 430, 294); accepted under v2-visual-quality-rules-2026-09-06",Humans in the Loop Car Parts and Car Damages Dataset,CC0-1.0
scratch-99c2e97c9805c70c,scratch/hitl-c7d2f0d2f52a0040.jpg,scratch,Scratch,Humans in the Loop Car Parts and Car Damages Dataset,https://huggingface.co/datasets/DrBimmer/car-parts-and-damage-dataset/resolve/2dbf46f7e23eb0d6f551d38e4f77a11fe9d045b9/Car%20parts%20dataset/File1/img/Car%20damages%201200.png,CC0-1.0,99c2e97c9805c70c4aafad049407812b116dcb98e8f76c2599894eb9d826ac23,0c0402c1be07e1a0,train,Car parts dataset/File1/img/Car damages 1200.png,accepted,"Pinned mirror revision 2dbf46f7e23eb0d6f551d38e4f77a11fe9d045b9; annotation Car parts dataset/File1/ann/Car damages 1200.png.json; crop (550, 402, 646, 498); accepted under v2-visual-quality-rules-2026-09-06",Humans in the Loop Car Parts and Car Damages Dataset,CC0-1.0
scratch-ffc973e436ad1bb6,scratch/hitl-de54ee747601ac7a.jpg,scratch,Scratch,Humans in the Loop Car Parts and Car Damages Dataset,https://huggingface.co/datasets/DrBimmer/car-parts-and-damage-dataset/resolve/2dbf46f7e23eb0d6f551d38e4f77a11fe9d045b9/Car%20parts%20dataset/File1/img/Car%20damages%201212.png,CC0-1.0,ffc973e436ad1bb6de41dd6b27439b4cabcd6ed5a77499631dbb2e6b90480d84,e5e1077c001ec000,train,Car parts dataset/File1/img/Car damages 1212.png,accepted,"Pinned mirror revision 2dbf46f7e23eb0d6f551d38e4f77a11fe9d045b9; annotation Car parts dataset/File1/ann/Car damages 1212.png.json; crop (498, 317, 682, 501); accepted under v2-visual-quality-rules-2026-09-06",Humans in the Loop Car Parts and Car Damages Dataset,CC0-1.0
scratch-f84a0e5b34f7779b,scratch/hitl-073b53f9d6d870b6.jpg,scratch,Scratch,Humans in the Loop Car Parts and Car Damages Dataset,https://huggingface.co/datasets/DrBimmer/car-parts-and-damage-dataset/resolve/2dbf46f7e23eb0d6f551d38e4f77a11fe9d045b9/Car%20parts%20dataset/File1/img/Car%20damages%201221.png,CC0-1.0,f84a0e5b34f7779b347fc5381c9de92d3f87d613aeb776e0fbaffa336c0d6403,079f899c0c9ad98d,train,Car parts dataset/File1/img/Car damages 1221.png,accepted,"Pinned mirror revision 2dbf46f7e23eb0d6f551d38e4f77a11fe9d045b9; annotation Car parts dataset/File1/ann/Car damages 1221.png.json; crop (330, 293, 470, 433); accepted under v2-visual-quality-rules-2026-09-06",Humans in the Loop Car Parts and Car Damages Dataset,CC0-1.0
scratch-109d641b2fdd9f47,scratch/hitl-c24862db49c7baa9.jpg,scratch,Scratch,Humans in the Loop Car Parts and Car Damages Dataset,https://huggingface.co/datasets/DrBimmer/car-parts-and-damage-dataset/resolve/2dbf46f7e23eb0d6f551d38e4f77a11fe9d045b9/Car%20parts%20dataset/File1/img/Car%20damages%201240.png,CC0-1.0,109d641b2fdd9f476fdcad21015da5d47f2999bd4ebc666bdebc3f6ffac8d7a2,02c0fb6b1d90f03e,train,Car parts dataset/File1/img/Car damages 1240.png,accepted,"Pinned mirror revision 2dbf46f7e23eb0d6f551d38e4f77a11fe9d045b9; annotation Car parts dataset/File1/ann/Car damages 1240.png.json; crop (72, 174, 227, 329); accepted under v2-visual-quality-rules-2026-09-06",Humans in the Loop Car Parts and Car Damages Dataset,CC0-1.0
scratch-a69c1d5b865589de,scratch/hitl-8b758c8bb4a533a8.jpg,scratch,Scratch,Humans in the Loop Car Parts and Car Damages Dataset,https://huggingface.co/datasets/DrBimmer/car-parts-and-damage-dataset/resolve/2dbf46f7e23eb0d6f551d38e4f77a11fe9d045b9/Car%20parts%20dataset/File1/img/Car%20damages%201251.png,CC0-1.0,a69c1d5b865589deaf092a357898cd9bb9dcbb95657e6888fb64a782638f9fc9,0b259d365b58e3d2,train,Car parts dataset/File1/img/Car damages 1251.png,accepted,"Pinned mirror revision 2dbf46f7e23eb0d6f551d38e4f77a11fe9d045b9; annotation Car parts dataset/File1/ann/Car damages 1251.png.json; crop (185, 301, 395, 511); accepted under v2-visual-quality-rules-2026-09-06",Humans in the Loop Car Parts and Car Damages Dataset,CC0-1.0
scratch-b2573f37e264748a,scratch/hitl-83b2f71b963fbc6d.jpg,scratch,Scratch,Humans in the Loop Car Parts and Car Damages Dataset,https://huggingface.co/datasets/DrBimmer/car-parts-and-damage-dataset/resolve/2dbf46f7e23eb0d6f551d38e4f77a11fe9d045b9/Car%20parts%20dataset/File1/img/Car%20damages%201258.png,CC0-1.0,b2573f37e264748aa526e7dfeaede34fca2f804f9d74fa3aabfe171b8c7e7438,587c6c6e763b3f3d,train,Car parts dataset/File1/img/Car damages 1258.png,accepted,"Pinned mirror revision 2dbf46f7e23eb0d6f551d38e4f77a11fe9d045b9; annotation Car parts dataset/File1/ann/Car damages 1258.png.json; crop (450, 412, 546, 508); accepted under v2-visual-quality-rules-2026-09-06",Humans in the Loop Car Parts and Car Damages Dataset,CC0-1.0
scratch-00da2ec35bd2afd0,scratch/hitl-ac83491abfa59149.jpg,scratch,Scratch,Humans in the Loop Car Parts and Car Damages Dataset,https://huggingface.co/datasets/DrBimmer/car-parts-and-damage-dataset/resolve/2dbf46f7e23eb0d6f551d38e4f77a11fe9d045b9/Car%20parts%20dataset/File1/img/Car%20damages%201269.png,CC0-1.0,00da2ec35bd2afd0d3dbbf36b73d9e2af070592ee781585f44481e3d9966cc0a,cdcf7c8c9dd80162,train,Car parts dataset/File1/img/Car damages 1269.png,accepted,"Pinned mirror revision 2dbf46f7e23eb0d6f551d38e4f77a11fe9d045b9; annotation Car parts dataset/File1/ann/Car damages 1269.png.json; crop (538, 334, 634, 430); accepted under v2-visual-quality-rules-2026-09-06",Humans in the Loop Car Parts and Car Damages Dataset,CC0-1.0
scratch-de4194a41f44bf97,scratch/hitl-5da8bd41c12d636d.jpg,scratch,Scratch,Humans in the Loop Car Parts and Car Damages Dataset,https://huggingface.co/datasets/DrBimmer/car-parts-and-damage-dataset/resolve/2dbf46f7e23eb0d6f551d38e4f77a11fe9d045b9/Car%20parts%20dataset/File1/img/Car%20damages%201277.png,CC0-1.0,de4194a41f44bf9719b7ef7ed31023e6ad8b1ce3f0781079209506a1aa53a7c8,3d6e6b7c78f4cfc4,train,Car parts dataset/File1/img/Car damages 1277.png,accepted,"Pinned mirror revision 2dbf46f7e23eb0d6f551d38e4f77a11fe9d045b9; annotation Car parts dataset/File1/ann/Car damages 1277.png.json; crop (427, 323, 548, 443); accepted under v2-visual-quality-rules-2026-09-06",Humans in the Loop Car Parts and Car Damages Dataset,CC0-1.0
scratch-8106140944ff25d5,scratch/hitl-e27b844f28f6a3b0.jpg,scratch,Scratch,Humans in the Loop Car Parts and Car Damages Dataset,https://huggingface.co/datasets/DrBimmer/car-parts-and-damage-dataset/resolve/2dbf46f7e23eb0d6f551d38e4f77a11fe9d045b9/Car%20parts%20dataset/File1/img/Car%20damages%201286.png,CC0-1.0,8106140944ff25d559dbbd5f0e85a3f0a95d5221dbcf164180fb93b37baa2f2e,3626686e6f7f84e4,train,Car parts dataset/File1/img/Car damages 1286.png,accepted,"Pinned mirror revision 2dbf46f7e23eb0d6f551d38e4f77a11fe9d045b9; annotation Car parts dataset/File1/ann/Car damages 1286.png.json; crop (269, 235, 380, 346); accepted under v2-visual-quality-rules-2026-09-06",Humans in the Loop Car Parts and Car Damages Dataset,CC0-1.0
scratch-64597355a4f2a75a,scratch/hitl-3f710f75493687c4.jpg,scratch,Scratch,Humans in the Loop Car Parts and Car Damages Dataset,https://huggingface.co/datasets/DrBimmer/car-parts-and-damage-dataset/resolve/2dbf46f7e23eb0d6f551d38e4f77a11fe9d045b9/Car%20parts%20dataset/File1/img/Car%20damages%20132.png,CC0-1.0,64597355a4f2a75aba24aceb93b2496bd4d5aa2bcdc565ee7f6413ce3835d77d,0c0c84c622aba3d6,train,Car parts dataset/File1/img/Car damages 132.png,accepted,"Pinned mirror revision 2dbf46f7e23eb0d6f551d38e4f77a11fe9d045b9; annotation Car parts dataset/File1/ann/Car damages 132.png.json; crop (311, 194, 407, 290); accepted under v2-visual-quality-rules-2026-09-06",Humans in the Loop Car Parts and Car Damages Dataset,CC0-1.0
scratch-e2aff354b1b1f38c,scratch/hitl-07d1b97a7e0ec2c9.jpg,scratch,Scratch,Humans in the Loop Car Parts and Car Damages Dataset,https://huggingface.co/datasets/DrBimmer/car-parts-and-damage-dataset/resolve/2dbf46f7e23eb0d6f551d38e4f77a11fe9d045b9/Car%20parts%20dataset/File1/img/Car%20damages%201324.png,CC0-1.0,e2aff354b1b1f38c54be8c0562e6aab84da059f79dd99f0f13793409b417e42d,6103688306090307,train,Car parts dataset/File1/img/Car damages 1324.png,accepted,"Pinned mirror revision 2dbf46f7e23eb0d6f551d38e4f77a11fe9d045b9; annotation Car parts dataset/File1/ann/Car damages 1324.png.json; crop (416, 159, 512, 255); accepted under v2-visual-quality-rules-2026-09-06",Humans in the Loop Car Parts and Car Damages Dataset,CC0-1.0
scratch-930b4ac8fa02a652,scratch/hitl-1874869cd464dd22.jpg,scratch,Scratch,Humans in the Loop Car Parts and Car Damages Dataset,https://huggingface.co/datasets/DrBimmer/car-parts-and-damage-dataset/resolve/2dbf46f7e23eb0d6f551d38e4f77a11fe9d045b9/Car%20parts%20dataset/File1/img/Car%20damages%201325.png,CC0-1.0,930b4ac8fa02a652b75b83b40b94bb40dce164da94bdc41322b85eb5f425d752,f6e464ecc8508000,train,Car parts dataset/File1/img/Car damages 1325.png,accepted,"Pinned mirror revision 2dbf46f7e23eb0d6f551d38e4f77a11fe9d045b9; annotation Car parts dataset/File1/ann/Car damages 1325.png.json; crop (428, 401, 524, 497); accepted under v2-visual-quality-rules-2026-09-06",Humans in the Loop Car Parts and Car Damages Dataset,CC0-1.0
scratch-ef148a5af9d4af49,scratch/hitl-556d7c0b20faa834.jpg,scratch,Scratch,Humans in the Loop Car Parts and Car Damages Dataset,https://huggingface.co/datasets/DrBimmer/car-parts-and-damage-dataset/resolve/2dbf46f7e23eb0d6f551d38e4f77a11fe9d045b9/Car%20parts%20dataset/File1/img/Car%20damages%20156.png,CC0-1.0,ef148a5af9d4af499692e58a5a8cbe8bfcff98ce2d7d41ef1bb8eaa02c1362e8,782c46c3298c7564,train,Car parts dataset/File1/img/Car damages 156.png,accepted,"Pinned mirror revision 2dbf46f7e23eb0d6f551d38e4f77a11fe9d045b9; annotation Car parts dataset/File1/ann/Car damages 156.png.json; crop (56, 323, 152, 419); accepted under v2-visual-quality-rules-2026-09-06",Humans in the Loop Car Parts and Car Damages Dataset,CC0-1.0
scratch-bd076ba35f49a8d2,scratch/hitl-686c5bcc4b14ce08.jpg,scratch,Scratch,Humans in the Loop Car Parts and Car Damages Dataset,https://huggingface.co/datasets/DrBimmer/car-parts-and-damage-dataset/resolve/2dbf46f7e23eb0d6f551d38e4f77a11fe9d045b9/Car%20parts%20dataset/File1/img/Car%20damages%20158.png,CC0-1.0,bd076ba35f49a8d2521bd0b4d0f43658e9b7c54015a703e06c3a7de710067589,ffffffffff9f7ff9,train,Car parts dataset/File1/img/Car damages 158.png,accepted,"Pinned mirror revision 2dbf46f7e23eb0d6f551d38e4f77a11fe9d045b9; annotation Car parts dataset/File1/ann/Car damages 158.png.json; crop (301, 69, 420, 188); accepted under v2-visual-quality-rules-2026-09-06",Humans in the Loop Car Parts and Car Damages Dataset,CC0-1.0
scratch-e1cf2974f06e0219,scratch/hitl-252923662c856649.jpg,scratch,Scratch,Humans in the Loop Car Parts and Car Damages Dataset,https://huggingface.co/datasets/DrBimmer/car-parts-and-damage-dataset/resolve/2dbf46f7e23eb0d6f551d38e4f77a11fe9d045b9/Car%20parts%20dataset/File1/img/Car%20damages%20161.png,CC0-1.0,e1cf2974f06e021985229c16f59b0878054980b4706f2340ed4e685d250539ac,245af5c462a28101,train,Car parts dataset/File1/img/Car damages 161.png,accepted,"Pinned mirror revision 2dbf46f7e23eb0d6f551d38e4f77a11fe9d045b9; annotation Car parts dataset/File1/ann/Car damages 161.png.json; crop (475, 141, 571, 237); accepted under v2-visual-quality-rules-2026-09-06",Humans in the Loop Car Parts and Car Damages Dataset,CC0-1.0
scratch-bae4bd610cfcb4af,scratch/hitl-41f83c48c517a538.jpg,scratch,Scratch,Humans in the Loop Car Parts and Car Damages Dataset,https://huggingface.co/datasets/DrBimmer/car-parts-and-damage-dataset/resolve/2dbf46f7e23eb0d6f551d38e4f77a11fe9d045b9/Car%20parts%20dataset/File1/img/Car%20damages%20168.png,CC0-1.0,bae4bd610cfcb4afc41c0009673bde6a49846b60a5e9aa5d53dd6c1b7d6233f9,c1d8c4cb9918b0fe,train,Car parts dataset/File1/img/Car damages 168.png,accepted,"Pinned mirror revision 2dbf46f7e23eb0d6f551d38e4f77a11fe9d045b9; annotation Car parts dataset/File1/ann/Car damages 168.png.json; crop (154, 226, 250, 322); accepted under v2-visual-quality-rules-2026-09-06",Humans in the Loop Car Parts and Car Damages Dataset,CC0-1.0
scratch-8fecd2688a9a0707,scratch/hitl-a73851cf23352579.jpg,scratch,Scratch,Humans in the Loop Car Parts and Car Damages Dataset,https://huggingface.co/datasets/DrBimmer/car-parts-and-damage-dataset/resolve/2dbf46f7e23eb0d6f551d38e4f77a11fe9d045b9/Car%20parts%20dataset/File1/img/Car%20damages%20184.png,CC0-1.0,8fecd2688a9a0707f43fc1a14b293ffa29a894907ea206e72f87cd85ef3d2164,fffff73ffb1c0ec6,train,Car parts dataset/File1/img/Car damages 184.png,accepted,"Pinned mirror revision 2dbf46f7e23eb0d6f551d38e4f77a11fe9d045b9; annotation Car parts dataset/File1/ann/Car damages 184.png.json; crop (354, 290, 500, 436); accepted under v2-visual-quality-rules-2026-09-06",Humans in the Loop Car Parts and Car Damages Dataset,CC0-1.0
scratch-d78556fb7735852a,scratch/hitl-6abb76054d680997.jpg,scratch,Scratch,Humans in the Loop Car Parts and Car Damages Dataset,https://huggingface.co/datasets/DrBimmer/car-parts-and-damage-dataset/resolve/2dbf46f7e23eb0d6f551d38e4f77a11fe9d045b9/Car%20parts%20dataset/File1/img/Car%20damages%20189.jpg,CC0-1.0,d78556fb7735852a8457c63b255eedb7093049d0dc45fdd6ba26a7f41685a819,5fbf79f3f7877ffe,train,Car parts dataset/File1/img/Car damages 189.jpg,accepted,"Pinned mirror revision 2dbf46f7e23eb0d6f551d38e4f77a11fe9d045b9; annotation Car parts dataset/File1/ann/Car damages 189.jpg.json; crop (446, 228, 572, 354); accepted under v2-visual-quality-rules-2026-09-06",Humans in the Loop Car Parts and Car Damages Dataset,CC0-1.0
scratch-117ca288b64d176f,scratch/hitl-78337eb78d48c173.jpg,scratch,Scratch,Humans in the Loop Car Parts and Car Damages Dataset,https://huggingface.co/datasets/DrBimmer/car-parts-and-damage-dataset/resolve/2dbf46f7e23eb0d6f551d38e4f77a11fe9d045b9/Car%20parts%20dataset/File1/img/Car%20damages%20197.png,CC0-1.0,117ca288b64d176f0a851545fb24d8deea3e374db7c44e3ddc28f9ed6557090f,8000000080800010,train,Car parts dataset/File1/img/Car damages 197.png,accepted,"Pinned mirror revision 2dbf46f7e23eb0d6f551d38e4f77a11fe9d045b9; annotation Car parts dataset/File1/ann/Car damages 197.png.json; crop (292, 340, 388, 436); accepted under v2-visual-quality-rules-2026-09-06",Humans in the Loop Car Parts and Car Damages Dataset,CC0-1.0
scratch-9a866bc758b5052b,scratch/hitl-ceb5c3c4e0b6001e.jpg,scratch,Scratch,Humans in the Loop Car Parts and Car Damages Dataset,https://huggingface.co/datasets/DrBimmer/car-parts-and-damage-dataset/resolve/2dbf46f7e23eb0d6f551d38e4f77a11fe9d045b9/Car%20parts%20dataset/File1/img/Car%20damages%20200.png,CC0-1.0,9a866bc758b5052bb871d25695b67999c06e684c148c0586acdc4361eb47f07f,73fff3e3c78e1303,train,Car parts dataset/File1/img/Car damages 200.png,accepted,"Pinned mirror revision 2dbf46f7e23eb0d6f551d38e4f77a11fe9d045b9; annotation Car parts dataset/File1/ann/Car damages 200.png.json; crop (537, 344, 633, 440); accepted under v2-visual-quality-rules-2026-09-06",Humans in the Loop Car Parts and Car Damages Dataset,CC0-1.0
scratch-c362e2c2e3489a88,scratch/hitl-71d332edf4a6ef43.jpg,scratch,Scratch,Humans in the Loop Car Parts and Car Damages Dataset,https://huggingface.co/datasets/DrBimmer/car-parts-and-damage-dataset/resolve/2dbf46f7e23eb0d6f551d38e4f77a11fe9d045b9/Car%20parts%20dataset/File1/img/Car%20damages%20201.jpg,CC0-1.0,c362e2c2e3489a888ff8461639b869c7b19ad51a301f892b2bcc638c0246d1e6,9e23150501051613,train,Car parts dataset/File1/img/Car damages 201.jpg,accepted,"Pinned mirror revision 2dbf46f7e23eb0d6f551d38e4f77a11fe9d045b9; annotation Car parts dataset/File1/ann/Car damages 201.jpg.json; crop (273, 245, 418, 389); accepted under v2-visual-quality-rules-2026-09-06",Humans in the Loop Car Parts and Car Damages Dataset,CC0-1.0
scratch-3f5fe0a79135ea54,scratch/hitl-6fbe2a3e8ffe0be3.jpg,scratch,Scratch,Humans in the Loop Car Parts and Car Damages Dataset,https://huggingface.co/datasets/DrBimmer/car-parts-and-damage-dataset/resolve/2dbf46f7e23eb0d6f551d38e4f77a11fe9d045b9/Car%20parts%20dataset/File1/img/Car%20damages%20218.png,CC0-1.0,3f5fe0a79135ea54f94e894d78f5a8f3419ac36234f9f07196bafa54c7c1670d,0f0d05012170969e,train,Car parts dataset/File1/img/Car damages 218.png,accepted,"Pinned mirror revision 2dbf46f7e23eb0d6f551d38e4f77a11fe9d045b9; annotation Car parts dataset/File1/ann/Car damages 218.png.json; crop (353, 287, 449, 383); accepted under v2-visual-quality-rules-2026-09-06",Humans in the Loop Car Parts and Car Damages Dataset,CC0-1.0
scratch-97f69e7725065995,scratch/hitl-55b1c47d806ea6b2.jpg,scratch,Scratch,Humans in the Loop Car Parts and Car Damages Dataset,https://huggingface.co/datasets/DrBimmer/car-parts-and-damage-dataset/resolve/2dbf46f7e23eb0d6f551d38e4f77a11fe9d045b9/Car%20parts%20dataset/File1/img/Car%20damages%20226.png,CC0-1.0,97f69e77250659956cacd4f3da7eae255272a3540bf5d8f9f74e56eda3bef85f,4b20188dcde2f0d8,train,Car parts dataset/File1/img/Car damages 226.png,accepted,"Pinned mirror revision 2dbf46f7e23eb0d6f551d38e4f77a11fe9d045b9; annotation Car parts dataset/File1/ann/Car damages 226.png.json; crop (309, 373, 447, 512); accepted under v2-visual-quality-rules-2026-09-06",Humans in the Loop Car Parts and Car Damages Dataset,CC0-1.0
scratch-060bda27f5b5c9bd,scratch/hitl-17b8f239fbc91bbb.jpg,scratch,Scratch,Humans in the Loop Car Parts and Car Damages Dataset,https://huggingface.co/datasets/DrBimmer/car-parts-and-damage-dataset/resolve/2dbf46f7e23eb0d6f551d38e4f77a11fe9d045b9/Car%20parts%20dataset/File1/img/Car%20damages%20231.png,CC0-1.0,060bda27f5b5c9bdf5c1f05508f6f1f47992994e5edc39c2c1d8faa4e40df857,fa71013b0137bee3,train,Car parts dataset/File1/img/Car damages 231.png,accepted,"Pinned mirror revision 2dbf46f7e23eb0d6f551d38e4f77a11fe9d045b9; annotation Car parts dataset/File1/ann/Car damages 231.png.json; crop (248, 475, 359, 585); accepted under v2-visual-quality-rules-2026-09-06",Humans in the Loop Car Parts and Car Damages Dataset,CC0-1.0
scratch-3d719c0262a27b92,scratch/hitl-70244391004a6a1e.jpg,scratch,Scratch,Humans in the Loop Car Parts and Car Damages Dataset,https://huggingface.co/datasets/DrBimmer/car-parts-and-damage-dataset/resolve/2dbf46f7e23eb0d6f551d38e4f77a11fe9d045b9/Car%20parts%20dataset/File1/img/Car%20damages%20234.png,CC0-1.0,3d719c0262a27b92de7bf31b09f35dc5cd8b3e0a664a49f6920f6a90a8f57d2a,003f388c0cb34048,train,Car parts dataset/File1/img/Car damages 234.png,accepted,"Pinned mirror revision 2dbf46f7e23eb0d6f551d38e4f77a11fe9d045b9; annotation Car parts dataset/File1/ann/Car damages 234.png.json; crop (380, 212, 476, 308); accepted under v2-visual-quality-rules-2026-09-06",Humans in the Loop Car Parts and Car Damages Dataset,CC0-1.0
scratch-66589a234b0c227f,scratch/hitl-86b74a668a84f012.jpg,scratch,Scratch,Humans in the Loop Car Parts and Car Damages Dataset,https://huggingface.co/datasets/DrBimmer/car-parts-and-damage-dataset/resolve/2dbf46f7e23eb0d6f551d38e4f77a11fe9d045b9/Car%20parts%20dataset/File1/img/Car%20damages%20261.png,CC0-1.0,66589a234b0c227fb8f8a8e3e6a40b7e7165b0d3a6240ea4eaa9b37e523e687d,177efe6b2ff8e040,train,Car parts dataset/File1/img/Car damages 261.png,accepted,"Pinned mirror revision 2dbf46f7e23eb0d6f551d38e4f77a11fe9d045b9; annotation Car parts dataset/File1/ann/Car damages 261.png.json; crop (444, 236, 701, 493); accepted under v2-visual-quality-rules-2026-09-06",Humans in the Loop Car Parts and Car Damages Dataset,CC0-1.0
scratch-3ea1c482064abda4,scratch/hitl-d4391dfe1a2d34c4.jpg,scratch,Scratch,Humans in the Loop Car Parts and Car Damages Dataset,https://huggingface.co/datasets/DrBimmer/car-parts-and-damage-dataset/resolve/2dbf46f7e23eb0d6f551d38e4f77a11fe9d045b9/Car%20parts%20dataset/File1/img/Car%20damages%20265.png,CC0-1.0,3ea1c482064abda485a9a09ab7d14f3b224ac54079ede57de4ceb3f0ddda6c20,c4721b090a0100b0,train,Car parts dataset/File1/img/Car damages 265.png,accepted,"Pinned mirror revision 2dbf46f7e23eb0d6f551d38e4f77a11fe9d045b9; annotation Car parts dataset/File1/ann/Car damages 265.png.json; crop (457, 425, 631, 599); accepted under v2-visual-quality-rules-2026-09-06",Humans in the Loop Car Parts and Car Damages Dataset,CC0-1.0
scratch-71cb9d642f4ea09c,scratch/hitl-236d0adaa6b6c97d.jpg,scratch,Scratch,Humans in the Loop Car Parts and Car Damages Dataset,https://huggingface.co/datasets/DrBimmer/car-parts-and-damage-dataset/resolve/2dbf46f7e23eb0d6f551d38e4f77a11fe9d045b9/Car%20parts%20dataset/File1/img/Car%20damages%20269.png,CC0-1.0,71cb9d642f4ea09cbd7c476ed384d2b747f6f548ba49f267a81fcffbaf06eefa,83ef67e7e3a343c7,train,Car parts dataset/File1/img/Car damages 269.png,accepted,"Pinned mirror revision 2dbf46f7e23eb0d6f551d38e4f77a11fe9d045b9; annotation Car parts dataset/File1/ann/Car damages 269.png.json; crop (297, 429, 420, 553); accepted under v2-visual-quality-rules-2026-09-06",Humans in the Loop Car Parts and Car Damages Dataset,CC0-1.0
scratch-5dde324657b86eb7,scratch/hitl-f446b6b6112e9cbf.jpg,scratch,Scratch,Humans in the Loop Car Parts and Car Damages Dataset,https://huggingface.co/datasets/DrBimmer/car-parts-and-damage-dataset/resolve/2dbf46f7e23eb0d6f551d38e4f77a11fe9d045b9/Car%20parts%20dataset/File1/img/Car%20damages%20293.png,CC0-1.0,5dde324657b86eb73aae632d3b116b87fc0dac32ed22990799045cdfe13230b8,e37c7fe1e103c2fc,train,Car parts dataset/File1/img/Car damages 293.png,accepted,"Pinned mirror revision 2dbf46f7e23eb0d6f551d38e4f77a11fe9d045b9; annotation Car parts dataset/File1/ann/Car damages 293.png.json; crop (218, 346, 314, 442); accepted under v2-visual-quality-rules-2026-09-06",Humans in the Loop Car Parts and Car Damages Dataset,CC0-1.0
scratch-8cc6fb27a3b01525,scratch/hitl-7efae8324b0c3fda.jpg,scratch,Scratch,Humans in the Loop Car Parts and Car Damages Dataset,https://huggingface.co/datasets/DrBimmer/car-parts-and-damage-dataset/resolve/2dbf46f7e23eb0d6f551d38e4f77a11fe9d045b9/Car%20parts%20dataset/File1/img/Car%20damages%20295.png,CC0-1.0,8cc6fb27a3b01525908eebe30c1cf4b9adcb6b59b8cb4f793bd37122f2ae7389,1707654d9b3367cf,train,Car parts dataset/File1/img/Car damages 295.png,accepted,"Pinned mirror revision 2dbf46f7e23eb0d6f551d38e4f77a11fe9d045b9; annotation Car parts dataset/File1/ann/Car damages 295.png.json; crop (112, 239, 208, 335); accepted under v2-visual-quality-rules-2026-09-06",Humans in the Loop Car Parts and Car Damages Dataset,CC0-1.0
scratch-400711f8c26cd5ec,scratch/hitl-0fad2c75372b5bf3.jpg,scratch,Scratch,Humans in the Loop Car Parts and Car Damages Dataset,https://huggingface.co/datasets/DrBimmer/car-parts-and-damage-dataset/resolve/2dbf46f7e23eb0d6f551d38e4f77a11fe9d045b9/Car%20parts%20dataset/File1/img/Car%20damages%20300.png,CC0-1.0,400711f8c26cd5ec8a2e53d15c30e17326fe23fae9453997565369384fa8f699,76d00149e387c0c4,train,Car parts dataset/File1/img/Car damages 300.png,accepted,"Pinned mirror revision 2dbf46f7e23eb0d6f551d38e4f77a11fe9d045b9; annotation Car parts dataset/File1/ann/Car damages 300.png.json; crop (430, 234, 526, 330); accepted under v2-visual-quality-rules-2026-09-06",Humans in the Loop Car Parts and Car Damages Dataset,CC0-1.0
scratch-a471a2d0357758c5,scratch/hitl-39a426f1e918aa61.jpg,scratch,Scratch,Humans in the Loop Car Parts and Car Damages Dataset,https://huggingface.co/datasets/DrBimmer/car-parts-and-damage-dataset/resolve/2dbf46f7e23eb0d6f551d38e4f77a11fe9d045b9/Car%20parts%20dataset/File1/img/Car%20damages%20311.png,CC0-1.0,a471a2d0357758c51ea5e30e5920df6b3dd5bd7efb04e7f5eef7f6d4f62b6656,f3e6c48809433376,train,Car parts dataset/File1/img/Car damages 311.png,accepted,"Pinned mirror revision 2dbf46f7e23eb0d6f551d38e4f77a11fe9d045b9; annotation Car parts dataset/File1/ann/Car damages 311.png.json; crop (306, 325, 402, 421); accepted under v2-visual-quality-rules-2026-09-06",Humans in the Loop Car Parts and Car Damages Dataset,CC0-1.0
scratch-b2208d4e9554b927,scratch/hitl-88dbdcbca3724405.jpg,scratch,Scratch,Humans in the Loop Car Parts and Car Damages Dataset,https://huggingface.co/datasets/DrBimmer/car-parts-and-damage-dataset/resolve/2dbf46f7e23eb0d6f551d38e4f77a11fe9d045b9/Car%20parts%20dataset/File1/img/Car%20damages%20312.png,CC0-1.0,b2208d4e9554b927ecc31b8c34447ff9f0b3034d19544804d8a9e8870411f7fb,c664ccc8903040f0,train,Car parts dataset/File1/img/Car damages 312.png,accepted,"Pinned mirror revision 2dbf46f7e23eb0d6f551d38e4f77a11fe9d045b9; annotation Car parts dataset/File1/ann/Car damages 312.png.json; crop (299, 205, 500, 406); accepted under v2-visual-quality-rules-2026-09-06",Humans in the Loop Car Parts and Car Damages Dataset,CC0-1.0
scratch-d9e3675a7d3136dd,scratch/hitl-37bff1de72679653.jpg,scratch,Scratch,Humans in the Loop Car Parts and Car Damages Dataset,https://huggingface.co/datasets/DrBimmer/car-parts-and-damage-dataset/resolve/2dbf46f7e23eb0d6f551d38e4f77a11fe9d045b9/Car%20parts%20dataset/File1/img/Car%20damages%20313.png,CC0-1.0,d9e3675a7d3136dd90515cf16a9625e595277b9f338028d484198aced38d067a,2c1c7c1e1f1f0f8f,train,Car parts dataset/File1/img/Car damages 313.png,accepted,"Pinned mirror revision 2dbf46f7e23eb0d6f551d38e4f77a11fe9d045b9; annotation Car parts dataset/File1/ann/Car damages 313.png.json; crop (502, 168, 678, 344); accepted under v2-visual-quality-rules-2026-09-06",Humans in the Loop Car Parts and Car Damages Dataset,CC0-1.0
scratch-1503822c1bcdf1b9,scratch/hitl-b5d0cf453b852a82.jpg,scratch,Scratch,Humans in the Loop Car Parts and Car Damages Dataset,https://huggingface.co/datasets/DrBimmer/car-parts-and-damage-dataset/resolve/2dbf46f7e23eb0d6f551d38e4f77a11fe9d045b9/Car%20parts%20dataset/File1/img/Car%20damages%20318.jpg,CC0-1.0,1503822c1bcdf1b9098d73f6e215a2d4e0be19856fe4abb38cfc255407aa7f7c,7df3c686441b7286,train,Car parts dataset/File1/img/Car damages 318.jpg,accepted,"Pinned mirror revision 2dbf46f7e23eb0d6f551d38e4f77a11fe9d045b9; annotation Car parts dataset/File1/ann/Car damages 318.jpg.json; crop (418, 243, 598, 423); accepted under v2-visual-quality-rules-2026-09-06",Humans in the Loop Car Parts and Car Damages Dataset,CC0-1.0
scratch-f3cec671b0854886,scratch/hitl-6f9ca5abd7ba50df.jpg,scratch,Scratch,Humans in the Loop Car Parts and Car Damages Dataset,https://huggingface.co/datasets/DrBimmer/car-parts-and-damage-dataset/resolve/2dbf46f7e23eb0d6f551d38e4f77a11fe9d045b9/Car%20parts%20dataset/File1/img/Car%20damages%20398.png,CC0-1.0,f3cec671b0854886b70ffada578b1cd6f4d6fdb40a12ae9c1f7e429dc5400bd1,b008ce4ec91f3c70,train,Car parts dataset/File1/img/Car damages 398.png,accepted,"Pinned mirror revision 2dbf46f7e23eb0d6f551d38e4f77a11fe9d045b9; annotation Car parts dataset/File1/ann/Car damages 398.png.json; crop (231, 436, 327, 532); accepted under v2-visual-quality-rules-2026-09-06",Humans in the Loop Car Parts and Car Damages Dataset,CC0-1.0
scratch-06e649eb34d701cb,scratch/hitl-20440feb983787b5.jpg,scratch,Scratch,Humans in the Loop Car Parts and Car Damages Dataset,https://huggingface.co/datasets/DrBimmer/car-parts-and-damage-dataset/resolve/2dbf46f7e23eb0d6f551d38e4f77a11fe9d045b9/Car%20parts%20dataset/File1/img/Car%20damages%20399.png,CC0-1.0,06e649eb34d701cb94cb2a3d954f1595829de16c7dc18d8cb6183aa62fe5049a,bf6f6f8f48fe0c6e,train,Car parts dataset/File1/img/Car damages 399.png,accepted,"Pinned mirror revision 2dbf46f7e23eb0d6f551d38e4f77a11fe9d045b9; annotation Car parts dataset/File1/ann/Car damages 399.png.json; crop (211, 5, 632, 427); accepted under v2-visual-quality-rules-2026-09-06",Humans in the Loop Car Parts and Car Damages Dataset,CC0-1.0
scratch-f200e6aac472d42f,scratch/hitl-57492fabc5fe8896.jpg,scratch,Scratch,Humans in the Loop Car Parts and Car Damages Dataset,https://huggingface.co/datasets/DrBimmer/car-parts-and-damage-dataset/resolve/2dbf46f7e23eb0d6f551d38e4f77a11fe9d045b9/Car%20parts%20dataset/File1/img/Car%20damages%20407.png,CC0-1.0,f200e6aac472d42f00d9b117e9541daae53c97530abbb54cd7b48b405c2ae341,000000000445f7f5,train,Car parts dataset/File1/img/Car damages 407.png,accepted,"Pinned mirror revision 2dbf46f7e23eb0d6f551d38e4f77a11fe9d045b9; annotation Car parts dataset/File1/ann/Car damages 407.png.json; crop (402, 167, 498, 263); accepted under v2-visual-quality-rules-2026-09-06",Humans in the Loop Car Parts and Car Damages Dataset,CC0-1.0
scratch-18085c17054a3d12,scratch/hitl-d34b5cc9e53b6c7e.jpg,scratch,Scratch,Humans in the Loop Car Parts and Car Damages Dataset,https://huggingface.co/datasets/DrBimmer/car-parts-and-damage-dataset/resolve/2dbf46f7e23eb0d6f551d38e4f77a11fe9d045b9/Car%20parts%20dataset/File1/img/Car%20damages%20409.png,CC0-1.0,18085c17054a3d1210c337aa3e340a1eb9401dbcbbdc341f838af648a8583d67,f87872e269cd870f,train,Car parts dataset/File1/img/Car damages 409.png,accepted,"Pinned mirror revision 2dbf46f7e23eb0d6f551d38e4f77a11fe9d045b9; annotation Car parts dataset/File1/ann/Car damages 409.png.json; crop (346, 361, 442, 457); accepted under v2-visual-quality-rules-2026-09-06",Humans in the Loop Car Parts and Car Damages Dataset,CC0-1.0
scratch-2e610b798bc3017d,scratch/hitl-e2c07d3d3b1f31e4.jpg,scratch,Scratch,Humans in the Loop Car Parts and Car Damages Dataset,https://huggingface.co/datasets/DrBimmer/car-parts-and-damage-dataset/resolve/2dbf46f7e23eb0d6f551d38e4f77a11fe9d045b9/Car%20parts%20dataset/File1/img/Car%20damages%20429.png,CC0-1.0,2e610b798bc3017d510b2231e4636d94d8fb06158e5d023c1b953759aa9e2098,0160a0d8de221404,train,Car parts dataset/File1/img/Car damages 429.png,accepted,"Pinned mirror revision 2dbf46f7e23eb0d6f551d38e4f77a11fe9d045b9; annotation Car parts dataset/File1/ann/Car damages 429.png.json; crop (23, 304, 119, 400); accepted under v2-visual-quality-rules-2026-09-06",Humans in the Loop Car Parts and Car Damages Dataset,CC0-1.0
scratch-aee9fb4da5d5aae2,scratch/hitl-ccf099de78298033.jpg,scratch,Scratch,Humans in the Loop Car Parts and Car Damages Dataset,https://huggingface.co/datasets/DrBimmer/car-parts-and-damage-dataset/resolve/2dbf46f7e23eb0d6f551d38e4f77a11fe9d045b9/Car%20parts%20dataset/File1/img/Car%20damages%20430.png,CC0-1.0,aee9fb4da5d5aae2efcfc4fc543ce44ca4e6e4d6232a7cf23f06d832df878340,fcf8f3c6083264df,train,Car parts dataset/File1/img/Car damages 430.png,accepted,"Pinned mirror revision 2dbf46f7e23eb0d6f551d38e4f77a11fe9d045b9; annotation Car parts dataset/File1/ann/Car damages 430.png.json; crop (579, 271, 685, 377); accepted under v2-visual-quality-rules-2026-09-06",Humans in the Loop Car Parts and Car Damages Dataset,CC0-1.0
scratch-5607841239b7408a,scratch/hitl-632fbb195952565d.jpg,scratch,Scratch,Humans in the Loop Car Parts and Car Damages Dataset,https://huggingface.co/datasets/DrBimmer/car-parts-and-damage-dataset/resolve/2dbf46f7e23eb0d6f551d38e4f77a11fe9d045b9/Car%20parts%20dataset/File1/img/Car%20damages%20435.jpg,CC0-1.0,5607841239b7408a1774cd76a63e95874e116a3a350fd14933e54c15014bbf0d,801598c69fd9ffff,train,Car parts dataset/File1/img/Car damages 435.jpg,accepted,"Pinned mirror revision 2dbf46f7e23eb0d6f551d38e4f77a11fe9d045b9; annotation Car parts dataset/File1/ann/Car damages 435.jpg.json; crop (432, 161, 528, 257); accepted under v2-visual-quality-rules-2026-09-06",Humans in the Loop Car Parts and Car Damages Dataset,CC0-1.0
scratch-d745d33443a83ff9,scratch/hitl-ddaa9fee161abd97.jpg,scratch,Scratch,Humans in the Loop Car Parts and Car Damages Dataset,https://huggingface.co/datasets/DrBimmer/car-parts-and-damage-dataset/resolve/2dbf46f7e23eb0d6f551d38e4f77a11fe9d045b9/Car%20parts%20dataset/File1/img/Car%20damages%20445.png,CC0-1.0,d745d33443a83ff9e4eda36444b361734468ed747051c884c705f5e331d3c475,cf3f778937654fb8,train,Car parts dataset/File1/img/Car damages 445.png,accepted,"Pinned mirror revision 2dbf46f7e23eb0d6f551d38e4f77a11fe9d045b9; annotation Car parts dataset/File1/ann/Car damages 445.png.json; crop (0, 204, 367, 570); accepted under v2-visual-quality-rules-2026-09-06",Humans in the Loop Car Parts and Car Damages Dataset,CC0-1.0
scratch-b979515c028cba9a,scratch/hitl-15a918a34dc2851e.jpg,scratch,Scratch,Humans in the Loop Car Parts and Car Damages Dataset,https://huggingface.co/datasets/DrBimmer/car-parts-and-damage-dataset/resolve/2dbf46f7e23eb0d6f551d38e4f77a11fe9d045b9/Car%20parts%20dataset/File1/img/Car%20damages%20451.png,CC0-1.0,b979515c028cba9a14d9b79e28ee2df149038610cf56eba232e8ef396463edad,9c3c7008b3f19131,train,Car parts dataset/File1/img/Car damages 451.png,accepted,"Pinned mirror revision 2dbf46f7e23eb0d6f551d38e4f77a11fe9d045b9; annotation Car parts dataset/File1/ann/Car damages 451.png.json; crop (102, 162, 488, 548); accepted under v2-visual-quality-rules-2026-09-06",Humans in the Loop Car Parts and Car Damages Dataset,CC0-1.0
scratch-0cbd05608afc8b26,scratch/hitl-240234dec32ad6e7.jpg,scratch,Scratch,Humans in the Loop Car Parts and Car Damages Dataset,https://huggingface.co/datasets/DrBimmer/car-parts-and-damage-dataset/resolve/2dbf46f7e23eb0d6f551d38e4f77a11fe9d045b9/Car%20parts%20dataset/File1/img/Car%20damages%20480.png,CC0-1.0,0cbd05608afc8b26a05817ada2c1d59c482625bdbd26bda10c3299acbc6501d6,ff7ff0e0eceffcc0,train,Car parts dataset/File1/img/Car damages 480.png,accepted,"Pinned mirror revision 2dbf46f7e23eb0d6f551d38e4f77a11fe9d045b9; annotation Car parts dataset/File1/ann/Car damages 480.png.json; crop (332, 213, 428, 309); accepted under v2-visual-quality-rules-2026-09-06",Humans in the Loop Car Parts and Car Damages Dataset,CC0-1.0
scratch-4e59aab19495b057,scratch/hitl-11fc932a1f1ef5d7.jpg,scratch,Scratch,Humans in the Loop Car Parts and Car Damages Dataset,https://huggingface.co/datasets/DrBimmer/car-parts-and-damage-dataset/resolve/2dbf46f7e23eb0d6f551d38e4f77a11fe9d045b9/Car%20parts%20dataset/File1/img/Car%20damages%20497.png,CC0-1.0,4e59aab19495b057f2b20fcff8b4644a85575070b04e2ad67484ea6020344c04,c3cb43c9e540489d,train,Car parts dataset/File1/img/Car damages 497.png,accepted,"Pinned mirror revision 2dbf46f7e23eb0d6f551d38e4f77a11fe9d045b9; annotation Car parts dataset/File1/ann/Car damages 497.png.json; crop (235, 256, 331, 352); accepted under v2-visual-quality-rules-2026-09-06",Humans in the Loop Car Parts and Car Damages Dataset,CC0-1.0
scratch-5c1461e69cd2462f,scratch/hitl-4ae80e1f4a2273e7.jpg,scratch,Scratch,Humans in the Loop Car Parts and Car Damages Dataset,https://huggingface.co/datasets/DrBimmer/car-parts-and-damage-dataset/resolve/2dbf46f7e23eb0d6f551d38e4f77a11fe9d045b9/Car%20parts%20dataset/File1/img/Car%20damages%20601.png,CC0-1.0,5c1461e69cd2462f754a3b0f5b3f3db878822dfbde67b7ae5a767431dc43f6e3,1e01c11c80b8d4d4,train,Car parts dataset/File1/img/Car damages 601.png,accepted,"Pinned mirror revision 2dbf46f7e23eb0d6f551d38e4f77a11fe9d045b9; annotation Car parts dataset/File1/ann/Car damages 601.png.json; crop (431, 404, 527, 500); accepted under v2-visual-quality-rules-2026-09-06",Humans in the Loop Car Parts and Car Damages Dataset,CC0-1.0
scratch-bd80c48d916242bc,scratch/hitl-e1af21f952bf9750.jpg,scratch,Scratch,Humans in the Loop Car Parts and Car Damages Dataset,https://huggingface.co/datasets/DrBimmer/car-parts-and-damage-dataset/resolve/2dbf46f7e23eb0d6f551d38e4f77a11fe9d045b9/Car%20parts%20dataset/File1/img/Car%20damages%20618.png,CC0-1.0,bd80c48d916242bcbbfee4bbc1078433fe807d9577e7ebccf0dfda2fd0fd75d3,7b5f5f6feeb0f0fd,train,Car parts dataset/File1/img/Car damages 618.png,accepted,"Pinned mirror revision 2dbf46f7e23eb0d6f551d38e4f77a11fe9d045b9; annotation Car parts dataset/File1/ann/Car damages 618.png.json; crop (226, 226, 322, 322); accepted under v2-visual-quality-rules-2026-09-06",Humans in the Loop Car Parts and Car Damages Dataset,CC0-1.0
scratch-606d15d1a948eb98,scratch/hitl-ebfbff992401e5b7.jpg,scratch,Scratch,Humans in the Loop Car Parts and Car Damages Dataset,https://huggingface.co/datasets/DrBimmer/car-parts-and-damage-dataset/resolve/2dbf46f7e23eb0d6f551d38e4f77a11fe9d045b9/Car%20parts%20dataset/File1/img/Car%20damages%20620.png,CC0-1.0,606d15d1a948eb986744872675ae462531f9f300fa0fabd1eaf035da6a364f81,e3c38b2266fef4f4,train,Car parts dataset/File1/img/Car damages 620.png,accepted,"Pinned mirror revision 2dbf46f7e23eb0d6f551d38e4f77a11fe9d045b9; annotation Car parts dataset/File1/ann/Car damages 620.png.json; crop (384, 177, 480, 273); accepted under v2-visual-quality-rules-2026-09-06",Humans in the Loop Car Parts and Car Damages Dataset,CC0-1.0
scratch-e93ae329327c5da0,scratch/hitl-6f61b45a8f123a1d.jpg,scratch,Scratch,Humans in the Loop Car Parts and Car Damages Dataset,https://huggingface.co/datasets/DrBimmer/car-parts-and-damage-dataset/resolve/2dbf46f7e23eb0d6f551d38e4f77a11fe9d045b9/Car%20parts%20dataset/File1/img/Car%20damages%20622.png,CC0-1.0,e93ae329327c5da06a1d100d6ab695493a54e9ca18e02dc0fa9e39f36f1f4644,0e20c10403030309,train,Car parts dataset/File1/img/Car damages 622.png,accepted,"Pinned mirror revision 2dbf46f7e23eb0d6f551d38e4f77a11fe9d045b9; annotation Car parts dataset/File1/ann/Car damages 622.png.json; crop (92, 156, 206, 270); accepted under v2-visual-quality-rules-2026-09-06",Humans in the Loop Car Parts and Car Damages Dataset,CC0-1.0
scratch-c56e49a2d9295010,scratch/hitl-cfc6721a2834afb8.jpg,scratch,Scratch,Humans in the Loop Car Parts and Car Damages Dataset,https://huggingface.co/datasets/DrBimmer/car-parts-and-damage-dataset/resolve/2dbf46f7e23eb0d6f551d38e4f77a11fe9d045b9/Car%20parts%20dataset/File1/img/Car%20damages%20626.png,CC0-1.0,c56e49a2d929501072f1ddcabd8fd7fd3c7e6e35e4b21ae49087ffba93999deb,ffe0c6122440c316,train,Car parts dataset/File1/img/Car damages 626.png,accepted,"Pinned mirror revision 2dbf46f7e23eb0d6f551d38e4f77a11fe9d045b9; annotation Car parts dataset/File1/ann/Car damages 626.png.json; crop (214, 217, 359, 362); accepted under v2-visual-quality-rules-2026-09-06",Humans in the Loop Car Parts and Car Damages Dataset,CC0-1.0
scratch-8d6c0df1c01ca295,scratch/hitl-9d7bb28a66cb06e9.jpg,scratch,Scratch,Humans in the Loop Car Parts and Car Damages Dataset,https://huggingface.co/datasets/DrBimmer/car-parts-and-damage-dataset/resolve/2dbf46f7e23eb0d6f551d38e4f77a11fe9d045b9/Car%20parts%20dataset/File1/img/Car%20damages%20638.png,CC0-1.0,8d6c0df1c01ca2956288b26b6e5d5bd0b9a81c5b773fa9fa0fb1a2eb109aebb9,3fffbf3ece830f0f,train,Car parts dataset/File1/img/Car damages 638.png,accepted,"Pinned mirror revision 2dbf46f7e23eb0d6f551d38e4f77a11fe9d045b9; annotation Car parts dataset/File1/ann/Car damages 638.png.json; crop (426, 258, 522, 354); accepted under v2-visual-quality-rules-2026-09-06",Humans in the Loop Car Parts and Car Damages Dataset,CC0-1.0
scratch-ad536bb94d13b442,scratch/hitl-8c631a5b69079ebd.jpg,scratch,Scratch,Humans in the Loop Car Parts and Car Damages Dataset,https://huggingface.co/datasets/DrBimmer/car-parts-and-damage-dataset/resolve/2dbf46f7e23eb0d6f551d38e4f77a11fe9d045b9/Car%20parts%20dataset/File1/img/Car%20damages%20639.png,CC0-1.0,ad536bb94d13b44247ff19e5ec7cf9afd46dcada6f992e15ae104434eefdd205,1fcf6b6fe5dbc4a1,train,Car parts dataset/File1/img/Car damages 639.png,accepted,"Pinned mirror revision 2dbf46f7e23eb0d6f551d38e4f77a11fe9d045b9; annotation Car parts dataset/File1/ann/Car damages 639.png.json; crop (236, 263, 332, 359); accepted under v2-visual-quality-rules-2026-09-06",Humans in the Loop Car Parts and Car Damages Dataset,CC0-1.0
scratch-a30cbeabd3b17ded,scratch/hitl-18bb2a6ae12d82e9.jpg,scratch,Scratch,Humans in the Loop Car Parts and Car Damages Dataset,https://huggingface.co/datasets/DrBimmer/car-parts-and-damage-dataset/resolve/2dbf46f7e23eb0d6f551d38e4f77a11fe9d045b9/Car%20parts%20dataset/File1/img/Car%20damages%20698.jpg,CC0-1.0,a30cbeabd3b17ded8a3e3f79d49b38ac886c496c08898449eb53b92511ca012a,a00e3e181e76fab9,train,Car parts dataset/File1/img/Car damages 698.jpg,accepted,"Pinned mirror revision 2dbf46f7e23eb0d6f551d38e4f77a11fe9d045b9; annotation Car parts dataset/File1/ann/Car damages 698.jpg.json; crop (312, 281, 408, 377); accepted under v2-visual-quality-rules-2026-09-06",Humans in the Loop Car Parts and Car Damages Dataset,CC0-1.0
scratch-d1ad7ba0428f760b,scratch/hitl-357e36f6618203ff.jpg,scratch,Scratch,Humans in the Loop Car Parts and Car Damages Dataset,https://huggingface.co/datasets/DrBimmer/car-parts-and-damage-dataset/resolve/2dbf46f7e23eb0d6f551d38e4f77a11fe9d045b9/Car%20parts%20dataset/File1/img/Car%20damages%20712.png,CC0-1.0,d1ad7ba0428f760bfe4fb3ec148c20f8394455940f8e6576327bf8c097c3127c,4c6e6d9b3163af4f,train,Car parts dataset/File1/img/Car damages 712.png,accepted,"Pinned mirror revision 2dbf46f7e23eb0d6f551d38e4f77a11fe9d045b9; annotation Car parts dataset/File1/ann/Car damages 712.png.json; crop (165, 264, 305, 404); accepted under v2-visual-quality-rules-2026-09-06",Humans in the Loop Car Parts and Car Damages Dataset,CC0-1.0
scratch-85b48547800a8b02,scratch/hitl-e2a6e9e164fb3723.jpg,scratch,Scratch,Humans in the Loop Car Parts and Car Damages Dataset,https://huggingface.co/datasets/DrBimmer/car-parts-and-damage-dataset/resolve/2dbf46f7e23eb0d6f551d38e4f77a11fe9d045b9/Car%20parts%20dataset/File1/img/Car%20damages%20758.jpg,CC0-1.0,85b48547800a8b02827b03bac2248a1fdf76c2bf58220839cd1f08fc6887d079,1d8eee7ef676fefe,train,Car parts dataset/File1/img/Car damages 758.jpg,accepted,"Pinned mirror revision 2dbf46f7e23eb0d6f551d38e4f77a11fe9d045b9; annotation Car parts dataset/File1/ann/Car damages 758.jpg.json; crop (224, 303, 327, 407); accepted under v2-visual-quality-rules-2026-09-06",Humans in the Loop Car Parts and Car Damages Dataset,CC0-1.0
scratch-d255e8510c5f4e07,scratch/hitl-204e934a2db80c88.jpg,scratch,Scratch,Humans in the Loop Car Parts and Car Damages Dataset,https://huggingface.co/datasets/DrBimmer/car-parts-and-damage-dataset/resolve/2dbf46f7e23eb0d6f551d38e4f77a11fe9d045b9/Car%20parts%20dataset/File1/img/Car%20damages%20776.png,CC0-1.0,d255e8510c5f4e075d6801827f7cfb2cebb8b0e89f3539abf77766b827d014c7,fafe3c6c7c7e0e0e,train,Car parts dataset/File1/img/Car damages 776.png,accepted,"Pinned mirror revision 2dbf46f7e23eb0d6f551d38e4f77a11fe9d045b9; annotation Car parts dataset/File1/ann/Car damages 776.png.json; crop (248, 270, 358, 380); accepted under v2-visual-quality-rules-2026-09-06",Humans in the Loop Car Parts and Car Damages Dataset,CC0-1.0
scratch-29761ec6d8c35c7a,scratch/hitl-555676bb5e6f65e6.jpg,scratch,Scratch,Humans in the Loop Car Parts and Car Damages Dataset,https://huggingface.co/datasets/DrBimmer/car-parts-and-damage-dataset/resolve/2dbf46f7e23eb0d6f551d38e4f77a11fe9d045b9/Car%20parts%20dataset/File1/img/Car%20damages%20777.png,CC0-1.0,29761ec6d8c35c7ab386e96c2e51ba4d6f2f0d16f55e2860c3ef80bf82b81b41,c906347b6e3f83c3,train,Car parts dataset/File1/img/Car damages 777.png,accepted,"Pinned mirror revision 2dbf46f7e23eb0d6f551d38e4f77a11fe9d045b9; annotation Car parts dataset/File1/ann/Car damages 777.png.json; crop (416, 154, 512, 250); accepted under v2-visual-quality-rules-2026-09-06",Humans in the Loop Car Parts and Car Damages Dataset,CC0-1.0
scratch-19e5201f13b75732,scratch/hitl-8efb36b9bbd2874c.jpg,scratch,Scratch,Humans in the Loop Car Parts and Car Damages Dataset,https://huggingface.co/datasets/DrBimmer/car-parts-and-damage-dataset/resolve/2dbf46f7e23eb0d6f551d38e4f77a11fe9d045b9/Car%20parts%20dataset/File1/img/Car%20damages%20781.png,CC0-1.0,19e5201f13b757324f2a5d69042786f92339c3011fa5c07d614afbde582e67bc,65ce166dd993c4c1,train,Car parts dataset/File1/img/Car damages 781.png,accepted,"Pinned mirror revision 2dbf46f7e23eb0d6f551d38e4f77a11fe9d045b9; annotation Car parts dataset/File1/ann/Car damages 781.png.json; crop (420, 154, 516, 250); accepted under v2-visual-quality-rules-2026-09-06",Humans in the Loop Car Parts and Car Damages Dataset,CC0-1.0
scratch-ece2a48012d694ad,scratch/hitl-5186b6d50ff56e31.jpg,scratch,Scratch,Humans in the Loop Car Parts and Car Damages Dataset,https://huggingface.co/datasets/DrBimmer/car-parts-and-damage-dataset/resolve/2dbf46f7e23eb0d6f551d38e4f77a11fe9d045b9/Car%20parts%20dataset/File1/img/Car%20damages%20800.png,CC0-1.0,ece2a48012d694ad950ecf9b07e58c237ed004af9e2a9b20a91bcf7e83a8bdb1,3b2c43d9ceffffe7,train,Car parts dataset/File1/img/Car damages 800.png,accepted,"Pinned mirror revision 2dbf46f7e23eb0d6f551d38e4f77a11fe9d045b9; annotation Car parts dataset/File1/ann/Car damages 800.png.json; crop (116, 138, 212, 234); accepted under v2-visual-quality-rules-2026-09-06",Humans in the Loop Car Parts and Car Damages Dataset,CC0-1.0
scratch-1501e9dec86d9e9e,scratch/hitl-9ad7aca8c5185062.jpg,scratch,Scratch,Humans in the Loop Car Parts and Car Damages Dataset,https://huggingface.co/datasets/DrBimmer/car-parts-and-damage-dataset/resolve/2dbf46f7e23eb0d6f551d38e4f77a11fe9d045b9/Car%20parts%20dataset/File1/img/Car%20damages%20809.jpg,CC0-1.0,1501e9dec86d9e9e0f64ba5702f528f728163041893c0a8149a14aec1e034f25,4028680ef800031f,train,Car parts dataset/File1/img/Car damages 809.jpg,accepted,"Pinned mirror revision 2dbf46f7e23eb0d6f551d38e4f77a11fe9d045b9; annotation Car parts dataset/File1/ann/Car damages 809.jpg.json; crop (440, 153, 536, 249); accepted under v2-visual-quality-rules-2026-09-06",Humans in the Loop Car Parts and Car Damages Dataset,CC0-1.0
scratch-0ac26b1321dfda59,scratch/hitl-8633412d98d1e8d0.jpg,scratch,Scratch,Humans in the Loop Car Parts and Car Damages Dataset,https://huggingface.co/datasets/DrBimmer/car-parts-and-damage-dataset/resolve/2dbf46f7e23eb0d6f551d38e4f77a11fe9d045b9/Car%20parts%20dataset/File1/img/Car%20damages%20849.png,CC0-1.0,0ac26b1321dfda5978e139b875810a2a478e42ef8f9301462dd83852409ee65a,0830608080818306,train,Car parts dataset/File1/img/Car damages 849.png,accepted,"Pinned mirror revision 2dbf46f7e23eb0d6f551d38e4f77a11fe9d045b9; annotation Car parts dataset/File1/ann/Car damages 849.png.json; crop (368, 208, 464, 304); accepted under v2-visual-quality-rules-2026-09-06",Humans in the Loop Car Parts and Car Damages Dataset,CC0-1.0
scratch-42cd1054745a6e8f,scratch/hitl-13aeb326fa3ccc4a.jpg,scratch,Scratch,Humans in the Loop Car Parts and Car Damages Dataset,https://huggingface.co/datasets/DrBimmer/car-parts-and-damage-dataset/resolve/2dbf46f7e23eb0d6f551d38e4f77a11fe9d045b9/Car%20parts%20dataset/File1/img/Car%20damages%20860.png,CC0-1.0,42cd1054745a6e8ff294f7a6d26019953d59f40ba174b33dad36c909a2dc9442,2130381a1b64e000,train,Car parts dataset/File1/img/Car damages 860.png,accepted,"Pinned mirror revision 2dbf46f7e23eb0d6f551d38e4f77a11fe9d045b9; annotation Car parts dataset/File1/ann/Car damages 860.png.json; crop (249, 250, 373, 374); accepted under v2-visual-quality-rules-2026-09-06",Humans in the Loop Car Parts and Car Damages Dataset,CC0-1.0
scratch-5078ccddb27b4527,scratch/hitl-d9daef81c416f5f1.jpg,scratch,Scratch,Humans in the Loop Car Parts and Car Damages Dataset,https://huggingface.co/datasets/DrBimmer/car-parts-and-damage-dataset/resolve/2dbf46f7e23eb0d6f551d38e4f77a11fe9d045b9/Car%20parts%20dataset/File1/img/Car%20damages%20881.jpg,CC0-1.0,5078ccddb27b452777555f2a7e663207b29f95f263393875d5ab433257e30d43,607058888e0f0030,train,Car parts dataset/File1/img/Car damages 881.jpg,accepted,"Pinned mirror revision 2dbf46f7e23eb0d6f551d38e4f77a11fe9d045b9; annotation Car parts dataset/File1/ann/Car damages 881.jpg.json; crop (354, 207, 508, 361); accepted under v2-visual-quality-rules-2026-09-06",Humans in the Loop Car Parts and Car Damages Dataset,CC0-1.0
scratch-8fddcedca4719f61,scratch/hitl-346ff7d8817142db.jpg,scratch,Scratch,Humans in the Loop Car Parts and Car Damages Dataset,https://huggingface.co/datasets/DrBimmer/car-parts-and-damage-dataset/resolve/2dbf46f7e23eb0d6f551d38e4f77a11fe9d045b9/Car%20parts%20dataset/File1/img/Car%20damages%20888.png,CC0-1.0,8fddcedca4719f61cd29648174fbd2398418881f3c4e4b60f3ad2c9881094a1e,734eb82020071f7a,train,Car parts dataset/File1/img/Car damages 888.png,accepted,"Pinned mirror revision 2dbf46f7e23eb0d6f551d38e4f77a11fe9d045b9; annotation Car parts dataset/File1/ann/Car damages 888.png.json; crop (438, 231, 534, 327); accepted under v2-visual-quality-rules-2026-09-06",Humans in the Loop Car Parts and Car Damages Dataset,CC0-1.0
scratch-069b0a74a16f1b69,scratch/hitl-172ce005d417b7b8.jpg,scratch,Scratch,Humans in the Loop Car Parts and Car Damages Dataset,https://huggingface.co/datasets/DrBimmer/car-parts-and-damage-dataset/resolve/2dbf46f7e23eb0d6f551d38e4f77a11fe9d045b9/Car%20parts%20dataset/File1/img/Car%20damages%20919.png,CC0-1.0,069b0a74a16f1b69b759de941de00882bfb3fc43ee08370f8f2fbd9a11549f28,2e73933be24f0f86,train,Car parts dataset/File1/img/Car damages 919.png,accepted,"Pinned mirror revision 2dbf46f7e23eb0d6f551d38e4f77a11fe9d045b9; annotation Car parts dataset/File1/ann/Car damages 919.png.json; crop (251, 279, 400, 429); accepted under v2-visual-quality-rules-2026-09-06",Humans in the Loop Car Parts and Car Damages Dataset,CC0-1.0
scratch-38e1e1c0542bcc1a,scratch/hitl-5b81d7130edeef9c.jpg,scratch,Scratch,Humans in the Loop Car Parts and Car Damages Dataset,https://huggingface.co/datasets/DrBimmer/car-parts-and-damage-dataset/resolve/2dbf46f7e23eb0d6f551d38e4f77a11fe9d045b9/Car%20parts%20dataset/File1/img/Car%20damages%20922.png,CC0-1.0,38e1e1c0542bcc1a2fc5c635e98c0b64bc3eb290bae10510df25cb85f5a0e6b5,706fc1dc9f3f1e1b,train,Car parts dataset/File1/img/Car damages 922.png,accepted,"Pinned mirror revision 2dbf46f7e23eb0d6f551d38e4f77a11fe9d045b9; annotation Car parts dataset/File1/ann/Car damages 922.png.json; crop (175, 270, 307, 402); accepted under v2-visual-quality-rules-2026-09-06",Humans in the Loop Car Parts and Car Damages Dataset,CC0-1.0
scratch-fadf4d57de0360a4,scratch/hitl-4fce78446ba0b4f4.jpg,scratch,Scratch,Humans in the Loop Car Parts and Car Damages Dataset,https://huggingface.co/datasets/DrBimmer/car-parts-and-damage-dataset/resolve/2dbf46f7e23eb0d6f551d38e4f77a11fe9d045b9/Car%20parts%20dataset/File1/img/Car%20damages%20924.png,CC0-1.0,fadf4d57de0360a49ef082fe5d976e4529a7fe32b02a5bf25569f20e8524556c,e73a9d650f0e6767,train,Car parts dataset/File1/img/Car damages 924.png,accepted,"Pinned mirror revision 2dbf46f7e23eb0d6f551d38e4f77a11fe9d045b9; annotation Car parts dataset/File1/ann/Car damages 924.png.json; crop (222, 192, 364, 334); accepted under v2-visual-quality-rules-2026-09-06",Humans in the Loop Car Parts and Car Damages Dataset,CC0-1.0
scratch-ea192013ba2f7998,scratch/hitl-cfd583d9c7444233.jpg,scratch,Scratch,Humans in the Loop Car Parts and Car Damages Dataset,https://huggingface.co/datasets/DrBimmer/car-parts-and-damage-dataset/resolve/2dbf46f7e23eb0d6f551d38e4f77a11fe9d045b9/Car%20parts%20dataset/File1/img/Car%20damages%20982.png,CC0-1.0,ea192013ba2f7998e249448544c16c3fddbf2d2fbf92bf6f61a84623e26f1768,f07ee7f83f9c5f6f,train,Car parts dataset/File1/img/Car damages 982.png,accepted,"Pinned mirror revision 2dbf46f7e23eb0d6f551d38e4f77a11fe9d045b9; annotation Car parts dataset/File1/ann/Car damages 982.png.json; crop (116, 252, 226, 362); accepted under v2-visual-quality-rules-2026-09-06",Humans in the Loop Car Parts and Car Damages Dataset,CC0-1.0
scratch-87efc42fcd8f62d8,scratch/hitl-c8757eca2b53408a.jpg,scratch,Scratch,Humans in the Loop Car Parts and Car Damages Dataset,https://huggingface.co/datasets/DrBimmer/car-parts-and-damage-dataset/resolve/2dbf46f7e23eb0d6f551d38e4f77a11fe9d045b9/Car%20parts%20dataset/File1/img/Car%20damages%20996.png,CC0-1.0,87efc42fcd8f62d833464b9c749ae0584a2743688e373e43fd2ea5eca88eedf5,1c06e3dbc52480c8,train,Car parts dataset/File1/img/Car damages 996.png,accepted,"Pinned mirror revision 2dbf46f7e23eb0d6f551d38e4f77a11fe9d045b9; annotation Car parts dataset/File1/ann/Car damages 996.png.json; crop (243, 179, 388, 324); accepted under v2-visual-quality-rules-2026-09-06",Humans in the Loop Car Parts and Car Damages Dataset,CC0-1.0
