file_path,class_name,original_label,source_dataset,source_url,licence,source_group,review_status,review_notes
normal/commons-10488785.jpg,normal,quality automobile photograph; requires no-damage review,Wikimedia Commons / Quality images of automobiles,https://commons.wikimedia.org/wiki/File:2010-05-16-hoek-by-RalfR-28.jpg,GFDL 1.2 (http://www.gnu.org/licenses/old-licenses/fdl-1.2.html),commons-10488785,accepted,Creator: Ralf Roletschek (talk) - Fahrradtechnik auf fahrradmonteur.de; accepted under v2-visual-quality-rules-2026-09-06
normal/commons-10803715.jpg,normal,quality automobile photograph; requires no-damage review,Wikimedia Commons / Quality images of automobiles,https://commons.wikimedia.org/wiki/File:Ano_Viannos_R01.jpg,CC BY 3.0 (https://creativecommons.org/licenses/by/3.0),commons-10803715,rejected,Creator: Marc Ryckaert; rejected under v2-visual-quality-rules-2026-09-06: failed one or more visual inclusion rules
normal/commons-109256661.jpg,normal,quality automobile photograph; requires no-damage review,Wikimedia Commons / Quality images of automobiles,"https://commons.wikimedia.org/wiki/File:2021-08-07_Event,_Oldtimer-Rallye_1._Erfurt_Classic_1DX_9390_by_Stepro.jpg",CC BY-SA 4.0 (https://creativecommons.org/licenses/by-sa/4.0),commons-109256661,rejected,Creator: Steffen Prößdorf; rejected under v2-visual-quality-rules-2026-09-06: failed one or more visual inclusion rules
normal/commons-110018646.jpg,normal,quality automobile photograph; requires no-damage review,Wikimedia Commons / Quality images of automobiles,"https://commons.wikimedia.org/wiki/File:Automated_valet_parking,_IAA_2021,_Munich_(IAA10454).jpg",CC BY-SA 4.0 (https://creativecommons.org/licenses/by-sa/4.0),commons-110018646,accepted,Creator: Matti Blume; accepted under v2-visual-quality-rules-2026-09-06
normal/commons-123197095.jpg,normal,quality automobile photograph; requires no-damage review,Wikimedia Commons / Quality images of automobiles,https://commons.wikimedia.org/wiki/File:At_Arucas_2022_044.jpg,CC BY-SA 4.0 (https://creativecommons.org/licenses/by-sa/4.0),commons-123197095,rejected,Creator: Photograph by Mike Peel (www.mikepeel.net).; rejected under v2-visual-quality-rules-2026-09-06: failed one or more visual inclusion rules
normal/commons-123197097.jpg,normal,quality automobile photograph; requires no-damage review,Wikimedia Commons / Quality images of automobiles,https://commons.wikimedia.org/wiki/File:At_Arucas_2022_045.jpg,CC BY-SA 4.0 (https://creativecommons.org/licenses/by-sa/4.0),commons-123197097,rejected,Creator: Photograph by Mike Peel (www.mikepeel.net).; rejected under v2-visual-quality-rules-2026-09-06: failed one or more visual inclusion rules
normal/commons-123197099.jpg,normal,quality automobile photograph; requires no-damage review,Wikimedia Commons / Quality images of automobiles,https://commons.wikimedia.org/wiki/File:At_Arucas_2022_046.jpg,CC BY-SA 4.0 (https://creativecommons.org/licenses/by-sa/4.0),commons-123197099,accepted,Creator: Photograph by Mike Peel (www.mikepeel.net).; accepted under v2-visual-quality-rules-2026-09-06
normal/commons-123197104.jpg,normal,quality automobile photograph; requires no-damage review,Wikimedia Commons / Quality images of automobiles,https://commons.wikimedia.org/wiki/File:At_Arucas_2022_047.jpg,CC BY-SA 4.0 (https://creativecommons.org/licenses/by-sa/4.0),commons-123197104,rejected,Creator: Photograph by Mike Peel (www.mikepeel.net).; rejected under v2-visual-quality-rules-2026-09-06: failed one or more visual inclusion rules
normal/commons-123197105.jpg,normal,quality automobile photograph; requires no-damage review,Wikimedia Commons / Quality images of automobiles,https://commons.wikimedia.org/wiki/File:At_Arucas_2022_048.jpg,CC BY-SA 4.0 (https://creativecommons.org/licenses/by-sa/4.0),commons-123197105,rejected,Creator: Photograph by Mike Peel (www.mikepeel.net).; rejected under v2-visual-quality-rules-2026-09-06: failed one or more visual inclusion rules
normal/commons-123627903.jpg,normal,quality automobile photograph; requires no-damage review,Wikimedia Commons / Quality images of automobiles,"https://commons.wikimedia.org/wiki/File:Audi_RS5,_Binz_(P1090702).jpg",CC BY-SA 4.0 (https://creativecommons.org/licenses/by-sa/4.0/deed.en),commons-123627903,accepted,Creator: Matti Blume; accepted under v2-visual-quality-rules-2026-09-06
normal/commons-130542062.jpg,normal,quality automobile photograph; requires no-damage review,Wikimedia Commons / Quality images of automobiles,https://commons.wikimedia.org/wiki/File:At_Long_Island_2023_005.jpg,CC BY-SA 4.0 (https://creativecommons.org/licenses/by-sa/4.0),commons-130542062,rejected,Creator: Photograph by Mike Peel (www.mikepeel.net).; rejected under v2-visual-quality-rules-2026-09-06: failed one or more visual inclusion rules
normal/commons-130542069.jpg,normal,quality automobile photograph; requires no-damage review,Wikimedia Commons / Quality images of automobiles,https://commons.wikimedia.org/wiki/File:At_Long_Island_2023_006.jpg,CC BY-SA 4.0 (https://creativecommons.org/licenses/by-sa/4.0),commons-130542069,accepted,Creator: Photograph by Mike Peel (www.mikepeel.net).; accepted under v2-visual-quality-rules-2026-09-06
normal/commons-130542072.jpg,normal,quality automobile photograph; requires no-damage review,Wikimedia Commons / Quality images of automobiles,https://commons.wikimedia.org/wiki/File:At_Long_Island_2023_007.jpg,CC BY-SA 4.0 (https://creativecommons.org/licenses/by-sa/4.0),commons-130542072,rejected,Creator: Photograph by Mike Peel (www.mikepeel.net).; rejected under v2-visual-quality-rules-2026-09-06: failed one or more visual inclusion rules
normal/commons-137717479.jpg,normal,quality automobile photograph; requires no-damage review,Wikimedia Commons / Quality images of automobiles,"https://commons.wikimedia.org/wiki/File:BYD_Auto,_IAA_Summit_2023,_Munich_(P1110783).jpg",CC BY-SA 4.0 (https://creativecommons.org/licenses/by-sa/4.0/deed.en),commons-137717479,accepted,Creator: Matti Blume; accepted under v2-visual-quality-rules-2026-09-06
normal/commons-141767367.jpg,normal,quality automobile photograph; requires no-damage review,Wikimedia Commons / Quality images of automobiles,"https://commons.wikimedia.org/wiki/File:Aulitzky_M3_Competition_Touring,_EMS_2023,_Essen_(P1160951).jpg",CC BY-SA 4.0 (https://creativecommons.org/licenses/by-sa/4.0),commons-141767367,accepted,Creator: MB-one; accepted under v2-visual-quality-rules-2026-09-06
normal/commons-141810615.jpg,normal,quality automobile photograph; requires no-damage review,Wikimedia Commons / Quality images of automobiles,"https://commons.wikimedia.org/wiki/File:BMW_M4,_EMS_23,_Essen_(P1170092).jpg",CC BY-SA 4.0 (https://creativecommons.org/licenses/by-sa/4.0),commons-141810615,accepted,Creator: MB-one; accepted under v2-visual-quality-rules-2026-09-06
normal/commons-143046152.jpg,normal,quality automobile photograph; requires no-damage review,Wikimedia Commons / Quality images of automobiles,"https://commons.wikimedia.org/wiki/File:Audi_RS4,_EMS_2023,_Essen_(P1160911-RR).jpg",CC BY-SA 4.0 (https://creativecommons.org/licenses/by-sa/4.0),commons-143046152,accepted,Creator: Matti Blume; accepted under v2-visual-quality-rules-2026-09-06
normal/commons-144432033.jpg,normal,quality automobile photograph; requires no-damage review,Wikimedia Commons / Quality images of automobiles,"https://commons.wikimedia.org/wiki/File:BAS_24,_Brussels_(P1170168-RR).jpg",CC BY-SA 4.0 (https://creativecommons.org/licenses/by-sa/4.0),commons-144432033,accepted,Creator: Matti Blume; accepted under v2-visual-quality-rules-2026-09-06
normal/commons-144472729.jpg,normal,quality automobile photograph; requires no-damage review,Wikimedia Commons / Quality images of automobiles,"https://commons.wikimedia.org/wiki/File:Aixam,_BAS_24,_Brussels_(P1170403-RR).jpg",CC BY-SA 4.0 (https://creativecommons.org/licenses/by-sa/4.0),commons-144472729,accepted,Creator: Matti Blume; accepted under v2-visual-quality-rules-2026-09-06
normal/commons-144792101.jpg,normal,quality automobile photograph; requires no-damage review,Wikimedia Commons / Quality images of automobiles,"https://commons.wikimedia.org/wiki/File:BAS_24,_Brussels_(P1170498-RR).jpg",CC BY-SA 4.0 (https://creativecommons.org/licenses/by-sa/4.0/deed.en),commons-144792101,accepted,Creator: Matti Blume; accepted under v2-visual-quality-rules-2026-09-06
normal/commons-144792261.jpg,normal,quality automobile photograph; requires no-damage review,Wikimedia Commons / Quality images of automobiles,"https://commons.wikimedia.org/wiki/File:Aixam,_BAS_24,_Brussels_(P1170130-RR).jpg",CC BY-SA 4.0 (https://creativecommons.org/licenses/by-sa/4.0/deed.en),commons-144792261,accepted,Creator: Matti Blume; accepted under v2-visual-quality-rules-2026-09-06
normal/commons-144887730.jpg,normal,quality automobile photograph; requires no-damage review,Wikimedia Commons / Quality images of automobiles,"https://commons.wikimedia.org/wiki/File:BMW_XM,_BAS_24,_Brussels_(P1170360-RR).jpg",CC BY-SA 4.0 (https://creativecommons.org/licenses/by-sa/4.0/deed.en),commons-144887730,rejected,Creator: Matti Blume; rejected under v2-visual-quality-rules-2026-09-06: failed one or more visual inclusion rules
normal/commons-145174203.jpg,normal,quality automobile photograph; requires no-damage review,Wikimedia Commons / Quality images of automobiles,"https://commons.wikimedia.org/wiki/File:BAS_24,_Brussels_(P1170500).jpg",CC BY-SA 4.0 (https://creativecommons.org/licenses/by-sa/4.0/deed.en),commons-145174203,accepted,Creator: Matti Blume; accepted under v2-visual-quality-rules-2026-09-06
normal/commons-145243450.jpg,normal,quality automobile photograph; requires no-damage review,Wikimedia Commons / Quality images of automobiles,"https://commons.wikimedia.org/wiki/File:BAS_24,_Brussels_(P1170156-RR).jpg",CC BY-SA 4.0 (https://creativecommons.org/licenses/by-sa/4.0/deed.en),commons-145243450,rejected,Creator: Matti Blume; rejected under v2-visual-quality-rules-2026-09-06: failed one or more visual inclusion rules
normal/commons-145517884.jpg,normal,quality automobile photograph; requires no-damage review,Wikimedia Commons / Quality images of automobiles,"https://commons.wikimedia.org/wiki/File:BAS_24,_Brussels_(P1170247-RR).jpg",CC BY-SA 4.0 (https://creativecommons.org/licenses/by-sa/4.0/deed.en),commons-145517884,accepted,Creator: Matti Blume; accepted under v2-visual-quality-rules-2026-09-06
normal/commons-145835911.jpg,normal,quality automobile photograph; requires no-damage review,Wikimedia Commons / Quality images of automobiles,https://commons.wikimedia.org/wiki/File:2024_Dacia_Spring_GIMS_2024_1X7A2022.jpg,CC BY-SA 4.0 (https://creativecommons.org/licenses/by-sa/4.0),commons-145835911,accepted,Creator: Alexander-93; accepted under v2-visual-quality-rules-2026-09-06
normal/commons-145865998.jpg,normal,quality automobile photograph; requires no-damage review,Wikimedia Commons / Quality images of automobiles,https://commons.wikimedia.org/wiki/File:2024_BYD_Tang_GIMS_2024_1X7A2306.jpg,CC BY-SA 4.0 (https://creativecommons.org/licenses/by-sa/4.0),commons-145865998,accepted,Creator: Alexander-93; accepted under v2-visual-quality-rules-2026-09-06
normal/commons-145866001.jpg,normal,quality automobile photograph; requires no-damage review,Wikimedia Commons / Quality images of automobiles,https://commons.wikimedia.org/wiki/File:2024_BYD_Tang_GIMS_2024_1X7A2342.jpg,CC BY-SA 4.0 (https://creativecommons.org/licenses/by-sa/4.0),commons-145866001,accepted,Creator: Alexander-93; accepted under v2-visual-quality-rules-2026-09-06
normal/commons-145882737.jpg,normal,quality automobile photograph; requires no-damage review,Wikimedia Commons / Quality images of automobiles,https://commons.wikimedia.org/wiki/File:2024_Dacia_Sandero_III_GIMS_2024_1X7A2018.jpg,CC BY-SA 4.0 (https://creativecommons.org/licenses/by-sa/4.0),commons-145882737,accepted,Creator: Alexander-93; accepted under v2-visual-quality-rules-2026-09-06
normal/commons-145927505.jpg,normal,quality automobile photograph; requires no-damage review,Wikimedia Commons / Quality images of automobiles,"https://commons.wikimedia.org/wiki/File:BMW_3.0_CSL,_GIMS_2024,_Le_Grand-Saconnex_(GIMS0187).jpg",CC BY-SA 4.0 (https://creativecommons.org/licenses/by-sa/4.0/deed.en),commons-145927505,accepted,Creator: Matti Blume; accepted under v2-visual-quality-rules-2026-09-06
normal/commons-146134321.jpg,normal,quality automobile photograph; requires no-damage review,Wikimedia Commons / Quality images of automobiles,https://commons.wikimedia.org/wiki/File:2024_Dacia_Jogger_Hybrid_GIMS_2024_1X7A2409.jpg,CC BY-SA 4.0 (https://creativecommons.org/licenses/by-sa/4.0),commons-146134321,accepted,Creator: Alexander-93; accepted under v2-visual-quality-rules-2026-09-06
normal/commons-146134331.jpg,normal,quality automobile photograph; requires no-damage review,Wikimedia Commons / Quality images of automobiles,https://commons.wikimedia.org/wiki/File:2024_Dacia_Jogger_Hybrid_GIMS_2024_1X7A2413.jpg,CC BY-SA 4.0 (https://creativecommons.org/licenses/by-sa/4.0),commons-146134331,accepted,Creator: Alexander-93; accepted under v2-visual-quality-rules-2026-09-06
normal/commons-146134492.jpg,normal,quality automobile photograph; requires no-damage review,Wikimedia Commons / Quality images of automobiles,https://commons.wikimedia.org/wiki/File:2024_Dacia_Sandero_III_GIMS_2024_1X7A2249.jpg,CC BY-SA 4.0 (https://creativecommons.org/licenses/by-sa/4.0),commons-146134492,accepted,Creator: Alexander-93; accepted under v2-visual-quality-rules-2026-09-06
normal/commons-146326364.jpg,normal,quality automobile photograph; requires no-damage review,Wikimedia Commons / Quality images of automobiles,https://commons.wikimedia.org/wiki/File:2024_Isuzu_D-Max_(third_generation)_GIMS_2024_1X7A2055.jpg,CC BY-SA 4.0 (https://creativecommons.org/licenses/by-sa/4.0),commons-146326364,accepted,Creator: Alexander-93; accepted under v2-visual-quality-rules-2026-09-06
normal/commons-146326397.jpg,normal,quality automobile photograph; requires no-damage review,Wikimedia Commons / Quality images of automobiles,https://commons.wikimedia.org/wiki/File:2024_Isuzu_D-Max_(third_generation)_GIMS_2024_1X7A2056.jpg,CC BY-SA 4.0 (https://creativecommons.org/licenses/by-sa/4.0),commons-146326397,accepted,Creator: Alexander-93; accepted under v2-visual-quality-rules-2026-09-06
normal/commons-146458286.jpg,normal,quality automobile photograph; requires no-damage review,Wikimedia Commons / Quality images of automobiles,https://commons.wikimedia.org/wiki/File:2024_BYD_Tang_GIMS_2024_1X7A2258.jpg,CC BY-SA 4.0 (https://creativecommons.org/licenses/by-sa/4.0),commons-146458286,accepted,Creator: Alexander-93; accepted under v2-visual-quality-rules-2026-09-06
normal/commons-147141304.jpg,normal,quality automobile photograph; requires no-damage review,Wikimedia Commons / Quality images of automobiles,https://commons.wikimedia.org/wiki/File:At_Bristol_2006_018.jpg,CC BY-SA 4.0 (https://creativecommons.org/licenses/by-sa/4.0),commons-147141304,accepted,Creator: Photograph by Mike Peel (www.mikepeel.net).; accepted under v2-visual-quality-rules-2026-09-06
normal/commons-147141309.jpg,normal,quality automobile photograph; requires no-damage review,Wikimedia Commons / Quality images of automobiles,https://commons.wikimedia.org/wiki/File:At_Bristol_2006_019.jpg,CC BY-SA 4.0 (https://creativecommons.org/licenses/by-sa/4.0),commons-147141309,rejected,Creator: Photograph by Mike Peel (www.mikepeel.net).; rejected under v2-visual-quality-rules-2026-09-06: failed one or more visual inclusion rules
normal/commons-147141312.jpg,normal,quality automobile photograph; requires no-damage review,Wikimedia Commons / Quality images of automobiles,https://commons.wikimedia.org/wiki/File:At_Bristol_2006_020.jpg,CC BY-SA 4.0 (https://creativecommons.org/licenses/by-sa/4.0),commons-147141312,rejected,Creator: Photograph by Mike Peel (www.mikepeel.net).; rejected under v2-visual-quality-rules-2026-09-06: failed one or more visual inclusion rules
normal/commons-147141314.jpg,normal,quality automobile photograph; requires no-damage review,Wikimedia Commons / Quality images of automobiles,https://commons.wikimedia.org/wiki/File:At_Bristol_2006_021.jpg,CC BY-SA 4.0 (https://creativecommons.org/licenses/by-sa/4.0),commons-147141314,rejected,Creator: Photograph by Mike Peel (www.mikepeel.net).; rejected under v2-visual-quality-rules-2026-09-06: failed one or more visual inclusion rules
normal/commons-147141317.jpg,normal,quality automobile photograph; requires no-damage review,Wikimedia Commons / Quality images of automobiles,https://commons.wikimedia.org/wiki/File:At_Bristol_2006_022.jpg,CC BY-SA 4.0 (https://creativecommons.org/licenses/by-sa/4.0),commons-147141317,rejected,Creator: Photograph by Mike Peel (www.mikepeel.net).; rejected under v2-visual-quality-rules-2026-09-06: failed one or more visual inclusion rules
normal/commons-147816837.jpg,normal,quality automobile photograph; requires no-damage review,Wikimedia Commons / Quality images of automobiles,"https://commons.wikimedia.org/wiki/File:Abylai_Khan_Avenue,_Almaty_(P1180215).jpg",CC BY-SA 4.0 (https://creativecommons.org/licenses/by-sa/4.0/deed.en),commons-147816837,rejected,Creator: Matti Blume; rejected under v2-visual-quality-rules-2026-09-06: failed one or more visual inclusion rules
normal/commons-148659322.jpg,normal,quality automobile photograph; requires no-damage review,Wikimedia Commons / Quality images of automobiles,"https://commons.wikimedia.org/wiki/File:1940_Maybach_SW_38_42_Pullman,_TC_24,_Essen_(TCE42715-RR).jpg",CC BY-SA 4.0 (https://creativecommons.org/licenses/by-sa/4.0/deed.en),commons-148659322,accepted,Creator: Matti Blume; accepted under v2-visual-quality-rules-2026-09-06
normal/commons-148721571.jpg,normal,quality automobile photograph; requires no-damage review,Wikimedia Commons / Quality images of automobiles,"https://commons.wikimedia.org/wiki/File:Aston_Martin_Valkyrie,_TC_24,_Essen_(TCE42947).jpg",CC BY-SA 4.0 (https://creativecommons.org/licenses/by-sa/4.0/deed.en),commons-148721571,accepted,Creator: Matti Blume; accepted under v2-visual-quality-rules-2026-09-06
normal/commons-148721661.jpg,normal,quality automobile photograph; requires no-damage review,Wikimedia Commons / Quality images of automobiles,"https://commons.wikimedia.org/wiki/File:1950_Jaguar_Mark_V_2.5_DHC,_TC_24,_Essen_(TCE42662).jpg",CC BY-SA 4.0 (https://creativecommons.org/licenses/by-sa/4.0/deed.en),commons-148721661,accepted,Creator: Matti Blume; accepted under v2-visual-quality-rules-2026-09-06
normal/commons-149049740.jpg,normal,quality automobile photograph; requires no-damage review,Wikimedia Commons / Quality images of automobiles,"https://commons.wikimedia.org/wiki/File:1929_Rolls-Royce_Phantom_II_Boattail,_TCE_24,_Essen_(TCE43400-RR).jpg",CC BY-SA 4.0 (https://creativecommons.org/licenses/by-sa/4.0/deed.en),commons-149049740,accepted,Creator: Matti Blume; accepted under v2-visual-quality-rules-2026-09-06
normal/commons-149445919.jpg,normal,quality automobile photograph; requires no-damage review,Wikimedia Commons / Quality images of automobiles,"https://commons.wikimedia.org/wiki/File:Aston_Martin_V12_Vantage,_TC_24,_Essen_(TCE42642).jpg",CC BY-SA 4.0 (https://creativecommons.org/licenses/by-sa/4.0/deed.en),commons-149445919,accepted,Creator: Matti Blume; accepted under v2-visual-quality-rules-2026-09-06
normal/commons-149632175.jpg,normal,quality automobile photograph; requires no-damage review,Wikimedia Commons / Quality images of automobiles,"https://commons.wikimedia.org/wiki/File:Aston_Martin_V12_Vantage,_TC_24,_Essen_(TCE42645).jpg",CC BY-SA 4.0 (https://creativecommons.org/licenses/by-sa/4.0/deed.en),commons-149632175,accepted,Creator: Matti Blume; accepted under v2-visual-quality-rules-2026-09-06
normal/commons-149632179.jpg,normal,quality automobile photograph; requires no-damage review,Wikimedia Commons / Quality images of automobiles,"https://commons.wikimedia.org/wiki/File:BMW,_TC_24,_Essen_(TCE42709).jpg",CC BY-SA 4.0 (https://creativecommons.org/licenses/by-sa/4.0/deed.en),commons-149632179,accepted,Creator: Matti Blume; accepted under v2-visual-quality-rules-2026-09-06
normal/commons-150114711.jpg,normal,quality automobile photograph; requires no-damage review,Wikimedia Commons / Quality images of automobiles,"https://commons.wikimedia.org/wiki/File:Audi_A8_Connect,_IAA_2011,_Frankfurt_am_Main_(DSC03296).jpg",CC BY-SA 4.0 (https://creativecommons.org/licenses/by-sa/4.0/deed.en),commons-150114711,rejected,Creator: Matti Blume; rejected under v2-visual-quality-rules-2026-09-06: failed one or more visual inclusion rules
normal/commons-150606968.jpg,normal,quality automobile photograph; requires no-damage review,Wikimedia Commons / Quality images of automobiles,"https://commons.wikimedia.org/wiki/File:BMW_M5_mule,_Munich_(P1190468).jpg",CC BY-SA 4.0 (https://creativecommons.org/licenses/by-sa/4.0/deed.en),commons-150606968,rejected,Creator: Matti Blume; rejected under v2-visual-quality-rules-2026-09-06: failed one or more visual inclusion rules
normal/commons-150909317.jpg,normal,quality automobile photograph; requires no-damage review,Wikimedia Commons / Quality images of automobiles,"https://commons.wikimedia.org/wiki/File:Abarth_500,_Motortreff_Bella_Italia_2024,_Munich_(P1190451).jpg",CC BY-SA 4.0 (https://creativecommons.org/licenses/by-sa/4.0/deed.en),commons-150909317,accepted,Creator: Matti Blume; accepted under v2-visual-quality-rules-2026-09-06
normal/commons-151007973.jpg,normal,quality automobile photograph; requires no-damage review,Wikimedia Commons / Quality images of automobiles,"https://commons.wikimedia.org/wiki/File:BMW_Z8,_Motortreff_Bella_Italia_2024,_Munich_(P1190319-Pano).jpg",CC BY-SA 4.0 (https://creativecommons.org/licenses/by-sa/4.0/deed.en),commons-151007973,accepted,Creator: Matti Blume; accepted under v2-visual-quality-rules-2026-09-06
normal/commons-152675144.jpg,normal,quality automobile photograph; requires no-damage review,Wikimedia Commons / Quality images of automobiles,"https://commons.wikimedia.org/wiki/File:BMW_i8_Roadster,_Motortreff_Bella_Italia_2024,_Munich_(P1190312).jpg",CC BY-SA 4.0 (https://creativecommons.org/licenses/by-sa/4.0/deed.en),commons-152675144,accepted,Creator: Matti Blume; accepted under v2-visual-quality-rules-2026-09-06
normal/commons-155026372.jpg,normal,quality automobile photograph; requires no-damage review,Wikimedia Commons / Quality images of automobiles,"https://commons.wikimedia.org/wiki/File:Auto_2024,_Zurich_(PANA1038).jpg",CC BY-SA 4.0 (https://creativecommons.org/licenses/by-sa/4.0/deed.en),commons-155026372,accepted,Creator: Matti Blume; accepted under v2-visual-quality-rules-2026-09-06
normal/commons-155028434.jpg,normal,quality automobile photograph; requires no-damage review,Wikimedia Commons / Quality images of automobiles,"https://commons.wikimedia.org/wiki/File:Auto_2024,_Zurich_(PANA1029).jpg",CC BY-SA 4.0 (https://creativecommons.org/licenses/by-sa/4.0/deed.en),commons-155028434,accepted,Creator: Matti Blume; accepted under v2-visual-quality-rules-2026-09-06
normal/commons-155056679.jpg,normal,quality automobile photograph; requires no-damage review,Wikimedia Commons / Quality images of automobiles,"https://commons.wikimedia.org/wiki/File:Auto_2024,_Zurich_(PANA0883).jpg",CC BY-SA 4.0 (https://creativecommons.org/licenses/by-sa/4.0/deed.en),commons-155056679,accepted,Creator: Matti Blume; accepted under v2-visual-quality-rules-2026-09-06
normal/commons-16130613.jpg,normal,quality automobile photograph; requires no-damage review,Wikimedia Commons / Quality images of automobiles,https://commons.wikimedia.org/wiki/File:Aixam_-_O_Carril_-_Vilagarc%C3%ADa_de_Arousa_-_Galiza-46.jpg,CC BY-SA 3.0 (https://creativecommons.org/licenses/by-sa/3.0),commons-16130613,accepted,Creator: Luis Miguel Bugallo Sánchez(Lmbuga); accepted under v2-visual-quality-rules-2026-09-06
normal/commons-16146254.jpg,normal,quality automobile photograph; requires no-damage review,Wikimedia Commons / Quality images of automobiles,https://commons.wikimedia.org/wiki/File:2P26_Panzerabwehrraketen.JPG,CC BY 3.0 de (https://creativecommons.org/licenses/by/3.0/de/deed.en),commons-16146254,rejected,Creator: High Contrast; rejected under v2-visual-quality-rules-2026-09-06: failed one or more visual inclusion rules
normal/commons-16234456.jpg,normal,quality automobile photograph; requires no-damage review,Wikimedia Commons / Quality images of automobiles,https://commons.wikimedia.org/wiki/File:2011-08-13_189_FMR_TG_500.JPG,CC BY-SA 2.0 de (https://creativecommons.org/licenses/by-sa/2.0/de/deed.en),commons-16234456,accepted,Creator: Lothar Spurzem; accepted under v2-visual-quality-rules-2026-09-06
normal/commons-163259483.jpg,normal,quality automobile photograph; requires no-damage review,Wikimedia Commons / Quality images of automobiles,"https://commons.wikimedia.org/wiki/File:18._ADAC_Stormarn_Classic,_Zarpen_(TR257232).jpg",CC BY-SA 4.0 (https://creativecommons.org/licenses/by-sa/4.0/deed.en),commons-163259483,accepted,Creator: Matti Blume; accepted under v2-visual-quality-rules-2026-09-06
normal/commons-163275827.jpg,normal,quality automobile photograph; requires no-damage review,Wikimedia Commons / Quality images of automobiles,"https://commons.wikimedia.org/wiki/File:18._ADAC_Stormarn_Classic,_Zarpen_(P1045461).jpg",CC BY-SA 4.0 (https://creativecommons.org/licenses/by-sa/4.0/deed.en),commons-163275827,rejected,Creator: Matti Blume; rejected under v2-visual-quality-rules-2026-09-06: failed one or more visual inclusion rules
normal/commons-163276452.jpg,normal,quality automobile photograph; requires no-damage review,Wikimedia Commons / Quality images of automobiles,"https://commons.wikimedia.org/wiki/File:18._ADAC_Stormarn_Classic,_Zarpen_(TR257255).jpg",CC BY-SA 4.0 (https://creativecommons.org/licenses/by-sa/4.0/deed.en),commons-163276452,accepted,Creator: Matti Blume; accepted under v2-visual-quality-rules-2026-09-06
normal/commons-163299041.jpg,normal,quality automobile photograph; requires no-damage review,Wikimedia Commons / Quality images of automobiles,"https://commons.wikimedia.org/wiki/File:0_car,_40._ADAC_Stormarn_Rallye,_Luetjensee_(TR256767).jpg",CC BY-SA 4.0 (https://creativecommons.org/licenses/by-sa/4.0/deed.en),commons-163299041,rejected,Creator: Matti Blume; rejected under v2-visual-quality-rules-2026-09-06: failed one or more visual inclusion rules
normal/commons-163343253.jpg,normal,quality automobile photograph; requires no-damage review,Wikimedia Commons / Quality images of automobiles,"https://commons.wikimedia.org/wiki/File:40._ADAC_Stormarn_Rallye,_Luetjensee_(TR256932).jpg",CC BY-SA 4.0 (https://creativecommons.org/licenses/by-sa/4.0/deed.en),commons-163343253,accepted,Creator: Matti Blume; accepted under v2-visual-quality-rules-2026-09-06
normal/commons-163343302.jpg,normal,quality automobile photograph; requires no-damage review,Wikimedia Commons / Quality images of automobiles,"https://commons.wikimedia.org/wiki/File:18._ADAC_Stormarn_Classic,_Luetjensee_(P1045457).jpg",CC BY-SA 4.0 (https://creativecommons.org/licenses/by-sa/4.0/deed.en),commons-163343302,accepted,Creator: Matti Blume; accepted under v2-visual-quality-rules-2026-09-06
normal/commons-163343324.jpg,normal,quality automobile photograph; requires no-damage review,Wikimedia Commons / Quality images of automobiles,"https://commons.wikimedia.org/wiki/File:14._ADAC_Stormarn_Retro,_Zarpen_(TR257093).jpg",CC BY-SA 4.0 (https://creativecommons.org/licenses/by-sa/4.0/deed.en),commons-163343324,accepted,Creator: Matti Blume; accepted under v2-visual-quality-rules-2026-09-06
normal/commons-163343344.jpg,normal,quality automobile photograph; requires no-damage review,Wikimedia Commons / Quality images of automobiles,"https://commons.wikimedia.org/wiki/File:14._ADAC_Stormarn_Retro,_Zarpen_(TR257099).jpg",CC BY-SA 4.0 (https://creativecommons.org/licenses/by-sa/4.0/deed.en),commons-163343344,rejected,Creator: Matti Blume; rejected under v2-visual-quality-rules-2026-09-06: failed one or more visual inclusion rules
normal/commons-163484530.jpg,normal,quality automobile photograph; requires no-damage review,Wikimedia Commons / Quality images of automobiles,"https://commons.wikimedia.org/wiki/File:40._ADAC_Stormarn_Rallye,_Luetjensee_(TR256968).jpg",CC BY-SA 4.0 (https://creativecommons.org/licenses/by-sa/4.0/deed.en),commons-163484530,accepted,Creator: Matti Blume; accepted under v2-visual-quality-rules-2026-09-06
normal/commons-176270688.jpg,normal,quality automobile photograph; requires no-damage review,Wikimedia Commons / Quality images of automobiles,https://commons.wikimedia.org/wiki/File:1947_Tama.jpg,CC0 (http://creativecommons.org/publicdomain/zero/1.0/deed.en),commons-176270688,accepted,Creator: TTTNIS; accepted under v2-visual-quality-rules-2026-09-06
normal/commons-176983186.jpg,normal,quality automobile photograph; requires no-damage review,Wikimedia Commons / Quality images of automobiles,https://commons.wikimedia.org/wiki/File:1960_Nash_Metropolitan.jpg,CC0 (http://creativecommons.org/publicdomain/zero/1.0/deed.en),commons-176983186,accepted,Creator: TTTNIS; accepted under v2-visual-quality-rules-2026-09-06
normal/commons-176985714.jpg,normal,quality automobile photograph; requires no-damage review,Wikimedia Commons / Quality images of automobiles,https://commons.wikimedia.org/wiki/File:1957_Z%C3%BCndapp_Janus_250_rear.jpg,CC0 (http://creativecommons.org/publicdomain/zero/1.0/deed.en),commons-176985714,accepted,Creator: TTTNIS; accepted under v2-visual-quality-rules-2026-09-06
normal/commons-176985715.jpg,normal,quality automobile photograph; requires no-damage review,Wikimedia Commons / Quality images of automobiles,https://commons.wikimedia.org/wiki/File:1957_Z%C3%BCndapp_Janus_250.jpg,CC0 (http://creativecommons.org/publicdomain/zero/1.0/deed.en),commons-176985715,rejected,Creator: TTTNIS; rejected under v2-visual-quality-rules-2026-09-06: failed one or more visual inclusion rules
normal/commons-177797991.jpg,normal,quality automobile photograph; requires no-damage review,Wikimedia Commons / Quality images of automobiles,"https://commons.wikimedia.org/wiki/File:Alpine_A390,_Auto_2025,_Zurich_(20251029-P1074507).jpg",CC BY-SA 4.0 (https://creativecommons.org/licenses/by-sa/4.0/deed.en),commons-177797991,accepted,Creator: Matti Blume; accepted under v2-visual-quality-rules-2026-09-06
normal/commons-191175290.jpg,normal,quality automobile photograph; requires no-damage review,Wikimedia Commons / Quality images of automobiles,https://commons.wikimedia.org/wiki/File:2024_Mitsuoka_Buddy.jpg,CC0 (http://creativecommons.org/publicdomain/zero/1.0/deed.en),commons-191175290,accepted,Creator: TTTNIS; accepted under v2-visual-quality-rules-2026-09-06
normal/commons-19637561.jpg,normal,quality automobile photograph; requires no-damage review,Wikimedia Commons / Quality images of automobiles,https://commons.wikimedia.org/wiki/File:Aswan_Corniche_R05.jpg,CC BY 3.0 (https://creativecommons.org/licenses/by/3.0),commons-19637561,rejected,Creator: Marc Ryckaert; rejected under v2-visual-quality-rules-2026-09-06: failed one or more visual inclusion rules
normal/commons-20256566.jpg,normal,quality automobile photograph; requires no-damage review,Wikimedia Commons / Quality images of automobiles,https://commons.wikimedia.org/wiki/File:12-07-14-wikimania-wdc-by-RalfR-23.jpg,CC BY-SA 3.0 (https://creativecommons.org/licenses/by-sa/3.0),commons-20256566,accepted,Creator: Ralf Roletschek (talk) - Infos über Fahrräder auf fahrradmonteur.de Wikis in der Ausbildung; accepted under v2-visual-quality-rules-2026-09-06
normal/commons-21412381.jpg,normal,quality automobile photograph; requires no-damage review,Wikimedia Commons / Quality images of automobiles,https://commons.wikimedia.org/wiki/File:Alvis_Angoul%C3%AAme_2012.jpg,CC BY-SA 3.0 (https://creativecommons.org/licenses/by-sa/3.0),commons-21412381,accepted,Creator: JLPC; accepted under v2-visual-quality-rules-2026-09-06
normal/commons-24468655.jpg,normal,quality automobile photograph; requires no-damage review,Wikimedia Commons / Quality images of automobiles,https://commons.wikimedia.org/wiki/File:013_Switzerland_-_road_Hauptstrasse_7_in_Wangi.jpg,CC BY 3.0 (https://creativecommons.org/licenses/by/3.0),commons-24468655,rejected,Creator: Marek Ślusarczyk (Tupungato) Photo gallery; rejected under v2-visual-quality-rules-2026-09-06: failed one or more visual inclusion rules
normal/commons-27627562.jpg,normal,quality automobile photograph; requires no-damage review,Wikimedia Commons / Quality images of automobiles,https://commons.wikimedia.org/wiki/File:13-08-08-hongkong-by-RalfR-058.jpg,CC BY 3.0 (https://creativecommons.org/licenses/by/3.0),commons-27627562,rejected,Creator: Ralf Roletschek; rejected under v2-visual-quality-rules-2026-09-06: failed one or more visual inclusion rules
normal/commons-27644179.jpg,normal,quality automobile photograph; requires no-damage review,Wikimedia Commons / Quality images of automobiles,https://commons.wikimedia.org/wiki/File:13-08-09-hongkong-by-RalfR-030.jpg,CC BY 3.0 (https://creativecommons.org/licenses/by/3.0),commons-27644179,rejected,Creator: Ralf Roletschek; rejected under v2-visual-quality-rules-2026-09-06: failed one or more visual inclusion rules
normal/commons-27779806.jpg,normal,quality automobile photograph; requires no-damage review,Wikimedia Commons / Quality images of automobiles,https://commons.wikimedia.org/wiki/File:13-08-11-hongkong-50mm-03.jpg,CC BY 3.0 (https://creativecommons.org/licenses/by/3.0),commons-27779806,rejected,Creator: Ralf Roletschek; rejected under v2-visual-quality-rules-2026-09-06: failed one or more visual inclusion rules
normal/commons-30037464.jpg,normal,quality automobile photograph; requires no-damage review,Wikimedia Commons / Quality images of automobiles,https://commons.wikimedia.org/wiki/File:Autochocado.jpg,CC BY-SA 3.0 (https://creativecommons.org/licenses/by-sa/3.0),commons-30037464,rejected,Creator: Ezarate; rejected under v2-visual-quality-rules-2026-09-06: failed one or more visual inclusion rules
normal/commons-30389429.jpg,normal,quality automobile photograph; requires no-damage review,Wikimedia Commons / Quality images of automobiles,https://commons.wikimedia.org/wiki/File:2009_Spyker_C8_Spyder_rL.jpg,CC BY-SA 3.0 (https://creativecommons.org/licenses/by-sa/3.0),commons-30389429,accepted,Creator: Mr.choppers; accepted under v2-visual-quality-rules-2026-09-06
normal/commons-35570480.jpg,normal,quality automobile photograph; requires no-damage review,Wikimedia Commons / Quality images of automobiles,https://commons.wikimedia.org/wiki/File:14-08-09-london-taxi-RalfR-08.jpg,GFDL 1.2 (http://www.gnu.org/licenses/old-licenses/fdl-1.2.html),commons-35570480,accepted,Creator: Ralf Roletschek; accepted under v2-visual-quality-rules-2026-09-06
normal/commons-35570512.jpg,normal,quality automobile photograph; requires no-damage review,Wikimedia Commons / Quality images of automobiles,https://commons.wikimedia.org/wiki/File:14-08-09-london-taxi-RalfR-11.jpg,GFDL 1.2 (http://www.gnu.org/licenses/old-licenses/fdl-1.2.html),commons-35570512,accepted,Creator: Ralf Roletschek; accepted under v2-visual-quality-rules-2026-09-06
normal/commons-37897559.jpg,normal,quality automobile photograph; requires no-damage review,Wikimedia Commons / Quality images of automobiles,"https://commons.wikimedia.org/wiki/File:2014_Suchum,_UAZ_469.jpg",CC BY-SA 4.0 (https://creativecommons.org/licenses/by-sa/4.0),commons-37897559,accepted,Creator: Hons084; accepted under v2-visual-quality-rules-2026-09-06
normal/commons-39657617.jpg,normal,quality automobile photograph; requires no-damage review,Wikimedia Commons / Quality images of automobiles,"https://commons.wikimedia.org/wiki/File:Alvis_Speed_20_4,3_Litre_Special,_Bj._1935,_4300_cm%C2%B3,_140_PS_(2007-07-22).jpg",CC BY-SA 2.0 de (https://creativecommons.org/licenses/by-sa/2.0/de/deed.en),commons-39657617,accepted,Creator: Lothar Spurzem; accepted under v2-visual-quality-rules-2026-09-06
normal/commons-41186539.jpg,normal,quality automobile photograph; requires no-damage review,Wikimedia Commons / Quality images of automobiles,https://commons.wikimedia.org/wiki/File:2015_Kryta_p%C5%82ywalnia_w_K%C5%82odzku_01.jpg,CC BY-SA 4.0 (https://creativecommons.org/licenses/by-sa/4.0),commons-41186539,rejected,Creator: Jacek Halicki; rejected under v2-visual-quality-rules-2026-09-06: failed one or more visual inclusion rules
normal/commons-41243339.jpg,normal,quality automobile photograph; requires no-damage review,Wikimedia Commons / Quality images of automobiles,"https://commons.wikimedia.org/wiki/File:Amsterdam_(NL),_Singel_--_2015_--_7173.jpg",CC BY-SA 4.0 (https://creativecommons.org/licenses/by-sa/4.0),commons-41243339,rejected,Creator: Dietmar Rabich; rejected under v2-visual-quality-rules-2026-09-06: failed one or more visual inclusion rules
normal/commons-41345745.jpg,normal,quality automobile photograph; requires no-damage review,Wikimedia Commons / Quality images of automobiles,"https://commons.wikimedia.org/wiki/File:Amsterdam_(NL),_Waag_--_2015_--_7258.jpg",CC BY-SA 4.0 (https://creativecommons.org/licenses/by-sa/4.0),commons-41345745,rejected,Creator: Dietmar Rabich; rejected under v2-visual-quality-rules-2026-09-06: failed one or more visual inclusion rules
normal/commons-42159550.jpg,normal,quality automobile photograph; requires no-damage review,Wikimedia Commons / Quality images of automobiles,https://commons.wikimedia.org/wiki/File:15-07-16-Straszenszenen-Mexico-RalfR-WMA_1074.jpg,GFDL 1.2 (http://www.gnu.org/licenses/old-licenses/fdl-1.2.html),commons-42159550,accepted,Creator: Ralf Roletschek; accepted under v2-visual-quality-rules-2026-09-06
normal/commons-48189864.jpg,normal,quality automobile photograph; requires no-damage review,Wikimedia Commons / Quality images of automobiles,https://commons.wikimedia.org/wiki/File:Aixam-Crossline-Nizza-4070913.jpg,CC BY-SA 4.0 (https://creativecommons.org/licenses/by-sa/4.0),commons-48189864,accepted,Creator: ermell; accepted under v2-visual-quality-rules-2026-09-06
normal/commons-48249806.jpg,normal,quality automobile photograph; requires no-damage review,Wikimedia Commons / Quality images of automobiles,"https://commons.wikimedia.org/wiki/File:2014_Prowincja_Tawusz,_Dilid%C5%BCan,_Budynek_banku_(01).jpg",CC BY-SA 4.0 (https://creativecommons.org/licenses/by-sa/4.0),commons-48249806,rejected,Creator: Marcin Konsek; rejected under v2-visual-quality-rules-2026-09-06: failed one or more visual inclusion rules
normal/commons-48374376.jpg,normal,quality automobile photograph; requires no-damage review,Wikimedia Commons / Quality images of automobiles,"https://commons.wikimedia.org/wiki/File:2014_Prowincja_Tawusz,_Dilid%C5%BCan,_Stare_auto_przy_drodze_M-8.jpg",CC BY-SA 4.0 (https://creativecommons.org/licenses/by-sa/4.0),commons-48374376,rejected,Creator: Marcin Konsek; rejected under v2-visual-quality-rules-2026-09-06: failed one or more visual inclusion rules
normal/commons-48952304.jpg,normal,quality automobile photograph; requires no-damage review,Wikimedia Commons / Quality images of automobiles,https://commons.wikimedia.org/wiki/File:Alvis_Speed_20_SC_-_1935.jpg,CC BY-SA 4.0 (https://creativecommons.org/licenses/by-sa/4.0),commons-48952304,accepted,Creator: DeFacto; accepted under v2-visual-quality-rules-2026-09-06
normal/commons-48957310.jpg,normal,quality automobile photograph; requires no-damage review,Wikimedia Commons / Quality images of automobiles,https://commons.wikimedia.org/wiki/File:Alvis_Speed_20_SC_1935_-_front_three-quarter.jpg,CC BY-SA 4.0 (https://creativecommons.org/licenses/by-sa/4.0),commons-48957310,rejected,Creator: DeFacto; rejected under v2-visual-quality-rules-2026-09-06: failed one or more visual inclusion rules
normal/commons-50078551.jpg,normal,quality automobile photograph; requires no-damage review,Wikimedia Commons / Quality images of automobiles,"https://commons.wikimedia.org/wiki/File:2016_Stronie_%C5%9Al%C4%85skie,_ul._Nadrzeczna.jpg",CC BY-SA 4.0 (https://creativecommons.org/licenses/by-sa/4.0),commons-50078551,rejected,Creator: Jacek Halicki; rejected under v2-visual-quality-rules-2026-09-06: failed one or more visual inclusion rules
normal/commons-5184684.jpg,normal,quality automobile photograph; requires no-damage review,Wikimedia Commons / Quality images of automobiles,https://commons.wikimedia.org/wiki/File:2008-11-11_CarMax_in_Raleigh.jpg,CC BY-SA 4.0 (https://creativecommons.org/licenses/by-sa/4.0),commons-5184684,rejected,Creator: Ildar Sagdejev (Specious); rejected under v2-visual-quality-rules-2026-09-06: failed one or more visual inclusion rules
normal/commons-52501690.jpg,normal,quality automobile photograph; requires no-damage review,Wikimedia Commons / Quality images of automobiles,"https://commons.wikimedia.org/wiki/File:2016_Malakka,_Pojazdy_opancerzone_obok_Budynku-memoria%C5%82u_Proklamacji_Niepodleg%C5%82o%C5%9Bci_(02).jpg",CC BY-SA 4.0 (https://creativecommons.org/licenses/by-sa/4.0),commons-52501690,rejected,Creator: Marcin Konsek; rejected under v2-visual-quality-rules-2026-09-06: failed one or more visual inclusion rules
normal/commons-52501706.jpg,normal,quality automobile photograph; requires no-damage review,Wikimedia Commons / Quality images of automobiles,"https://commons.wikimedia.org/wiki/File:2016_Malakka,_Pojazdy_opancerzone_obok_Budynku-memoria%C5%82u_Proklamacji_Niepodleg%C5%82o%C5%9Bci_(03).jpg",CC BY-SA 4.0 (https://creativecommons.org/licenses/by-sa/4.0),commons-52501706,rejected,Creator: Marcin Konsek; rejected under v2-visual-quality-rules-2026-09-06: failed one or more visual inclusion rules
normal/commons-53377932.jpg,normal,quality automobile photograph; requires no-damage review,Wikimedia Commons / Quality images of automobiles,https://commons.wikimedia.org/wiki/File:16-11-16-Glasgow_street_scene-RR2_7280.jpg,GFDL 1.2 (http://www.gnu.org/licenses/old-licenses/fdl-1.2.html),commons-53377932,accepted,Creator: Ralf Roletschek; accepted under v2-visual-quality-rules-2026-09-06
normal/commons-5350129.jpg,normal,quality automobile photograph; requires no-damage review,Wikimedia Commons / Quality images of automobiles,"https://commons.wikimedia.org/wiki/File:AFM_50,_1971_cm%C2%B3,_Bj._1950_(2008-06-28).jpg",CC BY-SA 2.0 de (https://creativecommons.org/licenses/by-sa/2.0/de/deed.en),commons-5350129,accepted,Creator: Spurzem - Lothar Spurzem; accepted under v2-visual-quality-rules-2026-09-06
normal/commons-54264842.jpg,normal,quality automobile photograph; requires no-damage review,Wikimedia Commons / Quality images of automobiles,"https://commons.wikimedia.org/wiki/File:2007-06-17_07_Veritas_RS,_Bj._1948_(Motor_BMW_328).jpg",CC BY-SA 2.0 de (https://creativecommons.org/licenses/by-sa/2.0/de/deed.en),commons-54264842,rejected,Creator: Lothar Spurzem; rejected under v2-visual-quality-rules-2026-09-06: failed one or more visual inclusion rules
normal/commons-54304684.jpg,normal,quality automobile photograph; requires no-damage review,Wikimedia Commons / Quality images of automobiles,"https://commons.wikimedia.org/wiki/File:2007-06-17_06_Veritas_RS,_Bj._1948,_Cockpit.jpg",CC BY-SA 2.0 de (https://creativecommons.org/licenses/by-sa/2.0/de/deed.en),commons-54304684,rejected,Creator: Lothar Spurzem; rejected under v2-visual-quality-rules-2026-09-06: failed one or more visual inclusion rules
normal/commons-60336008.jpg,normal,quality automobile photograph; requires no-damage review,Wikimedia Commons / Quality images of automobiles,https://commons.wikimedia.org/wiki/File:Armstrong_Siddeley_1937_(front).jpg,CC BY-SA 4.0 (https://creativecommons.org/licenses/by-sa/4.0),commons-60336008,accepted,Creator: Palauenc05; accepted under v2-visual-quality-rules-2026-09-06
normal/commons-6052172.jpg,normal,quality automobile photograph; requires no-damage review,Wikimedia Commons / Quality images of automobiles,https://commons.wikimedia.org/wiki/File:2009-02-26_Wheel_clamp_on_Hummer.jpg,CC BY-SA 4.0 (https://creativecommons.org/licenses/by-sa/4.0),commons-6052172,rejected,Creator: Ildar Sagdejev (Specious); rejected under v2-visual-quality-rules-2026-09-06: failed one or more visual inclusion rules
normal/commons-60736570.jpg,normal,quality automobile photograph; requires no-damage review,Wikimedia Commons / Quality images of automobiles,https://commons.wikimedia.org/wiki/File:17-07-02-Maidan_Nezalezhnosti_RR74420.jpg,GFDL 1.2 (http://www.gnu.org/licenses/old-licenses/fdl-1.2.html),commons-60736570,accepted,Creator: Ralf Roletschek; accepted under v2-visual-quality-rules-2026-09-06
normal/commons-60736574.jpg,normal,quality automobile photograph; requires no-damage review,Wikimedia Commons / Quality images of automobiles,https://commons.wikimedia.org/wiki/File:17-07-02-Maidan_Nezalezhnosti_RR74421.jpg,GFDL 1.2 (http://www.gnu.org/licenses/old-licenses/fdl-1.2.html),commons-60736574,accepted,Creator: Ralf Roletschek; accepted under v2-visual-quality-rules-2026-09-06
normal/commons-61794291.jpg,normal,quality automobile photograph; requires no-damage review,Wikimedia Commons / Quality images of automobiles,https://commons.wikimedia.org/wiki/File:17-08-islcanus-RalfR-DSC_4720_1.jpg,GFDL 1.2 (http://www.gnu.org/licenses/old-licenses/fdl-1.2.html),commons-61794291,rejected,Creator: Ralf Roletschek; rejected under v2-visual-quality-rules-2026-09-06: failed one or more visual inclusion rules
normal/commons-61966336.jpg,normal,quality automobile photograph; requires no-damage review,Wikimedia Commons / Quality images of automobiles,https://commons.wikimedia.org/wiki/File:BNC-1928.jpg,CC BY-SA 4.0 (https://creativecommons.org/licenses/by-sa/4.0),commons-61966336,accepted,Creator: Palauenc05; accepted under v2-visual-quality-rules-2026-09-06
normal/commons-67788381.jpg,normal,quality automobile photograph; requires no-damage review,Wikimedia Commons / Quality images of automobiles,"https://commons.wikimedia.org/wiki/File:BMW_M1,_Techno-Classica_2018,_Essen_(IMG_0063).jpg",CC BY-SA 4.0 (https://creativecommons.org/licenses/by-sa/4.0),commons-67788381,accepted,Creator: Matti Blume; accepted under v2-visual-quality-rules-2026-09-06
normal/commons-72805026.jpg,normal,quality automobile photograph; requires no-damage review,Wikimedia Commons / Quality images of automobiles,"https://commons.wikimedia.org/wiki/File:2018-09-14_(703)_KLF-A_Schwarzenbach_an_der_Pielach_(Baujahr_2008)_and_MTF-A_Schwarzenbach_an_der_Pielach_(Baujahr_2010)_at_Unterabschnitts-%C3%9Cbung_at_Haltgraben,_Tiefgrabenrotte,_Frankenfels,_Austria.jpg",CC BY-SA 4.0 (https://creativecommons.org/licenses/by-sa/4.0),commons-72805026,accepted,Creator: GT1976; accepted under v2-visual-quality-rules-2026-09-06
normal/commons-73668976.jpg,normal,quality automobile photograph; requires no-damage review,Wikimedia Commons / Quality images of automobiles,"https://commons.wikimedia.org/wiki/File:2018-06-15_(145)_27_80_4371_543-4_at_Bahnhof_St._Valentin,_Austria.jpg",CC BY-SA 4.0 (https://creativecommons.org/licenses/by-sa/4.0),commons-73668976,rejected,Creator: GT1976; rejected under v2-visual-quality-rules-2026-09-06: failed one or more visual inclusion rules
normal/commons-75221276.jpg,normal,quality automobile photograph; requires no-damage review,Wikimedia Commons / Quality images of automobiles,https://commons.wikimedia.org/wiki/File:1995_Vauxhall_Tigra_1.6_Front.jpg,CC BY-SA 4.0 (https://creativecommons.org/licenses/by-sa/4.0),commons-75221276,rejected,Creator: Vauxford; rejected under v2-visual-quality-rules-2026-09-06: failed one or more visual inclusion rules
normal/commons-75410290.jpg,normal,quality automobile photograph; requires no-damage review,Wikimedia Commons / Quality images of automobiles,https://commons.wikimedia.org/wiki/File:1959_Bristol_406_Zagato_2.2_Front.jpg,CC BY-SA 4.0 (https://creativecommons.org/licenses/by-sa/4.0),commons-75410290,accepted,Creator: Vauxford; accepted under v2-visual-quality-rules-2026-09-06
normal/commons-75410291.jpg,normal,quality automobile photograph; requires no-damage review,Wikimedia Commons / Quality images of automobiles,https://commons.wikimedia.org/wiki/File:1959_Bristol_406_Zagato_2.2_Rear.jpg,CC BY-SA 4.0 (https://creativecommons.org/licenses/by-sa/4.0),commons-75410291,rejected,Creator: Vauxford; rejected under v2-visual-quality-rules-2026-09-06: failed one or more visual inclusion rules
normal/commons-75410295.jpg,normal,quality automobile photograph; requires no-damage review,Wikimedia Commons / Quality images of automobiles,https://commons.wikimedia.org/wiki/File:1959_Bristol_406_Zagato_2.2_Side.jpg,CC BY-SA 4.0 (https://creativecommons.org/licenses/by-sa/4.0),commons-75410295,rejected,Creator: Vauxford; rejected under v2-visual-quality-rules-2026-09-06: failed one or more visual inclusion rules
normal/commons-81064333.jpg,normal,quality automobile photograph; requires no-damage review,Wikimedia Commons / Quality images of automobiles,https://commons.wikimedia.org/wiki/File:Austrian_500_US-CAR_DAYS_2019_100.jpg,CC BY-SA 3.0 (https://creativecommons.org/licenses/by-sa/3.0),commons-81064333,rejected,Creator: Tobias ToMar Maier; rejected under v2-visual-quality-rules-2026-09-06: failed one or more visual inclusion rules
normal/commons-81064351.jpg,normal,quality automobile photograph; requires no-damage review,Wikimedia Commons / Quality images of automobiles,https://commons.wikimedia.org/wiki/File:Austrian_500_US-CAR_DAYS_2019_113.jpg,CC BY-SA 3.0 (https://creativecommons.org/licenses/by-sa/3.0),commons-81064351,accepted,Creator: Tobias ToMar Maier; accepted under v2-visual-quality-rules-2026-09-06
normal/commons-81578778.jpg,normal,quality automobile photograph; requires no-damage review,Wikimedia Commons / Quality images of automobiles,"https://commons.wikimedia.org/wiki/File:1939_Delage_D6_Grand_Prix,_front_right_(Brooklyn).jpg",CC BY-SA 3.0 (https://creativecommons.org/licenses/by-sa/3.0),commons-81578778,accepted,Creator: Mr.choppers; accepted under v2-visual-quality-rules-2026-09-06
normal/commons-81578814.jpg,normal,quality automobile photograph; requires no-damage review,Wikimedia Commons / Quality images of automobiles,https://commons.wikimedia.org/wiki/File:2018_Brilliance_V7.jpg,CC BY 4.0 (https://creativecommons.org/licenses/by/4.0),commons-81578814,accepted,Creator: User3204; accepted under v2-visual-quality-rules-2026-09-06
normal/commons-81630136.jpg,normal,quality automobile photograph; requires no-damage review,Wikimedia Commons / Quality images of automobiles,https://commons.wikimedia.org/wiki/File:2015_BAIC_Weiwang_M30D_(front).jpg,CC BY 4.0 (https://creativecommons.org/licenses/by/4.0),commons-81630136,accepted,Creator: User3204; accepted under v2-visual-quality-rules-2026-09-06
normal/commons-82230291.jpg,normal,quality automobile photograph; requires no-damage review,Wikimedia Commons / Quality images of automobiles,https://commons.wikimedia.org/wiki/File:2018_GAC_Trumpchi_GE3.jpg,CC BY-SA 4.0 (https://creativecommons.org/licenses/by-sa/4.0),commons-82230291,accepted,Creator: User3204; accepted under v2-visual-quality-rules-2026-09-06
normal/commons-85293738.jpg,normal,quality automobile photograph; requires no-damage review,Wikimedia Commons / Quality images of automobiles,https://commons.wikimedia.org/wiki/File:2019_Chang%27an_CS75_Plus_(front).jpg,CC BY-SA 4.0 (https://creativecommons.org/licenses/by-sa/4.0),commons-85293738,accepted,Creator: User3204; accepted under v2-visual-quality-rules-2026-09-06
normal/commons-85478432.jpg,normal,quality automobile photograph; requires no-damage review,Wikimedia Commons / Quality images of automobiles,https://commons.wikimedia.org/wiki/File:Alvis_Monoposto_12-50_1934_W%C3%BCrgau_-20190922-RM-113030.jpg,CC BY-SA 4.0 (https://creativecommons.org/licenses/by-sa/4.0),commons-85478432,accepted,Creator: Ermell; accepted under v2-visual-quality-rules-2026-09-06
normal/commons-86703049.jpg,normal,quality automobile photograph; requires no-damage review,Wikimedia Commons / Quality images of automobiles,https://commons.wikimedia.org/wiki/File:Alpine_Renault_A110-1972_-20190922-RM-115426.jpg,CC BY-SA 4.0 (https://creativecommons.org/licenses/by-sa/4.0),commons-86703049,accepted,Creator: Ermell; accepted under v2-visual-quality-rules-2026-09-06
normal/commons-87402927.jpg,normal,quality automobile photograph; requires no-damage review,Wikimedia Commons / Quality images of automobiles,https://commons.wikimedia.org/wiki/File:AU_1000_SP_Armaturenbrett_(2008-07-12_Sp).JPG,CC BY-SA 2.0 de (https://creativecommons.org/licenses/by-sa/2.0/de/deed.en),commons-87402927,rejected,Creator: Lothar Spurzem; rejected under v2-visual-quality-rules-2026-09-06: failed one or more visual inclusion rules
normal/commons-87602998.jpg,normal,quality automobile photograph; requires no-damage review,Wikimedia Commons / Quality images of automobiles,"https://commons.wikimedia.org/wiki/File:25e_rue,_Quebec_City_(008).jpg",CC0 (http://creativecommons.org/publicdomain/zero/1.0/deed.en),commons-87602998,rejected,Creator: Wilfredor; rejected under v2-visual-quality-rules-2026-09-06: failed one or more visual inclusion rules
normal/commons-89068818.jpg,normal,quality automobile photograph; requires no-damage review,Wikimedia Commons / Quality images of automobiles,https://commons.wikimedia.org/wiki/File:Abandoned_car_at_the_Salt_Marsh_(10835).jpg,CC BY-SA 4.0 (https://creativecommons.org/licenses/by-sa/4.0),commons-89068818,rejected,Creator: Rhododendrites; rejected under v2-visual-quality-rules-2026-09-06: failed one or more visual inclusion rules
scratch/hitl-05a112b0da8d53e8.jpg,scratch,Scratch,Humans in the Loop Car Parts and Car Damages Dataset,https://huggingface.co/datasets/DrBimmer/car-parts-and-damage-dataset/resolve/2dbf46f7e23eb0d6f551d38e4f77a11fe9d045b9/Car%20parts%20dataset/File1/img/Car%20damages%201163.png,CC0-1.0,Car parts dataset/File1/img/Car damages 1163.png,accepted,"Pinned mirror revision 2dbf46f7e23eb0d6f551d38e4f77a11fe9d045b9; annotation Car parts dataset/File1/ann/Car damages 1163.png.json; crop (217, 342, 313, 438); accepted under v2-visual-quality-rules-2026-09-06"
scratch/hitl-073b53f9d6d870b6.jpg,scratch,Scratch,Humans in the Loop Car Parts and Car Damages Dataset,https://huggingface.co/datasets/DrBimmer/car-parts-and-damage-dataset/resolve/2dbf46f7e23eb0d6f551d38e4f77a11fe9d045b9/Car%20parts%20dataset/File1/img/Car%20damages%201221.png,CC0-1.0,Car parts dataset/File1/img/Car damages 1221.png,accepted,"Pinned mirror revision 2dbf46f7e23eb0d6f551d38e4f77a11fe9d045b9; annotation Car parts dataset/File1/ann/Car damages 1221.png.json; crop (330, 293, 470, 433); accepted under v2-visual-quality-rules-2026-09-06"
scratch/hitl-07d1b97a7e0ec2c9.jpg,scratch,Scratch,Humans in the Loop Car Parts and Car Damages Dataset,https://huggingface.co/datasets/DrBimmer/car-parts-and-damage-dataset/resolve/2dbf46f7e23eb0d6f551d38e4f77a11fe9d045b9/Car%20parts%20dataset/File1/img/Car%20damages%201324.png,CC0-1.0,Car parts dataset/File1/img/Car damages 1324.png,accepted,"Pinned mirror revision 2dbf46f7e23eb0d6f551d38e4f77a11fe9d045b9; annotation Car parts dataset/File1/ann/Car damages 1324.png.json; crop (416, 159, 512, 255); accepted under v2-visual-quality-rules-2026-09-06"
scratch/hitl-09627cb59b32dfe9.jpg,scratch,Scratch,Humans in the Loop Car Parts and Car Damages Dataset,https://huggingface.co/datasets/DrBimmer/car-parts-and-damage-dataset/resolve/2dbf46f7e23eb0d6f551d38e4f77a11fe9d045b9/Car%20parts%20dataset/File1/img/Car%20damages%20390.png,CC0-1.0,Car parts dataset/File1/img/Car damages 390.png,accepted,"Pinned mirror revision 2dbf46f7e23eb0d6f551d38e4f77a11fe9d045b9; annotation Car parts dataset/File1/ann/Car damages 390.png.json; crop (95, 175, 299, 379); accepted under v2-visual-quality-rules-2026-09-06"
scratch/hitl-0cb18b905efab045.jpg,scratch,Scratch,Humans in the Loop Car Parts and Car Damages Dataset,https://huggingface.co/datasets/DrBimmer/car-parts-and-damage-dataset/resolve/2dbf46f7e23eb0d6f551d38e4f77a11fe9d045b9/Car%20parts%20dataset/File1/img/Car%20damages%201217.jpg,CC0-1.0,Car parts dataset/File1/img/Car damages 1217.jpg,accepted,"Pinned mirror revision 2dbf46f7e23eb0d6f551d38e4f77a11fe9d045b9; annotation Car parts dataset/File1/ann/Car damages 1217.jpg.json; crop (312, 217, 408, 313); accepted under v2-visual-quality-rules-2026-09-06"
scratch/hitl-0d08a3cc634ed954.jpg,scratch,Scratch,Humans in the Loop Car Parts and Car Damages Dataset,https://huggingface.co/datasets/DrBimmer/car-parts-and-damage-dataset/resolve/2dbf46f7e23eb0d6f551d38e4f77a11fe9d045b9/Car%20parts%20dataset/File1/img/Car%20damages%201216.png,CC0-1.0,Car parts dataset/File1/img/Car damages 1216.png,accepted,"Pinned mirror revision 2dbf46f7e23eb0d6f551d38e4f77a11fe9d045b9; annotation Car parts dataset/File1/ann/Car damages 1216.png.json; crop (387, 180, 483, 276); accepted under v2-visual-quality-rules-2026-09-06"
scratch/hitl-0d3f0e5e1ddc4956.jpg,scratch,Scratch,Humans in the Loop Car Parts and Car Damages Dataset,https://huggingface.co/datasets/DrBimmer/car-parts-and-damage-dataset/resolve/2dbf46f7e23eb0d6f551d38e4f77a11fe9d045b9/Car%20parts%20dataset/File1/img/Car%20damages%201195.png,CC0-1.0,Car parts dataset/File1/img/Car damages 1195.png,accepted,"Pinned mirror revision 2dbf46f7e23eb0d6f551d38e4f77a11fe9d045b9; annotation Car parts dataset/File1/ann/Car damages 1195.png.json; crop (334, 198, 430, 294); accepted under v2-visual-quality-rules-2026-09-06"
scratch/hitl-0f248be9ccf11eb1.jpg,scratch,Scratch,Humans in the Loop Car Parts and Car Damages Dataset,https://huggingface.co/datasets/DrBimmer/car-parts-and-damage-dataset/resolve/2dbf46f7e23eb0d6f551d38e4f77a11fe9d045b9/Car%20parts%20dataset/File1/img/Car%20damages%20985.png,CC0-1.0,Car parts dataset/File1/img/Car damages 985.png,rejected,"Pinned mirror revision 2dbf46f7e23eb0d6f551d38e4f77a11fe9d045b9; annotation Car parts dataset/File1/ann/Car damages 985.png.json; crop (371, 272, 467, 368); rejected under v2-visual-quality-rules-2026-09-06: failed one or more visual inclusion rules"
scratch/hitl-0fad2c75372b5bf3.jpg,scratch,Scratch,Humans in the Loop Car Parts and Car Damages Dataset,https://huggingface.co/datasets/DrBimmer/car-parts-and-damage-dataset/resolve/2dbf46f7e23eb0d6f551d38e4f77a11fe9d045b9/Car%20parts%20dataset/File1/img/Car%20damages%20300.png,CC0-1.0,Car parts dataset/File1/img/Car damages 300.png,accepted,"Pinned mirror revision 2dbf46f7e23eb0d6f551d38e4f77a11fe9d045b9; annotation Car parts dataset/File1/ann/Car damages 300.png.json; crop (430, 234, 526, 330); accepted under v2-visual-quality-rules-2026-09-06"
scratch/hitl-11fc932a1f1ef5d7.jpg,scratch,Scratch,Humans in the Loop Car Parts and Car Damages Dataset,https://huggingface.co/datasets/DrBimmer/car-parts-and-damage-dataset/resolve/2dbf46f7e23eb0d6f551d38e4f77a11fe9d045b9/Car%20parts%20dataset/File1/img/Car%20damages%20497.png,CC0-1.0,Car parts dataset/File1/img/Car damages 497.png,accepted,"Pinned mirror revision 2dbf46f7e23eb0d6f551d38e4f77a11fe9d045b9; annotation Car parts dataset/File1/ann/Car damages 497.png.json; crop (235, 256, 331, 352); accepted under v2-visual-quality-rules-2026-09-06"
scratch/hitl-13aeb326fa3ccc4a.jpg,scratch,Scratch,Humans in the Loop Car Parts and Car Damages Dataset,https://huggingface.co/datasets/DrBimmer/car-parts-and-damage-dataset/resolve/2dbf46f7e23eb0d6f551d38e4f77a11fe9d045b9/Car%20parts%20dataset/File1/img/Car%20damages%20860.png,CC0-1.0,Car parts dataset/File1/img/Car damages 860.png,accepted,"Pinned mirror revision 2dbf46f7e23eb0d6f551d38e4f77a11fe9d045b9; annotation Car parts dataset/File1/ann/Car damages 860.png.json; crop (249, 250, 373, 374); accepted under v2-visual-quality-rules-2026-09-06"
scratch/hitl-15a918a34dc2851e.jpg,scratch,Scratch,Humans in the Loop Car Parts and Car Damages Dataset,https://huggingface.co/datasets/DrBimmer/car-parts-and-damage-dataset/resolve/2dbf46f7e23eb0d6f551d38e4f77a11fe9d045b9/Car%20parts%20dataset/File1/img/Car%20damages%20451.png,CC0-1.0,Car parts dataset/File1/img/Car damages 451.png,accepted,"Pinned mirror revision 2dbf46f7e23eb0d6f551d38e4f77a11fe9d045b9; annotation Car parts dataset/File1/ann/Car damages 451.png.json; crop (102, 162, 488, 548); accepted under v2-visual-quality-rules-2026-09-06"
scratch/hitl-172ce005d417b7b8.jpg,scratch,Scratch,Humans in the Loop Car Parts and Car Damages Dataset,https://huggingface.co/datasets/DrBimmer/car-parts-and-damage-dataset/resolve/2dbf46f7e23eb0d6f551d38e4f77a11fe9d045b9/Car%20parts%20dataset/File1/img/Car%20damages%20919.png,CC0-1.0,Car parts dataset/File1/img/Car damages 919.png,accepted,"Pinned mirror revision 2dbf46f7e23eb0d6f551d38e4f77a11fe9d045b9; annotation Car parts dataset/File1/ann/Car damages 919.png.json; crop (251, 279, 400, 429); accepted under v2-visual-quality-rules-2026-09-06"
scratch/hitl-17b8f239fbc91bbb.jpg,scratch,Scratch,Humans in the Loop Car Parts and Car Damages Dataset,https://huggingface.co/datasets/DrBimmer/car-parts-and-damage-dataset/resolve/2dbf46f7e23eb0d6f551d38e4f77a11fe9d045b9/Car%20parts%20dataset/File1/img/Car%20damages%20231.png,CC0-1.0,Car parts dataset/File1/img/Car damages 231.png,accepted,"Pinned mirror revision 2dbf46f7e23eb0d6f551d38e4f77a11fe9d045b9; annotation Car parts dataset/File1/ann/Car damages 231.png.json; crop (248, 475, 359, 585); accepted under v2-visual-quality-rules-2026-09-06"
scratch/hitl-1874869cd464dd22.jpg,scratch,Scratch,Humans in the Loop Car Parts and Car Damages Dataset,https://huggingface.co/datasets/DrBimmer/car-parts-and-damage-dataset/resolve/2dbf46f7e23eb0d6f551d38e4f77a11fe9d045b9/Car%20parts%20dataset/File1/img/Car%20damages%201325.png,CC0-1.0,Car parts dataset/File1/img/Car damages 1325.png,accepted,"Pinned mirror revision 2dbf46f7e23eb0d6f551d38e4f77a11fe9d045b9; annotation Car parts dataset/File1/ann/Car damages 1325.png.json; crop (428, 401, 524, 497); accepted under v2-visual-quality-rules-2026-09-06"
scratch/hitl-18bb2a6ae12d82e9.jpg,scratch,Scratch,Humans in the Loop Car Parts and Car Damages Dataset,https://huggingface.co/datasets/DrBimmer/car-parts-and-damage-dataset/resolve/2dbf46f7e23eb0d6f551d38e4f77a11fe9d045b9/Car%20parts%20dataset/File1/img/Car%20damages%20698.jpg,CC0-1.0,Car parts dataset/File1/img/Car damages 698.jpg,accepted,"Pinned mirror revision 2dbf46f7e23eb0d6f551d38e4f77a11fe9d045b9; annotation Car parts dataset/File1/ann/Car damages 698.jpg.json; crop (312, 281, 408, 377); accepted under v2-visual-quality-rules-2026-09-06"
scratch/hitl-1c8178d7b7e91e4f.jpg,scratch,Scratch,Humans in the Loop Car Parts and Car Damages Dataset,https://huggingface.co/datasets/DrBimmer/car-parts-and-damage-dataset/resolve/2dbf46f7e23eb0d6f551d38e4f77a11fe9d045b9/Car%20parts%20dataset/File1/img/Car%20damages%201073.png,CC0-1.0,Car parts dataset/File1/img/Car damages 1073.png,accepted,"Pinned mirror revision 2dbf46f7e23eb0d6f551d38e4f77a11fe9d045b9; annotation Car parts dataset/File1/ann/Car damages 1073.png.json; crop (451, 199, 598, 346); accepted under v2-visual-quality-rules-2026-09-06"
scratch/hitl-20440feb983787b5.jpg,scratch,Scratch,Humans in the Loop Car Parts and Car Damages Dataset,https://huggingface.co/datasets/DrBimmer/car-parts-and-damage-dataset/resolve/2dbf46f7e23eb0d6f551d38e4f77a11fe9d045b9/Car%20parts%20dataset/File1/img/Car%20damages%20399.png,CC0-1.0,Car parts dataset/File1/img/Car damages 399.png,accepted,"Pinned mirror revision 2dbf46f7e23eb0d6f551d38e4f77a11fe9d045b9; annotation Car parts dataset/File1/ann/Car damages 399.png.json; crop (211, 5, 632, 427); accepted under v2-visual-quality-rules-2026-09-06"
scratch/hitl-204e934a2db80c88.jpg,scratch,Scratch,Humans in the Loop Car Parts and Car Damages Dataset,https://huggingface.co/datasets/DrBimmer/car-parts-and-damage-dataset/resolve/2dbf46f7e23eb0d6f551d38e4f77a11fe9d045b9/Car%20parts%20dataset/File1/img/Car%20damages%20776.png,CC0-1.0,Car parts dataset/File1/img/Car damages 776.png,accepted,"Pinned mirror revision 2dbf46f7e23eb0d6f551d38e4f77a11fe9d045b9; annotation Car parts dataset/File1/ann/Car damages 776.png.json; crop (248, 270, 358, 380); accepted under v2-visual-quality-rules-2026-09-06"
scratch/hitl-21ca37b50e641353.jpg,scratch,Scratch,Humans in the Loop Car Parts and Car Damages Dataset,https://huggingface.co/datasets/DrBimmer/car-parts-and-damage-dataset/resolve/2dbf46f7e23eb0d6f551d38e4f77a11fe9d045b9/Car%20parts%20dataset/File1/img/Car%20damages%201173.png,CC0-1.0,Car parts dataset/File1/img/Car damages 1173.png,rejected,"Pinned mirror revision 2dbf46f7e23eb0d6f551d38e4f77a11fe9d045b9; annotation Car parts dataset/File1/ann/Car damages 1173.png.json; crop (278, 212, 374, 308); rejected under v2-visual-quality-rules-2026-09-06: failed one or more visual inclusion rules"
scratch/hitl-236d0adaa6b6c97d.jpg,scratch,Scratch,Humans in the Loop Car Parts and Car Damages Dataset,https://huggingface.co/datasets/DrBimmer/car-parts-and-damage-dataset/resolve/2dbf46f7e23eb0d6f551d38e4f77a11fe9d045b9/Car%20parts%20dataset/File1/img/Car%20damages%20269.png,CC0-1.0,Car parts dataset/File1/img/Car damages 269.png,accepted,"Pinned mirror revision 2dbf46f7e23eb0d6f551d38e4f77a11fe9d045b9; annotation Car parts dataset/File1/ann/Car damages 269.png.json; crop (297, 429, 420, 553); accepted under v2-visual-quality-rules-2026-09-06"
scratch/hitl-240234dec32ad6e7.jpg,scratch,Scratch,Humans in the Loop Car Parts and Car Damages Dataset,https://huggingface.co/datasets/DrBimmer/car-parts-and-damage-dataset/resolve/2dbf46f7e23eb0d6f551d38e4f77a11fe9d045b9/Car%20parts%20dataset/File1/img/Car%20damages%20480.png,CC0-1.0,Car parts dataset/File1/img/Car damages 480.png,accepted,"Pinned mirror revision 2dbf46f7e23eb0d6f551d38e4f77a11fe9d045b9; annotation Car parts dataset/File1/ann/Car damages 480.png.json; crop (332, 213, 428, 309); accepted under v2-visual-quality-rules-2026-09-06"
scratch/hitl-24bf1d929c5991bf.jpg,scratch,Scratch,Humans in the Loop Car Parts and Car Damages Dataset,https://huggingface.co/datasets/DrBimmer/car-parts-and-damage-dataset/resolve/2dbf46f7e23eb0d6f551d38e4f77a11fe9d045b9/Car%20parts%20dataset/File1/img/Car%20damages%20467.png,CC0-1.0,Car parts dataset/File1/img/Car damages 467.png,rejected,"Pinned mirror revision 2dbf46f7e23eb0d6f551d38e4f77a11fe9d045b9; annotation Car parts dataset/File1/ann/Car damages 467.png.json; crop (210, 222, 306, 318); rejected under v2-visual-quality-rules-2026-09-06: failed one or more visual inclusion rules"
scratch/hitl-252923662c856649.jpg,scratch,Scratch,Humans in the Loop Car Parts and Car Damages Dataset,https://huggingface.co/datasets/DrBimmer/car-parts-and-damage-dataset/resolve/2dbf46f7e23eb0d6f551d38e4f77a11fe9d045b9/Car%20parts%20dataset/File1/img/Car%20damages%20161.png,CC0-1.0,Car parts dataset/File1/img/Car damages 161.png,accepted,"Pinned mirror revision 2dbf46f7e23eb0d6f551d38e4f77a11fe9d045b9; annotation Car parts dataset/File1/ann/Car damages 161.png.json; crop (475, 141, 571, 237); accepted under v2-visual-quality-rules-2026-09-06"
scratch/hitl-346ff7d8817142db.jpg,scratch,Scratch,Humans in the Loop Car Parts and Car Damages Dataset,https://huggingface.co/datasets/DrBimmer/car-parts-and-damage-dataset/resolve/2dbf46f7e23eb0d6f551d38e4f77a11fe9d045b9/Car%20parts%20dataset/File1/img/Car%20damages%20888.png,CC0-1.0,Car parts dataset/File1/img/Car damages 888.png,accepted,"Pinned mirror revision 2dbf46f7e23eb0d6f551d38e4f77a11fe9d045b9; annotation Car parts dataset/File1/ann/Car damages 888.png.json; crop (438, 231, 534, 327); accepted under v2-visual-quality-rules-2026-09-06"
scratch/hitl-357e36f6618203ff.jpg,scratch,Scratch,Humans in the Loop Car Parts and Car Damages Dataset,https://huggingface.co/datasets/DrBimmer/car-parts-and-damage-dataset/resolve/2dbf46f7e23eb0d6f551d38e4f77a11fe9d045b9/Car%20parts%20dataset/File1/img/Car%20damages%20712.png,CC0-1.0,Car parts dataset/File1/img/Car damages 712.png,accepted,"Pinned mirror revision 2dbf46f7e23eb0d6f551d38e4f77a11fe9d045b9; annotation Car parts dataset/File1/ann/Car damages 712.png.json; crop (165, 264, 305, 404); accepted under v2-visual-quality-rules-2026-09-06"
scratch/hitl-37bff1de72679653.jpg,scratch,Scratch,Humans in the Loop Car Parts and Car Damages Dataset,https://huggingface.co/datasets/DrBimmer/car-parts-and-damage-dataset/resolve/2dbf46f7e23eb0d6f551d38e4f77a11fe9d045b9/Car%20parts%20dataset/File1/img/Car%20damages%20313.png,CC0-1.0,Car parts dataset/File1/img/Car damages 313.png,accepted,"Pinned mirror revision 2dbf46f7e23eb0d6f551d38e4f77a11fe9d045b9; annotation Car parts dataset/File1/ann/Car damages 313.png.json; crop (502, 168, 678, 344); accepted under v2-visual-quality-rules-2026-09-06"
scratch/hitl-39a426f1e918aa61.jpg,scratch,Scratch,Humans in the Loop Car Parts and Car Damages Dataset,https://huggingface.co/datasets/DrBimmer/car-parts-and-damage-dataset/resolve/2dbf46f7e23eb0d6f551d38e4f77a11fe9d045b9/Car%20parts%20dataset/File1/img/Car%20damages%20311.png,CC0-1.0,Car parts dataset/File1/img/Car damages 311.png,accepted,"Pinned mirror revision 2dbf46f7e23eb0d6f551d38e4f77a11fe9d045b9; annotation Car parts dataset/File1/ann/Car damages 311.png.json; crop (306, 325, 402, 421); accepted under v2-visual-quality-rules-2026-09-06"
scratch/hitl-3f710f75493687c4.jpg,scratch,Scratch,Humans in the Loop Car Parts and Car Damages Dataset,https://huggingface.co/datasets/DrBimmer/car-parts-and-damage-dataset/resolve/2dbf46f7e23eb0d6f551d38e4f77a11fe9d045b9/Car%20parts%20dataset/File1/img/Car%20damages%20132.png,CC0-1.0,Car parts dataset/File1/img/Car damages 132.png,accepted,"Pinned mirror revision 2dbf46f7e23eb0d6f551d38e4f77a11fe9d045b9; annotation Car parts dataset/File1/ann/Car damages 132.png.json; crop (311, 194, 407, 290); accepted under v2-visual-quality-rules-2026-09-06"
scratch/hitl-40bf342da14ce861.jpg,scratch,Scratch,Humans in the Loop Car Parts and Car Damages Dataset,https://huggingface.co/datasets/DrBimmer/car-parts-and-damage-dataset/resolve/2dbf46f7e23eb0d6f551d38e4f77a11fe9d045b9/Car%20parts%20dataset/File1/img/Car%20damages%20714.png,CC0-1.0,Car parts dataset/File1/img/Car damages 714.png,rejected,"Pinned mirror revision 2dbf46f7e23eb0d6f551d38e4f77a11fe9d045b9; annotation Car parts dataset/File1/ann/Car damages 714.png.json; crop (386, 215, 482, 311); rejected under v2-visual-quality-rules-2026-09-06: failed one or more visual inclusion rules"
scratch/hitl-41f83c48c517a538.jpg,scratch,Scratch,Humans in the Loop Car Parts and Car Damages Dataset,https://huggingface.co/datasets/DrBimmer/car-parts-and-damage-dataset/resolve/2dbf46f7e23eb0d6f551d38e4f77a11fe9d045b9/Car%20parts%20dataset/File1/img/Car%20damages%20168.png,CC0-1.0,Car parts dataset/File1/img/Car damages 168.png,accepted,"Pinned mirror revision 2dbf46f7e23eb0d6f551d38e4f77a11fe9d045b9; annotation Car parts dataset/File1/ann/Car damages 168.png.json; crop (154, 226, 250, 322); accepted under v2-visual-quality-rules-2026-09-06"
scratch/hitl-43369d9d94f17fe2.jpg,scratch,Scratch,Humans in the Loop Car Parts and Car Damages Dataset,https://huggingface.co/datasets/DrBimmer/car-parts-and-damage-dataset/resolve/2dbf46f7e23eb0d6f551d38e4f77a11fe9d045b9/Car%20parts%20dataset/File1/img/Car%20damages%201165.png,CC0-1.0,Car parts dataset/File1/img/Car damages 1165.png,accepted,"Pinned mirror revision 2dbf46f7e23eb0d6f551d38e4f77a11fe9d045b9; annotation Car parts dataset/File1/ann/Car damages 1165.png.json; crop (574, 309, 670, 405); accepted under v2-visual-quality-rules-2026-09-06"
scratch/hitl-47c153cf372e8044.jpg,scratch,Scratch,Humans in the Loop Car Parts and Car Damages Dataset,https://huggingface.co/datasets/DrBimmer/car-parts-and-damage-dataset/resolve/2dbf46f7e23eb0d6f551d38e4f77a11fe9d045b9/Car%20parts%20dataset/File1/img/Car%20damages%20877.png,CC0-1.0,Car parts dataset/File1/img/Car damages 877.png,rejected,"Pinned mirror revision 2dbf46f7e23eb0d6f551d38e4f77a11fe9d045b9; annotation Car parts dataset/File1/ann/Car damages 877.png.json; crop (224, 233, 320, 329); rejected under v2-visual-quality-rules-2026-09-06: failed one or more visual inclusion rules"
scratch/hitl-4ae80e1f4a2273e7.jpg,scratch,Scratch,Humans in the Loop Car Parts and Car Damages Dataset,https://huggingface.co/datasets/DrBimmer/car-parts-and-damage-dataset/resolve/2dbf46f7e23eb0d6f551d38e4f77a11fe9d045b9/Car%20parts%20dataset/File1/img/Car%20damages%20601.png,CC0-1.0,Car parts dataset/File1/img/Car damages 601.png,accepted,"Pinned mirror revision 2dbf46f7e23eb0d6f551d38e4f77a11fe9d045b9; annotation Car parts dataset/File1/ann/Car damages 601.png.json; crop (431, 404, 527, 500); accepted under v2-visual-quality-rules-2026-09-06"
scratch/hitl-4f2bb5b9bfb7f895.jpg,scratch,Scratch,Humans in the Loop Car Parts and Car Damages Dataset,https://huggingface.co/datasets/DrBimmer/car-parts-and-damage-dataset/resolve/2dbf46f7e23eb0d6f551d38e4f77a11fe9d045b9/Car%20parts%20dataset/File1/img/Car%20damages%20865.png,CC0-1.0,Car parts dataset/File1/img/Car damages 865.png,rejected,"Pinned mirror revision 2dbf46f7e23eb0d6f551d38e4f77a11fe9d045b9; annotation Car parts dataset/File1/ann/Car damages 865.png.json; crop (278, 274, 374, 370); rejected under v2-visual-quality-rules-2026-09-06: failed one or more visual inclusion rules"
scratch/hitl-4fce78446ba0b4f4.jpg,scratch,Scratch,Humans in the Loop Car Parts and Car Damages Dataset,https://huggingface.co/datasets/DrBimmer/car-parts-and-damage-dataset/resolve/2dbf46f7e23eb0d6f551d38e4f77a11fe9d045b9/Car%20parts%20dataset/File1/img/Car%20damages%20924.png,CC0-1.0,Car parts dataset/File1/img/Car damages 924.png,accepted,"Pinned mirror revision 2dbf46f7e23eb0d6f551d38e4f77a11fe9d045b9; annotation Car parts dataset/File1/ann/Car damages 924.png.json; crop (222, 192, 364, 334); accepted under v2-visual-quality-rules-2026-09-06"
scratch/hitl-504603a869da06d9.jpg,scratch,Scratch,Humans in the Loop Car Parts and Car Damages Dataset,https://huggingface.co/datasets/DrBimmer/car-parts-and-damage-dataset/resolve/2dbf46f7e23eb0d6f551d38e4f77a11fe9d045b9/Car%20parts%20dataset/File1/img/Car%20damages%201253.jpg,CC0-1.0,Car parts dataset/File1/img/Car damages 1253.jpg,accepted,"Pinned mirror revision 2dbf46f7e23eb0d6f551d38e4f77a11fe9d045b9; annotation Car parts dataset/File1/ann/Car damages 1253.jpg.json; crop (329, 304, 425, 400); accepted under v2-visual-quality-rules-2026-09-06"
scratch/hitl-50e0afa0411bd9da.jpg,scratch,Scratch,Humans in the Loop Car Parts and Car Damages Dataset,https://huggingface.co/datasets/DrBimmer/car-parts-and-damage-dataset/resolve/2dbf46f7e23eb0d6f551d38e4f77a11fe9d045b9/Car%20parts%20dataset/File1/img/Car%20damages%20901.png,CC0-1.0,Car parts dataset/File1/img/Car damages 901.png,accepted,"Pinned mirror revision 2dbf46f7e23eb0d6f551d38e4f77a11fe9d045b9; annotation Car parts dataset/File1/ann/Car damages 901.png.json; crop (231, 241, 361, 372); accepted under v2-visual-quality-rules-2026-09-06"
scratch/hitl-517c4dac6e04caba.jpg,scratch,Scratch,Humans in the Loop Car Parts and Car Damages Dataset,https://huggingface.co/datasets/DrBimmer/car-parts-and-damage-dataset/resolve/2dbf46f7e23eb0d6f551d38e4f77a11fe9d045b9/Car%20parts%20dataset/File1/img/Car%20damages%201085.png,CC0-1.0,Car parts dataset/File1/img/Car damages 1085.png,accepted,"Pinned mirror revision 2dbf46f7e23eb0d6f551d38e4f77a11fe9d045b9; annotation Car parts dataset/File1/ann/Car damages 1085.png.json; crop (304, 342, 400, 438); accepted under v2-visual-quality-rules-2026-09-06"
scratch/hitl-5186b6d50ff56e31.jpg,scratch,Scratch,Humans in the Loop Car Parts and Car Damages Dataset,https://huggingface.co/datasets/DrBimmer/car-parts-and-damage-dataset/resolve/2dbf46f7e23eb0d6f551d38e4f77a11fe9d045b9/Car%20parts%20dataset/File1/img/Car%20damages%20800.png,CC0-1.0,Car parts dataset/File1/img/Car damages 800.png,accepted,"Pinned mirror revision 2dbf46f7e23eb0d6f551d38e4f77a11fe9d045b9; annotation Car parts dataset/File1/ann/Car damages 800.png.json; crop (116, 138, 212, 234); accepted under v2-visual-quality-rules-2026-09-06"
scratch/hitl-53f2c6f6c29777bd.jpg,scratch,Scratch,Humans in the Loop Car Parts and Car Damages Dataset,https://huggingface.co/datasets/DrBimmer/car-parts-and-damage-dataset/resolve/2dbf46f7e23eb0d6f551d38e4f77a11fe9d045b9/Car%20parts%20dataset/File1/img/Car%20damages%201254.png,CC0-1.0,Car parts dataset/File1/img/Car damages 1254.png,rejected,"Pinned mirror revision 2dbf46f7e23eb0d6f551d38e4f77a11fe9d045b9; annotation Car parts dataset/File1/ann/Car damages 1254.png.json; crop (563, 188, 666, 290); rejected under v2-visual-quality-rules-2026-09-06: failed one or more visual inclusion rules"
scratch/hitl-555676bb5e6f65e6.jpg,scratch,Scratch,Humans in the Loop Car Parts and Car Damages Dataset,https://huggingface.co/datasets/DrBimmer/car-parts-and-damage-dataset/resolve/2dbf46f7e23eb0d6f551d38e4f77a11fe9d045b9/Car%20parts%20dataset/File1/img/Car%20damages%20777.png,CC0-1.0,Car parts dataset/File1/img/Car damages 777.png,accepted,"Pinned mirror revision 2dbf46f7e23eb0d6f551d38e4f77a11fe9d045b9; annotation Car parts dataset/File1/ann/Car damages 777.png.json; crop (416, 154, 512, 250); accepted under v2-visual-quality-rules-2026-09-06"
scratch/hitl-556d7c0b20faa834.jpg,scratch,Scratch,Humans in the Loop Car Parts and Car Damages Dataset,https://huggingface.co/datasets/DrBimmer/car-parts-and-damage-dataset/resolve/2dbf46f7e23eb0d6f551d38e4f77a11fe9d045b9/Car%20parts%20dataset/File1/img/Car%20damages%20156.png,CC0-1.0,Car parts dataset/File1/img/Car damages 156.png,accepted,"Pinned mirror revision 2dbf46f7e23eb0d6f551d38e4f77a11fe9d045b9; annotation Car parts dataset/File1/ann/Car damages 156.png.json; crop (56, 323, 152, 419); accepted under v2-visual-quality-rules-2026-09-06"
scratch/hitl-55b1c47d806ea6b2.jpg,scratch,Scratch,Humans in the Loop Car Parts and Car Damages Dataset,https://huggingface.co/datasets/DrBimmer/car-parts-and-damage-dataset/resolve/2dbf46f7e23eb0d6f551d38e4f77a11fe9d045b9/Car%20parts%20dataset/File1/img/Car%20damages%20226.png,CC0-1.0,Car parts dataset/File1/img/Car damages 226.png,accepted,"Pinned mirror revision 2dbf46f7e23eb0d6f551d38e4f77a11fe9d045b9; annotation Car parts dataset/File1/ann/Car damages 226.png.json; crop (309, 373, 447, 512); accepted under v2-visual-quality-rules-2026-09-06"
scratch/hitl-57492fabc5fe8896.jpg,scratch,Scratch,Humans in the Loop Car Parts and Car Damages Dataset,https://huggingface.co/datasets/DrBimmer/car-parts-and-damage-dataset/resolve/2dbf46f7e23eb0d6f551d38e4f77a11fe9d045b9/Car%20parts%20dataset/File1/img/Car%20damages%20407.png,CC0-1.0,Car parts dataset/File1/img/Car damages 407.png,accepted,"Pinned mirror revision 2dbf46f7e23eb0d6f551d38e4f77a11fe9d045b9; annotation Car parts dataset/File1/ann/Car damages 407.png.json; crop (402, 167, 498, 263); accepted under v2-visual-quality-rules-2026-09-06"
scratch/hitl-5b81d7130edeef9c.jpg,scratch,Scratch,Humans in the Loop Car Parts and Car Damages Dataset,https://huggingface.co/datasets/DrBimmer/car-parts-and-damage-dataset/resolve/2dbf46f7e23eb0d6f551d38e4f77a11fe9d045b9/Car%20parts%20dataset/File1/img/Car%20damages%20922.png,CC0-1.0,Car parts dataset/File1/img/Car damages 922.png,accepted,"Pinned mirror revision 2dbf46f7e23eb0d6f551d38e4f77a11fe9d045b9; annotation Car parts dataset/File1/ann/Car damages 922.png.json; crop (175, 270, 307, 402); accepted under v2-visual-quality-rules-2026-09-06"
scratch/hitl-5da8bd41c12d636d.jpg,scratch,Scratch,Humans in the Loop Car Parts and Car Damages Dataset,https://huggingface.co/datasets/DrBimmer/car-parts-and-damage-dataset/resolve/2dbf46f7e23eb0d6f551d38e4f77a11fe9d045b9/Car%20parts%20dataset/File1/img/Car%20damages%201277.png,CC0-1.0,Car parts dataset/File1/img/Car damages 1277.png,accepted,"Pinned mirror revision 2dbf46f7e23eb0d6f551d38e4f77a11fe9d045b9; annotation Car parts dataset/File1/ann/Car damages 1277.png.json; crop (427, 323, 548, 443); accepted under v2-visual-quality-rules-2026-09-06"
scratch/hitl-5dea7ab2c14fb261.jpg,scratch,Scratch,Humans in the Loop Car Parts and Car Damages Dataset,https://huggingface.co/datasets/DrBimmer/car-parts-and-damage-dataset/resolve/2dbf46f7e23eb0d6f551d38e4f77a11fe9d045b9/Car%20parts%20dataset/File1/img/Car%20damages%20979.png,CC0-1.0,Car parts dataset/File1/img/Car damages 979.png,rejected,"Pinned mirror revision 2dbf46f7e23eb0d6f551d38e4f77a11fe9d045b9; annotation Car parts dataset/File1/ann/Car damages 979.png.json; crop (278, 195, 469, 387); rejected under v2-visual-quality-rules-2026-09-06: failed one or more visual inclusion rules"
scratch/hitl-5e96fa683843c9e5.jpg,scratch,Scratch,Humans in the Loop Car Parts and Car Damages Dataset,https://huggingface.co/datasets/DrBimmer/car-parts-and-damage-dataset/resolve/2dbf46f7e23eb0d6f551d38e4f77a11fe9d045b9/Car%20parts%20dataset/File1/img/Car%20damages%20466.png,CC0-1.0,Car parts dataset/File1/img/Car damages 466.png,rejected,"Pinned mirror revision 2dbf46f7e23eb0d6f551d38e4f77a11fe9d045b9; annotation Car parts dataset/File1/ann/Car damages 466.png.json; crop (599, 355, 740, 497); rejected under v2-visual-quality-rules-2026-09-06: failed one or more visual inclusion rules"
scratch/hitl-632fbb195952565d.jpg,scratch,Scratch,Humans in the Loop Car Parts and Car Damages Dataset,https://huggingface.co/datasets/DrBimmer/car-parts-and-damage-dataset/resolve/2dbf46f7e23eb0d6f551d38e4f77a11fe9d045b9/Car%20parts%20dataset/File1/img/Car%20damages%20435.jpg,CC0-1.0,Car parts dataset/File1/img/Car damages 435.jpg,accepted,"Pinned mirror revision 2dbf46f7e23eb0d6f551d38e4f77a11fe9d045b9; annotation Car parts dataset/File1/ann/Car damages 435.jpg.json; crop (432, 161, 528, 257); accepted under v2-visual-quality-rules-2026-09-06"
scratch/hitl-67e4c62936b4e388.jpg,scratch,Scratch,Humans in the Loop Car Parts and Car Damages Dataset,https://huggingface.co/datasets/DrBimmer/car-parts-and-damage-dataset/resolve/2dbf46f7e23eb0d6f551d38e4f77a11fe9d045b9/Car%20parts%20dataset/File1/img/Car%20damages%20449.png,CC0-1.0,Car parts dataset/File1/img/Car damages 449.png,accepted,"Pinned mirror revision 2dbf46f7e23eb0d6f551d38e4f77a11fe9d045b9; annotation Car parts dataset/File1/ann/Car damages 449.png.json; crop (326, 324, 459, 457); accepted under v2-visual-quality-rules-2026-09-06"
scratch/hitl-686c5bcc4b14ce08.jpg,scratch,Scratch,Humans in the Loop Car Parts and Car Damages Dataset,https://huggingface.co/datasets/DrBimmer/car-parts-and-damage-dataset/resolve/2dbf46f7e23eb0d6f551d38e4f77a11fe9d045b9/Car%20parts%20dataset/File1/img/Car%20damages%20158.png,CC0-1.0,Car parts dataset/File1/img/Car damages 158.png,accepted,"Pinned mirror revision 2dbf46f7e23eb0d6f551d38e4f77a11fe9d045b9; annotation Car parts dataset/File1/ann/Car damages 158.png.json; crop (301, 69, 420, 188); accepted under v2-visual-quality-rules-2026-09-06"
scratch/hitl-6abb76054d680997.jpg,scratch,Scratch,Humans in the Loop Car Parts and Car Damages Dataset,https://huggingface.co/datasets/DrBimmer/car-parts-and-damage-dataset/resolve/2dbf46f7e23eb0d6f551d38e4f77a11fe9d045b9/Car%20parts%20dataset/File1/img/Car%20damages%20189.jpg,CC0-1.0,Car parts dataset/File1/img/Car damages 189.jpg,accepted,"Pinned mirror revision 2dbf46f7e23eb0d6f551d38e4f77a11fe9d045b9; annotation Car parts dataset/File1/ann/Car damages 189.jpg.json; crop (446, 228, 572, 354); accepted under v2-visual-quality-rules-2026-09-06"
scratch/hitl-6e48dedd3f6e68b9.jpg,scratch,Scratch,Humans in the Loop Car Parts and Car Damages Dataset,https://huggingface.co/datasets/DrBimmer/car-parts-and-damage-dataset/resolve/2dbf46f7e23eb0d6f551d38e4f77a11fe9d045b9/Car%20parts%20dataset/File1/img/Car%20damages%20107.png,CC0-1.0,Car parts dataset/File1/img/Car damages 107.png,accepted,"Pinned mirror revision 2dbf46f7e23eb0d6f551d38e4f77a11fe9d045b9; annotation Car parts dataset/File1/ann/Car damages 107.png.json; crop (311, 151, 407, 247); accepted under v2-visual-quality-rules-2026-09-06"
scratch/hitl-6f61b45a8f123a1d.jpg,scratch,Scratch,Humans in the Loop Car Parts and Car Damages Dataset,https://huggingface.co/datasets/DrBimmer/car-parts-and-damage-dataset/resolve/2dbf46f7e23eb0d6f551d38e4f77a11fe9d045b9/Car%20parts%20dataset/File1/img/Car%20damages%20622.png,CC0-1.0,Car parts dataset/File1/img/Car damages 622.png,accepted,"Pinned mirror revision 2dbf46f7e23eb0d6f551d38e4f77a11fe9d045b9; annotation Car parts dataset/File1/ann/Car damages 622.png.json; crop (92, 156, 206, 270); accepted under v2-visual-quality-rules-2026-09-06"
scratch/hitl-6f9ca5abd7ba50df.jpg,scratch,Scratch,Humans in the Loop Car Parts and Car Damages Dataset,https://huggingface.co/datasets/DrBimmer/car-parts-and-damage-dataset/resolve/2dbf46f7e23eb0d6f551d38e4f77a11fe9d045b9/Car%20parts%20dataset/File1/img/Car%20damages%20398.png,CC0-1.0,Car parts dataset/File1/img/Car damages 398.png,accepted,"Pinned mirror revision 2dbf46f7e23eb0d6f551d38e4f77a11fe9d045b9; annotation Car parts dataset/File1/ann/Car damages 398.png.json; crop (231, 436, 327, 532); accepted under v2-visual-quality-rules-2026-09-06"
scratch/hitl-6fbe2a3e8ffe0be3.jpg,scratch,Scratch,Humans in the Loop Car Parts and Car Damages Dataset,https://huggingface.co/datasets/DrBimmer/car-parts-and-damage-dataset/resolve/2dbf46f7e23eb0d6f551d38e4f77a11fe9d045b9/Car%20parts%20dataset/File1/img/Car%20damages%20218.png,CC0-1.0,Car parts dataset/File1/img/Car damages 218.png,accepted,"Pinned mirror revision 2dbf46f7e23eb0d6f551d38e4f77a11fe9d045b9; annotation Car parts dataset/File1/ann/Car damages 218.png.json; crop (353, 287, 449, 383); accepted under v2-visual-quality-rules-2026-09-06"
scratch/hitl-70244391004a6a1e.jpg,scratch,Scratch,Humans in the Loop Car Parts and Car Damages Dataset,https://huggingface.co/datasets/DrBimmer/car-parts-and-damage-dataset/resolve/2dbf46f7e23eb0d6f551d38e4f77a11fe9d045b9/Car%20parts%20dataset/File1/img/Car%20damages%20234.png,CC0-1.0,Car parts dataset/File1/img/Car damages 234.png,accepted,"Pinned mirror revision 2dbf46f7e23eb0d6f551d38e4f77a11fe9d045b9; annotation Car parts dataset/File1/ann/Car damages 234.png.json; crop (380, 212, 476, 308); accepted under v2-visual-quality-rules-2026-09-06"
scratch/hitl-71d332edf4a6ef43.jpg,scratch,Scratch,Humans in the Loop Car Parts and Car Damages Dataset,https://huggingface.co/datasets/DrBimmer/car-parts-and-damage-dataset/resolve/2dbf46f7e23eb0d6f551d38e4f77a11fe9d045b9/Car%20parts%20dataset/File1/img/Car%20damages%20201.jpg,CC0-1.0,Car parts dataset/File1/img/Car damages 201.jpg,accepted,"Pinned mirror revision 2dbf46f7e23eb0d6f551d38e4f77a11fe9d045b9; annotation Car parts dataset/File1/ann/Car damages 201.jpg.json; crop (273, 245, 418, 389); accepted under v2-visual-quality-rules-2026-09-06"
scratch/hitl-78337eb78d48c173.jpg,scratch,Scratch,Humans in the Loop Car Parts and Car Damages Dataset,https://huggingface.co/datasets/DrBimmer/car-parts-and-damage-dataset/resolve/2dbf46f7e23eb0d6f551d38e4f77a11fe9d045b9/Car%20parts%20dataset/File1/img/Car%20damages%20197.png,CC0-1.0,Car parts dataset/File1/img/Car damages 197.png,accepted,"Pinned mirror revision 2dbf46f7e23eb0d6f551d38e4f77a11fe9d045b9; annotation Car parts dataset/File1/ann/Car damages 197.png.json; crop (292, 340, 388, 436); accepted under v2-visual-quality-rules-2026-09-06"
scratch/hitl-7c6381752f783921.jpg,scratch,Scratch,Humans in the Loop Car Parts and Car Damages Dataset,https://huggingface.co/datasets/DrBimmer/car-parts-and-damage-dataset/resolve/2dbf46f7e23eb0d6f551d38e4f77a11fe9d045b9/Car%20parts%20dataset/File1/img/Car%20damages%201347.png,CC0-1.0,Car parts dataset/File1/img/Car damages 1347.png,accepted,"Pinned mirror revision 2dbf46f7e23eb0d6f551d38e4f77a11fe9d045b9; annotation Car parts dataset/File1/ann/Car damages 1347.png.json; crop (378, 226, 534, 382); accepted under v2-visual-quality-rules-2026-09-06"
scratch/hitl-7d4100b6fbde34e0.jpg,scratch,Scratch,Humans in the Loop Car Parts and Car Damages Dataset,https://huggingface.co/datasets/DrBimmer/car-parts-and-damage-dataset/resolve/2dbf46f7e23eb0d6f551d38e4f77a11fe9d045b9/Car%20parts%20dataset/File1/img/Car%20damages%201164.png,CC0-1.0,Car parts dataset/File1/img/Car damages 1164.png,accepted,"Pinned mirror revision 2dbf46f7e23eb0d6f551d38e4f77a11fe9d045b9; annotation Car parts dataset/File1/ann/Car damages 1164.png.json; crop (89, 224, 185, 320); accepted under v2-visual-quality-rules-2026-09-06"
scratch/hitl-7efae8324b0c3fda.jpg,scratch,Scratch,Humans in the Loop Car Parts and Car Damages Dataset,https://huggingface.co/datasets/DrBimmer/car-parts-and-damage-dataset/resolve/2dbf46f7e23eb0d6f551d38e4f77a11fe9d045b9/Car%20parts%20dataset/File1/img/Car%20damages%20295.png,CC0-1.0,Car parts dataset/File1/img/Car damages 295.png,accepted,"Pinned mirror revision 2dbf46f7e23eb0d6f551d38e4f77a11fe9d045b9; annotation Car parts dataset/File1/ann/Car damages 295.png.json; crop (112, 239, 208, 335); accepted under v2-visual-quality-rules-2026-09-06"
scratch/hitl-83b2f71b963fbc6d.jpg,scratch,Scratch,Humans in the Loop Car Parts and Car Damages Dataset,https://huggingface.co/datasets/DrBimmer/car-parts-and-damage-dataset/resolve/2dbf46f7e23eb0d6f551d38e4f77a11fe9d045b9/Car%20parts%20dataset/File1/img/Car%20damages%201258.png,CC0-1.0,Car parts dataset/File1/img/Car damages 1258.png,accepted,"Pinned mirror revision 2dbf46f7e23eb0d6f551d38e4f77a11fe9d045b9; annotation Car parts dataset/File1/ann/Car damages 1258.png.json; crop (450, 412, 546, 508); accepted under v2-visual-quality-rules-2026-09-06"
scratch/hitl-8553e6d706081a18.jpg,scratch,Scratch,Humans in the Loop Car Parts and Car Damages Dataset,https://huggingface.co/datasets/DrBimmer/car-parts-and-damage-dataset/resolve/2dbf46f7e23eb0d6f551d38e4f77a11fe9d045b9/Car%20parts%20dataset/File1/img/Car%20damages%20296.png,CC0-1.0,Car parts dataset/File1/img/Car damages 296.png,accepted,"Pinned mirror revision 2dbf46f7e23eb0d6f551d38e4f77a11fe9d045b9; annotation Car parts dataset/File1/ann/Car damages 296.png.json; crop (156, 402, 252, 498); accepted under v2-visual-quality-rules-2026-09-06"
scratch/hitl-860cd38e1a42f150.jpg,scratch,Scratch,Humans in the Loop Car Parts and Car Damages Dataset,https://huggingface.co/datasets/DrBimmer/car-parts-and-damage-dataset/resolve/2dbf46f7e23eb0d6f551d38e4f77a11fe9d045b9/Car%20parts%20dataset/File1/img/Car%20damages%20253.png,CC0-1.0,Car parts dataset/File1/img/Car damages 253.png,rejected,"Pinned mirror revision 2dbf46f7e23eb0d6f551d38e4f77a11fe9d045b9; annotation Car parts dataset/File1/ann/Car damages 253.png.json; crop (246, 227, 378, 359); rejected under v2-visual-quality-rules-2026-09-06: failed one or more visual inclusion rules"
scratch/hitl-8633412d98d1e8d0.jpg,scratch,Scratch,Humans in the Loop Car Parts and Car Damages Dataset,https://huggingface.co/datasets/DrBimmer/car-parts-and-damage-dataset/resolve/2dbf46f7e23eb0d6f551d38e4f77a11fe9d045b9/Car%20parts%20dataset/File1/img/Car%20damages%20849.png,CC0-1.0,Car parts dataset/File1/img/Car damages 849.png,accepted,"Pinned mirror revision 2dbf46f7e23eb0d6f551d38e4f77a11fe9d045b9; annotation Car parts dataset/File1/ann/Car damages 849.png.json; crop (368, 208, 464, 304); accepted under v2-visual-quality-rules-2026-09-06"
scratch/hitl-86b74a668a84f012.jpg,scratch,Scratch,Humans in the Loop Car Parts and Car Damages Dataset,https://huggingface.co/datasets/DrBimmer/car-parts-and-damage-dataset/resolve/2dbf46f7e23eb0d6f551d38e4f77a11fe9d045b9/Car%20parts%20dataset/File1/img/Car%20damages%20261.png,CC0-1.0,Car parts dataset/File1/img/Car damages 261.png,accepted,"Pinned mirror revision 2dbf46f7e23eb0d6f551d38e4f77a11fe9d045b9; annotation Car parts dataset/File1/ann/Car damages 261.png.json; crop (444, 236, 701, 493); accepted under v2-visual-quality-rules-2026-09-06"
scratch/hitl-8772aacdf716a0fd.jpg,scratch,Scratch,Humans in the Loop Car Parts and Car Damages Dataset,https://huggingface.co/datasets/DrBimmer/car-parts-and-damage-dataset/resolve/2dbf46f7e23eb0d6f551d38e4f77a11fe9d045b9/Car%20parts%20dataset/File1/img/Car%20damages%20101.png,CC0-1.0,Car parts dataset/File1/img/Car damages 101.png,accepted,"Pinned mirror revision 2dbf46f7e23eb0d6f551d38e4f77a11fe9d045b9; annotation Car parts dataset/File1/ann/Car damages 101.png.json; crop (168, 194, 264, 290); accepted under v2-visual-quality-rules-2026-09-06"
scratch/hitl-8783cf1f6612cdee.jpg,scratch,Scratch,Humans in the Loop Car Parts and Car Damages Dataset,https://huggingface.co/datasets/DrBimmer/car-parts-and-damage-dataset/resolve/2dbf46f7e23eb0d6f551d38e4f77a11fe9d045b9/Car%20parts%20dataset/File1/img/Car%20damages%20989.png,CC0-1.0,Car parts dataset/File1/img/Car damages 989.png,rejected,"Pinned mirror revision 2dbf46f7e23eb0d6f551d38e4f77a11fe9d045b9; annotation Car parts dataset/File1/ann/Car damages 989.png.json; crop (61, 133, 157, 229); rejected under v2-visual-quality-rules-2026-09-06: failed one or more visual inclusion rules"
scratch/hitl-88dbdcbca3724405.jpg,scratch,Scratch,Humans in the Loop Car Parts and Car Damages Dataset,https://huggingface.co/datasets/DrBimmer/car-parts-and-damage-dataset/resolve/2dbf46f7e23eb0d6f551d38e4f77a11fe9d045b9/Car%20parts%20dataset/File1/img/Car%20damages%20312.png,CC0-1.0,Car parts dataset/File1/img/Car damages 312.png,accepted,"Pinned mirror revision 2dbf46f7e23eb0d6f551d38e4f77a11fe9d045b9; annotation Car parts dataset/File1/ann/Car damages 312.png.json; crop (299, 205, 500, 406); accepted under v2-visual-quality-rules-2026-09-06"
scratch/hitl-8b758c8bb4a533a8.jpg,scratch,Scratch,Humans in the Loop Car Parts and Car Damages Dataset,https://huggingface.co/datasets/DrBimmer/car-parts-and-damage-dataset/resolve/2dbf46f7e23eb0d6f551d38e4f77a11fe9d045b9/Car%20parts%20dataset/File1/img/Car%20damages%201251.png,CC0-1.0,Car parts dataset/File1/img/Car damages 1251.png,accepted,"Pinned mirror revision 2dbf46f7e23eb0d6f551d38e4f77a11fe9d045b9; annotation Car parts dataset/File1/ann/Car damages 1251.png.json; crop (185, 301, 395, 511); accepted under v2-visual-quality-rules-2026-09-06"
scratch/hitl-8c631a5b69079ebd.jpg,scratch,Scratch,Humans in the Loop Car Parts and Car Damages Dataset,https://huggingface.co/datasets/DrBimmer/car-parts-and-damage-dataset/resolve/2dbf46f7e23eb0d6f551d38e4f77a11fe9d045b9/Car%20parts%20dataset/File1/img/Car%20damages%20639.png,CC0-1.0,Car parts dataset/File1/img/Car damages 639.png,accepted,"Pinned mirror revision 2dbf46f7e23eb0d6f551d38e4f77a11fe9d045b9; annotation Car parts dataset/File1/ann/Car damages 639.png.json; crop (236, 263, 332, 359); accepted under v2-visual-quality-rules-2026-09-06"
scratch/hitl-8efb36b9bbd2874c.jpg,scratch,Scratch,Humans in the Loop Car Parts and Car Damages Dataset,https://huggingface.co/datasets/DrBimmer/car-parts-and-damage-dataset/resolve/2dbf46f7e23eb0d6f551d38e4f77a11fe9d045b9/Car%20parts%20dataset/File1/img/Car%20damages%20781.png,CC0-1.0,Car parts dataset/File1/img/Car damages 781.png,accepted,"Pinned mirror revision 2dbf46f7e23eb0d6f551d38e4f77a11fe9d045b9; annotation Car parts dataset/File1/ann/Car damages 781.png.json; crop (420, 154, 516, 250); accepted under v2-visual-quality-rules-2026-09-06"
scratch/hitl-9ad7aca8c5185062.jpg,scratch,Scratch,Humans in the Loop Car Parts and Car Damages Dataset,https://huggingface.co/datasets/DrBimmer/car-parts-and-damage-dataset/resolve/2dbf46f7e23eb0d6f551d38e4f77a11fe9d045b9/Car%20parts%20dataset/File1/img/Car%20damages%20809.jpg,CC0-1.0,Car parts dataset/File1/img/Car damages 809.jpg,accepted,"Pinned mirror revision 2dbf46f7e23eb0d6f551d38e4f77a11fe9d045b9; annotation Car parts dataset/File1/ann/Car damages 809.jpg.json; crop (440, 153, 536, 249); accepted under v2-visual-quality-rules-2026-09-06"
scratch/hitl-9d7bb28a66cb06e9.jpg,scratch,Scratch,Humans in the Loop Car Parts and Car Damages Dataset,https://huggingface.co/datasets/DrBimmer/car-parts-and-damage-dataset/resolve/2dbf46f7e23eb0d6f551d38e4f77a11fe9d045b9/Car%20parts%20dataset/File1/img/Car%20damages%20638.png,CC0-1.0,Car parts dataset/File1/img/Car damages 638.png,accepted,"Pinned mirror revision 2dbf46f7e23eb0d6f551d38e4f77a11fe9d045b9; annotation Car parts dataset/File1/ann/Car damages 638.png.json; crop (426, 258, 522, 354); accepted under v2-visual-quality-rules-2026-09-06"
scratch/hitl-9df2de2dfd0a654a.jpg,scratch,Scratch,Humans in the Loop Car Parts and Car Damages Dataset,https://huggingface.co/datasets/DrBimmer/car-parts-and-damage-dataset/resolve/2dbf46f7e23eb0d6f551d38e4f77a11fe9d045b9/Car%20parts%20dataset/File1/img/Car%20damages%201178.png,CC0-1.0,Car parts dataset/File1/img/Car damages 1178.png,accepted,"Pinned mirror revision 2dbf46f7e23eb0d6f551d38e4f77a11fe9d045b9; annotation Car parts dataset/File1/ann/Car damages 1178.png.json; crop (154, 308, 250, 404); accepted under v2-visual-quality-rules-2026-09-06"
scratch/hitl-9e7e51a2d129ed0b.jpg,scratch,Scratch,Humans in the Loop Car Parts and Car Damages Dataset,https://huggingface.co/datasets/DrBimmer/car-parts-and-damage-dataset/resolve/2dbf46f7e23eb0d6f551d38e4f77a11fe9d045b9/Car%20parts%20dataset/File1/img/Car%20damages%20310.png,CC0-1.0,Car parts dataset/File1/img/Car damages 310.png,rejected,"Pinned mirror revision 2dbf46f7e23eb0d6f551d38e4f77a11fe9d045b9; annotation Car parts dataset/File1/ann/Car damages 310.png.json; crop (210, 376, 369, 535); rejected under v2-visual-quality-rules-2026-09-06: failed one or more visual inclusion rules"
scratch/hitl-a192ca1fe161b5fa.jpg,scratch,Scratch,Humans in the Loop Car Parts and Car Damages Dataset,https://huggingface.co/datasets/DrBimmer/car-parts-and-damage-dataset/resolve/2dbf46f7e23eb0d6f551d38e4f77a11fe9d045b9/Car%20parts%20dataset/File1/img/Car%20damages%201076.png,CC0-1.0,Car parts dataset/File1/img/Car damages 1076.png,accepted,"Pinned mirror revision 2dbf46f7e23eb0d6f551d38e4f77a11fe9d045b9; annotation Car parts dataset/File1/ann/Car damages 1076.png.json; crop (242, 347, 338, 443); accepted under v2-visual-quality-rules-2026-09-06"
scratch/hitl-a73851cf23352579.jpg,scratch,Scratch,Humans in the Loop Car Parts and Car Damages Dataset,https://huggingface.co/datasets/DrBimmer/car-parts-and-damage-dataset/resolve/2dbf46f7e23eb0d6f551d38e4f77a11fe9d045b9/Car%20parts%20dataset/File1/img/Car%20damages%20184.png,CC0-1.0,Car parts dataset/File1/img/Car damages 184.png,accepted,"Pinned mirror revision 2dbf46f7e23eb0d6f551d38e4f77a11fe9d045b9; annotation Car parts dataset/File1/ann/Car damages 184.png.json; crop (354, 290, 500, 436); accepted under v2-visual-quality-rules-2026-09-06"
scratch/hitl-ac83491abfa59149.jpg,scratch,Scratch,Humans in the Loop Car Parts and Car Damages Dataset,https://huggingface.co/datasets/DrBimmer/car-parts-and-damage-dataset/resolve/2dbf46f7e23eb0d6f551d38e4f77a11fe9d045b9/Car%20parts%20dataset/File1/img/Car%20damages%201269.png,CC0-1.0,Car parts dataset/File1/img/Car damages 1269.png,accepted,"Pinned mirror revision 2dbf46f7e23eb0d6f551d38e4f77a11fe9d045b9; annotation Car parts dataset/File1/ann/Car damages 1269.png.json; crop (538, 334, 634, 430); accepted under v2-visual-quality-rules-2026-09-06"
scratch/hitl-ad5022b40f5ee074.jpg,scratch,Scratch,Humans in the Loop Car Parts and Car Damages Dataset,https://huggingface.co/datasets/DrBimmer/car-parts-and-damage-dataset/resolve/2dbf46f7e23eb0d6f551d38e4f77a11fe9d045b9/Car%20parts%20dataset/File1/img/Car%20damages%20443.png,CC0-1.0,Car parts dataset/File1/img/Car damages 443.png,rejected,"Pinned mirror revision 2dbf46f7e23eb0d6f551d38e4f77a11fe9d045b9; annotation Car parts dataset/File1/ann/Car damages 443.png.json; crop (308, 52, 601, 344); rejected under v2-visual-quality-rules-2026-09-06: failed one or more visual inclusion rules"
scratch/hitl-aea04fd8ae43b6ac.jpg,scratch,Scratch,Humans in the Loop Car Parts and Car Damages Dataset,https://huggingface.co/datasets/DrBimmer/car-parts-and-damage-dataset/resolve/2dbf46f7e23eb0d6f551d38e4f77a11fe9d045b9/Car%20parts%20dataset/File1/img/Car%20damages%201147.png,CC0-1.0,Car parts dataset/File1/img/Car damages 1147.png,accepted,"Pinned mirror revision 2dbf46f7e23eb0d6f551d38e4f77a11fe9d045b9; annotation Car parts dataset/File1/ann/Car damages 1147.png.json; crop (5, 172, 153, 320); accepted under v2-visual-quality-rules-2026-09-06"
scratch/hitl-b5d0cf453b852a82.jpg,scratch,Scratch,Humans in the Loop Car Parts and Car Damages Dataset,https://huggingface.co/datasets/DrBimmer/car-parts-and-damage-dataset/resolve/2dbf46f7e23eb0d6f551d38e4f77a11fe9d045b9/Car%20parts%20dataset/File1/img/Car%20damages%20318.jpg,CC0-1.0,Car parts dataset/File1/img/Car damages 318.jpg,accepted,"Pinned mirror revision 2dbf46f7e23eb0d6f551d38e4f77a11fe9d045b9; annotation Car parts dataset/File1/ann/Car damages 318.jpg.json; crop (418, 243, 598, 423); accepted under v2-visual-quality-rules-2026-09-06"
scratch/hitl-bbdd64fc1c141d7a.jpg,scratch,Scratch,Humans in the Loop Car Parts and Car Damages Dataset,https://huggingface.co/datasets/DrBimmer/car-parts-and-damage-dataset/resolve/2dbf46f7e23eb0d6f551d38e4f77a11fe9d045b9/Car%20parts%20dataset/File1/img/Car%20damages%20817.png,CC0-1.0,Car parts dataset/File1/img/Car damages 817.png,accepted,"Pinned mirror revision 2dbf46f7e23eb0d6f551d38e4f77a11fe9d045b9; annotation Car parts dataset/File1/ann/Car damages 817.png.json; crop (251, 238, 347, 334); accepted under v2-visual-quality-rules-2026-09-06"
scratch/hitl-c1817a7ab587a2d0.jpg,scratch,Scratch,Humans in the Loop Car Parts and Car Damages Dataset,https://huggingface.co/datasets/DrBimmer/car-parts-and-damage-dataset/resolve/2dbf46f7e23eb0d6f551d38e4f77a11fe9d045b9/Car%20parts%20dataset/File1/img/Car%20damages%20260.png,CC0-1.0,Car parts dataset/File1/img/Car damages 260.png,rejected,"Pinned mirror revision 2dbf46f7e23eb0d6f551d38e4f77a11fe9d045b9; annotation Car parts dataset/File1/ann/Car damages 260.png.json; crop (0, 0, 599, 599); rejected under v2-visual-quality-rules-2026-09-06: failed one or more visual inclusion rules"
scratch/hitl-c24862db49c7baa9.jpg,scratch,Scratch,Humans in the Loop Car Parts and Car Damages Dataset,https://huggingface.co/datasets/DrBimmer/car-parts-and-damage-dataset/resolve/2dbf46f7e23eb0d6f551d38e4f77a11fe9d045b9/Car%20parts%20dataset/File1/img/Car%20damages%201240.png,CC0-1.0,Car parts dataset/File1/img/Car damages 1240.png,accepted,"Pinned mirror revision 2dbf46f7e23eb0d6f551d38e4f77a11fe9d045b9; annotation Car parts dataset/File1/ann/Car damages 1240.png.json; crop (72, 174, 227, 329); accepted under v2-visual-quality-rules-2026-09-06"
scratch/hitl-c25e85f2a012f499.jpg,scratch,Scratch,Humans in the Loop Car Parts and Car Damages Dataset,https://huggingface.co/datasets/DrBimmer/car-parts-and-damage-dataset/resolve/2dbf46f7e23eb0d6f551d38e4f77a11fe9d045b9/Car%20parts%20dataset/File1/img/Car%20damages%20112.png,CC0-1.0,Car parts dataset/File1/img/Car damages 112.png,accepted,"Pinned mirror revision 2dbf46f7e23eb0d6f551d38e4f77a11fe9d045b9; annotation Car parts dataset/File1/ann/Car damages 112.png.json; crop (46, 244, 149, 346); accepted under v2-visual-quality-rules-2026-09-06"
scratch/hitl-c5f43f5ca272f663.jpg,scratch,Scratch,Humans in the Loop Car Parts and Car Damages Dataset,https://huggingface.co/datasets/DrBimmer/car-parts-and-damage-dataset/resolve/2dbf46f7e23eb0d6f551d38e4f77a11fe9d045b9/Car%20parts%20dataset/File1/img/Car%20damages%201154.png,CC0-1.0,Car parts dataset/File1/img/Car damages 1154.png,accepted,"Pinned mirror revision 2dbf46f7e23eb0d6f551d38e4f77a11fe9d045b9; annotation Car parts dataset/File1/ann/Car damages 1154.png.json; crop (42, 0, 576, 535); accepted under v2-visual-quality-rules-2026-09-06"
scratch/hitl-c7372c8877390f84.jpg,scratch,Scratch,Humans in the Loop Car Parts and Car Damages Dataset,https://huggingface.co/datasets/DrBimmer/car-parts-and-damage-dataset/resolve/2dbf46f7e23eb0d6f551d38e4f77a11fe9d045b9/Car%20parts%20dataset/File1/img/Car%20damages%20904.png,CC0-1.0,Car parts dataset/File1/img/Car damages 904.png,rejected,"Pinned mirror revision 2dbf46f7e23eb0d6f551d38e4f77a11fe9d045b9; annotation Car parts dataset/File1/ann/Car damages 904.png.json; crop (446, 146, 542, 242); rejected under v2-visual-quality-rules-2026-09-06: failed one or more visual inclusion rules"
scratch/hitl-c7d2f0d2f52a0040.jpg,scratch,Scratch,Humans in the Loop Car Parts and Car Damages Dataset,https://huggingface.co/datasets/DrBimmer/car-parts-and-damage-dataset/resolve/2dbf46f7e23eb0d6f551d38e4f77a11fe9d045b9/Car%20parts%20dataset/File1/img/Car%20damages%201200.png,CC0-1.0,Car parts dataset/File1/img/Car damages 1200.png,accepted,"Pinned mirror revision 2dbf46f7e23eb0d6f551d38e4f77a11fe9d045b9; annotation Car parts dataset/File1/ann/Car damages 1200.png.json; crop (550, 402, 646, 498); accepted under v2-visual-quality-rules-2026-09-06"
scratch/hitl-c8757eca2b53408a.jpg,scratch,Scratch,Humans in the Loop Car Parts and Car Damages Dataset,https://huggingface.co/datasets/DrBimmer/car-parts-and-damage-dataset/resolve/2dbf46f7e23eb0d6f551d38e4f77a11fe9d045b9/Car%20parts%20dataset/File1/img/Car%20damages%20996.png,CC0-1.0,Car parts dataset/File1/img/Car damages 996.png,accepted,"Pinned mirror revision 2dbf46f7e23eb0d6f551d38e4f77a11fe9d045b9; annotation Car parts dataset/File1/ann/Car damages 996.png.json; crop (243, 179, 388, 324); accepted under v2-visual-quality-rules-2026-09-06"
scratch/hitl-cb7c58065dd9de36.jpg,scratch,Scratch,Humans in the Loop Car Parts and Car Damages Dataset,https://huggingface.co/datasets/DrBimmer/car-parts-and-damage-dataset/resolve/2dbf46f7e23eb0d6f551d38e4f77a11fe9d045b9/Car%20parts%20dataset/File1/img/Car%20damages%201191.png,CC0-1.0,Car parts dataset/File1/img/Car damages 1191.png,accepted,"Pinned mirror revision 2dbf46f7e23eb0d6f551d38e4f77a11fe9d045b9; annotation Car parts dataset/File1/ann/Car damages 1191.png.json; crop (174, 302, 270, 398); accepted under v2-visual-quality-rules-2026-09-06"
scratch/hitl-ccf099de78298033.jpg,scratch,Scratch,Humans in the Loop Car Parts and Car Damages Dataset,https://huggingface.co/datasets/DrBimmer/car-parts-and-damage-dataset/resolve/2dbf46f7e23eb0d6f551d38e4f77a11fe9d045b9/Car%20parts%20dataset/File1/img/Car%20damages%20430.png,CC0-1.0,Car parts dataset/File1/img/Car damages 430.png,accepted,"Pinned mirror revision 2dbf46f7e23eb0d6f551d38e4f77a11fe9d045b9; annotation Car parts dataset/File1/ann/Car damages 430.png.json; crop (579, 271, 685, 377); accepted under v2-visual-quality-rules-2026-09-06"
scratch/hitl-ce51c6b428524bd1.jpg,scratch,Scratch,Humans in the Loop Car Parts and Car Damages Dataset,https://huggingface.co/datasets/DrBimmer/car-parts-and-damage-dataset/resolve/2dbf46f7e23eb0d6f551d38e4f77a11fe9d045b9/Car%20parts%20dataset/File1/img/Car%20damages%20190.png,CC0-1.0,Car parts dataset/File1/img/Car damages 190.png,rejected,"Pinned mirror revision 2dbf46f7e23eb0d6f551d38e4f77a11fe9d045b9; annotation Car parts dataset/File1/ann/Car damages 190.png.json; crop (102, 218, 198, 314); rejected under v2-visual-quality-rules-2026-09-06: failed one or more visual inclusion rules"
scratch/hitl-ceb5c3c4e0b6001e.jpg,scratch,Scratch,Humans in the Loop Car Parts and Car Damages Dataset,https://huggingface.co/datasets/DrBimmer/car-parts-and-damage-dataset/resolve/2dbf46f7e23eb0d6f551d38e4f77a11fe9d045b9/Car%20parts%20dataset/File1/img/Car%20damages%20200.png,CC0-1.0,Car parts dataset/File1/img/Car damages 200.png,accepted,"Pinned mirror revision 2dbf46f7e23eb0d6f551d38e4f77a11fe9d045b9; annotation Car parts dataset/File1/ann/Car damages 200.png.json; crop (537, 344, 633, 440); accepted under v2-visual-quality-rules-2026-09-06"
scratch/hitl-cfc0d1c19506af2f.jpg,scratch,Scratch,Humans in the Loop Car Parts and Car Damages Dataset,https://huggingface.co/datasets/DrBimmer/car-parts-and-damage-dataset/resolve/2dbf46f7e23eb0d6f551d38e4f77a11fe9d045b9/Car%20parts%20dataset/File1/img/Car%20damages%201199.png,CC0-1.0,Car parts dataset/File1/img/Car damages 1199.png,accepted,"Pinned mirror revision 2dbf46f7e23eb0d6f551d38e4f77a11fe9d045b9; annotation Car parts dataset/File1/ann/Car damages 1199.png.json; crop (393, 280, 559, 447); accepted under v2-visual-quality-rules-2026-09-06"
scratch/hitl-cfc6721a2834afb8.jpg,scratch,Scratch,Humans in the Loop Car Parts and Car Damages Dataset,https://huggingface.co/datasets/DrBimmer/car-parts-and-damage-dataset/resolve/2dbf46f7e23eb0d6f551d38e4f77a11fe9d045b9/Car%20parts%20dataset/File1/img/Car%20damages%20626.png,CC0-1.0,Car parts dataset/File1/img/Car damages 626.png,accepted,"Pinned mirror revision 2dbf46f7e23eb0d6f551d38e4f77a11fe9d045b9; annotation Car parts dataset/File1/ann/Car damages 626.png.json; crop (214, 217, 359, 362); accepted under v2-visual-quality-rules-2026-09-06"
scratch/hitl-cfd583d9c7444233.jpg,scratch,Scratch,Humans in the Loop Car Parts and Car Damages Dataset,https://huggingface.co/datasets/DrBimmer/car-parts-and-damage-dataset/resolve/2dbf46f7e23eb0d6f551d38e4f77a11fe9d045b9/Car%20parts%20dataset/File1/img/Car%20damages%20982.png,CC0-1.0,Car parts dataset/File1/img/Car damages 982.png,accepted,"Pinned mirror revision 2dbf46f7e23eb0d6f551d38e4f77a11fe9d045b9; annotation Car parts dataset/File1/ann/Car damages 982.png.json; crop (116, 252, 226, 362); accepted under v2-visual-quality-rules-2026-09-06"
scratch/hitl-d137717ec0d3995b.jpg,scratch,Scratch,Humans in the Loop Car Parts and Car Damages Dataset,https://huggingface.co/datasets/DrBimmer/car-parts-and-damage-dataset/resolve/2dbf46f7e23eb0d6f551d38e4f77a11fe9d045b9/Car%20parts%20dataset/File1/img/Car%20damages%20907.png,CC0-1.0,Car parts dataset/File1/img/Car damages 907.png,rejected,"Pinned mirror revision 2dbf46f7e23eb0d6f551d38e4f77a11fe9d045b9; annotation Car parts dataset/File1/ann/Car damages 907.png.json; crop (287, 195, 422, 329); rejected under v2-visual-quality-rules-2026-09-06: failed one or more visual inclusion rules"
scratch/hitl-d34b5cc9e53b6c7e.jpg,scratch,Scratch,Humans in the Loop Car Parts and Car Damages Dataset,https://huggingface.co/datasets/DrBimmer/car-parts-and-damage-dataset/resolve/2dbf46f7e23eb0d6f551d38e4f77a11fe9d045b9/Car%20parts%20dataset/File1/img/Car%20damages%20409.png,CC0-1.0,Car parts dataset/File1/img/Car damages 409.png,accepted,"Pinned mirror revision 2dbf46f7e23eb0d6f551d38e4f77a11fe9d045b9; annotation Car parts dataset/File1/ann/Car damages 409.png.json; crop (346, 361, 442, 457); accepted under v2-visual-quality-rules-2026-09-06"
scratch/hitl-d4391dfe1a2d34c4.jpg,scratch,Scratch,Humans in the Loop Car Parts and Car Damages Dataset,https://huggingface.co/datasets/DrBimmer/car-parts-and-damage-dataset/resolve/2dbf46f7e23eb0d6f551d38e4f77a11fe9d045b9/Car%20parts%20dataset/File1/img/Car%20damages%20265.png,CC0-1.0,Car parts dataset/File1/img/Car damages 265.png,accepted,"Pinned mirror revision 2dbf46f7e23eb0d6f551d38e4f77a11fe9d045b9; annotation Car parts dataset/File1/ann/Car damages 265.png.json; crop (457, 425, 631, 599); accepted under v2-visual-quality-rules-2026-09-06"
scratch/hitl-d97af2c71e95894d.jpg,scratch,Scratch,Humans in the Loop Car Parts and Car Damages Dataset,https://huggingface.co/datasets/DrBimmer/car-parts-and-damage-dataset/resolve/2dbf46f7e23eb0d6f551d38e4f77a11fe9d045b9/Car%20parts%20dataset/File1/img/Car%20damages%20252.png,CC0-1.0,Car parts dataset/File1/img/Car damages 252.png,accepted,"Pinned mirror revision 2dbf46f7e23eb0d6f551d38e4f77a11fe9d045b9; annotation Car parts dataset/File1/ann/Car damages 252.png.json; crop (115, 221, 390, 495); accepted under v2-visual-quality-rules-2026-09-06"
scratch/hitl-d9daef81c416f5f1.jpg,scratch,Scratch,Humans in the Loop Car Parts and Car Damages Dataset,https://huggingface.co/datasets/DrBimmer/car-parts-and-damage-dataset/resolve/2dbf46f7e23eb0d6f551d38e4f77a11fe9d045b9/Car%20parts%20dataset/File1/img/Car%20damages%20881.jpg,CC0-1.0,Car parts dataset/File1/img/Car damages 881.jpg,accepted,"Pinned mirror revision 2dbf46f7e23eb0d6f551d38e4f77a11fe9d045b9; annotation Car parts dataset/File1/ann/Car damages 881.jpg.json; crop (354, 207, 508, 361); accepted under v2-visual-quality-rules-2026-09-06"
scratch/hitl-dbeabd428b65df4f.jpg,scratch,Scratch,Humans in the Loop Car Parts and Car Damages Dataset,https://huggingface.co/datasets/DrBimmer/car-parts-and-damage-dataset/resolve/2dbf46f7e23eb0d6f551d38e4f77a11fe9d045b9/Car%20parts%20dataset/File1/img/Car%20damages%20140.png,CC0-1.0,Car parts dataset/File1/img/Car damages 140.png,accepted,"Pinned mirror revision 2dbf46f7e23eb0d6f551d38e4f77a11fe9d045b9; annotation Car parts dataset/File1/ann/Car damages 140.png.json; crop (302, 184, 441, 322); accepted under v2-visual-quality-rules-2026-09-06"
scratch/hitl-ddaa9fee161abd97.jpg,scratch,Scratch,Humans in the Loop Car Parts and Car Damages Dataset,https://huggingface.co/datasets/DrBimmer/car-parts-and-damage-dataset/resolve/2dbf46f7e23eb0d6f551d38e4f77a11fe9d045b9/Car%20parts%20dataset/File1/img/Car%20damages%20445.png,CC0-1.0,Car parts dataset/File1/img/Car damages 445.png,accepted,"Pinned mirror revision 2dbf46f7e23eb0d6f551d38e4f77a11fe9d045b9; annotation Car parts dataset/File1/ann/Car damages 445.png.json; crop (0, 204, 367, 570); accepted under v2-visual-quality-rules-2026-09-06"
scratch/hitl-de54ee747601ac7a.jpg,scratch,Scratch,Humans in the Loop Car Parts and Car Damages Dataset,https://huggingface.co/datasets/DrBimmer/car-parts-and-damage-dataset/resolve/2dbf46f7e23eb0d6f551d38e4f77a11fe9d045b9/Car%20parts%20dataset/File1/img/Car%20damages%201212.png,CC0-1.0,Car parts dataset/File1/img/Car damages 1212.png,accepted,"Pinned mirror revision 2dbf46f7e23eb0d6f551d38e4f77a11fe9d045b9; annotation Car parts dataset/File1/ann/Car damages 1212.png.json; crop (498, 317, 682, 501); accepted under v2-visual-quality-rules-2026-09-06"
scratch/hitl-de6ae79d3a6ae984.jpg,scratch,Scratch,Humans in the Loop Car Parts and Car Damages Dataset,https://huggingface.co/datasets/DrBimmer/car-parts-and-damage-dataset/resolve/2dbf46f7e23eb0d6f551d38e4f77a11fe9d045b9/Car%20parts%20dataset/File1/img/Car%20damages%20657.png,CC0-1.0,Car parts dataset/File1/img/Car damages 657.png,accepted,"Pinned mirror revision 2dbf46f7e23eb0d6f551d38e4f77a11fe9d045b9; annotation Car parts dataset/File1/ann/Car damages 657.png.json; crop (158, 282, 254, 378); accepted under v2-visual-quality-rules-2026-09-06"
scratch/hitl-de7ef01f90401b30.jpg,scratch,Scratch,Humans in the Loop Car Parts and Car Damages Dataset,https://huggingface.co/datasets/DrBimmer/car-parts-and-damage-dataset/resolve/2dbf46f7e23eb0d6f551d38e4f77a11fe9d045b9/Car%20parts%20dataset/File1/img/Car%20damages%201344.png,CC0-1.0,Car parts dataset/File1/img/Car damages 1344.png,rejected,"Pinned mirror revision 2dbf46f7e23eb0d6f551d38e4f77a11fe9d045b9; annotation Car parts dataset/File1/ann/Car damages 1344.png.json; crop (35, 179, 138, 282); rejected under v2-visual-quality-rules-2026-09-06: failed one or more visual inclusion rules"
scratch/hitl-e1af21f952bf9750.jpg,scratch,Scratch,Humans in the Loop Car Parts and Car Damages Dataset,https://huggingface.co/datasets/DrBimmer/car-parts-and-damage-dataset/resolve/2dbf46f7e23eb0d6f551d38e4f77a11fe9d045b9/Car%20parts%20dataset/File1/img/Car%20damages%20618.png,CC0-1.0,Car parts dataset/File1/img/Car damages 618.png,accepted,"Pinned mirror revision 2dbf46f7e23eb0d6f551d38e4f77a11fe9d045b9; annotation Car parts dataset/File1/ann/Car damages 618.png.json; crop (226, 226, 322, 322); accepted under v2-visual-quality-rules-2026-09-06"
scratch/hitl-e27b844f28f6a3b0.jpg,scratch,Scratch,Humans in the Loop Car Parts and Car Damages Dataset,https://huggingface.co/datasets/DrBimmer/car-parts-and-damage-dataset/resolve/2dbf46f7e23eb0d6f551d38e4f77a11fe9d045b9/Car%20parts%20dataset/File1/img/Car%20damages%201286.png,CC0-1.0,Car parts dataset/File1/img/Car damages 1286.png,accepted,"Pinned mirror revision 2dbf46f7e23eb0d6f551d38e4f77a11fe9d045b9; annotation Car parts dataset/File1/ann/Car damages 1286.png.json; crop (269, 235, 380, 346); accepted under v2-visual-quality-rules-2026-09-06"
scratch/hitl-e2a6e9e164fb3723.jpg,scratch,Scratch,Humans in the Loop Car Parts and Car Damages Dataset,https://huggingface.co/datasets/DrBimmer/car-parts-and-damage-dataset/resolve/2dbf46f7e23eb0d6f551d38e4f77a11fe9d045b9/Car%20parts%20dataset/File1/img/Car%20damages%20758.jpg,CC0-1.0,Car parts dataset/File1/img/Car damages 758.jpg,accepted,"Pinned mirror revision 2dbf46f7e23eb0d6f551d38e4f77a11fe9d045b9; annotation Car parts dataset/File1/ann/Car damages 758.jpg.json; crop (224, 303, 327, 407); accepted under v2-visual-quality-rules-2026-09-06"
scratch/hitl-e2c07d3d3b1f31e4.jpg,scratch,Scratch,Humans in the Loop Car Parts and Car Damages Dataset,https://huggingface.co/datasets/DrBimmer/car-parts-and-damage-dataset/resolve/2dbf46f7e23eb0d6f551d38e4f77a11fe9d045b9/Car%20parts%20dataset/File1/img/Car%20damages%20429.png,CC0-1.0,Car parts dataset/File1/img/Car damages 429.png,accepted,"Pinned mirror revision 2dbf46f7e23eb0d6f551d38e4f77a11fe9d045b9; annotation Car parts dataset/File1/ann/Car damages 429.png.json; crop (23, 304, 119, 400); accepted under v2-visual-quality-rules-2026-09-06"
scratch/hitl-e57bd2fe1af8bf77.jpg,scratch,Scratch,Humans in the Loop Car Parts and Car Damages Dataset,https://huggingface.co/datasets/DrBimmer/car-parts-and-damage-dataset/resolve/2dbf46f7e23eb0d6f551d38e4f77a11fe9d045b9/Car%20parts%20dataset/File1/img/Car%20damages%20759.png,CC0-1.0,Car parts dataset/File1/img/Car damages 759.png,accepted,"Pinned mirror revision 2dbf46f7e23eb0d6f551d38e4f77a11fe9d045b9; annotation Car parts dataset/File1/ann/Car damages 759.png.json; crop (432, 222, 528, 318); accepted under v2-visual-quality-rules-2026-09-06"
scratch/hitl-ebfbff992401e5b7.jpg,scratch,Scratch,Humans in the Loop Car Parts and Car Damages Dataset,https://huggingface.co/datasets/DrBimmer/car-parts-and-damage-dataset/resolve/2dbf46f7e23eb0d6f551d38e4f77a11fe9d045b9/Car%20parts%20dataset/File1/img/Car%20damages%20620.png,CC0-1.0,Car parts dataset/File1/img/Car damages 620.png,accepted,"Pinned mirror revision 2dbf46f7e23eb0d6f551d38e4f77a11fe9d045b9; annotation Car parts dataset/File1/ann/Car damages 620.png.json; crop (384, 177, 480, 273); accepted under v2-visual-quality-rules-2026-09-06"
scratch/hitl-ed7491c37e6552db.jpg,scratch,Scratch,Humans in the Loop Car Parts and Car Damages Dataset,https://huggingface.co/datasets/DrBimmer/car-parts-and-damage-dataset/resolve/2dbf46f7e23eb0d6f551d38e4f77a11fe9d045b9/Car%20parts%20dataset/File1/img/Car%20damages%201171.png,CC0-1.0,Car parts dataset/File1/img/Car damages 1171.png,accepted,"Pinned mirror revision 2dbf46f7e23eb0d6f551d38e4f77a11fe9d045b9; annotation Car parts dataset/File1/ann/Car damages 1171.png.json; crop (126, 183, 222, 279); accepted under v2-visual-quality-rules-2026-09-06"
scratch/hitl-efd51a10e890371c.jpg,scratch,Scratch,Humans in the Loop Car Parts and Car Damages Dataset,https://huggingface.co/datasets/DrBimmer/car-parts-and-damage-dataset/resolve/2dbf46f7e23eb0d6f551d38e4f77a11fe9d045b9/Car%20parts%20dataset/File1/img/Car%20damages%20165.jpg,CC0-1.0,Car parts dataset/File1/img/Car damages 165.jpg,accepted,"Pinned mirror revision 2dbf46f7e23eb0d6f551d38e4f77a11fe9d045b9; annotation Car parts dataset/File1/ann/Car damages 165.jpg.json; crop (192, 219, 288, 315); accepted under v2-visual-quality-rules-2026-09-06"
scratch/hitl-f446b6b6112e9cbf.jpg,scratch,Scratch,Humans in the Loop Car Parts and Car Damages Dataset,https://huggingface.co/datasets/DrBimmer/car-parts-and-damage-dataset/resolve/2dbf46f7e23eb0d6f551d38e4f77a11fe9d045b9/Car%20parts%20dataset/File1/img/Car%20damages%20293.png,CC0-1.0,Car parts dataset/File1/img/Car damages 293.png,accepted,"Pinned mirror revision 2dbf46f7e23eb0d6f551d38e4f77a11fe9d045b9; annotation Car parts dataset/File1/ann/Car damages 293.png.json; crop (218, 346, 314, 442); accepted under v2-visual-quality-rules-2026-09-06"
scratch/hitl-fc8fa274588754d8.jpg,scratch,Scratch,Humans in the Loop Car Parts and Car Damages Dataset,https://huggingface.co/datasets/DrBimmer/car-parts-and-damage-dataset/resolve/2dbf46f7e23eb0d6f551d38e4f77a11fe9d045b9/Car%20parts%20dataset/File1/img/Car%20damages%201260.png,CC0-1.0,Car parts dataset/File1/img/Car damages 1260.png,rejected,"Pinned mirror revision 2dbf46f7e23eb0d6f551d38e4f77a11fe9d045b9; annotation Car parts dataset/File1/ann/Car damages 1260.png.json; crop (129, 85, 299, 256); rejected under v2-visual-quality-rules-2026-09-06: failed one or more visual inclusion rules"
scratch/hitl-ffddaa43ddf81dca.jpg,scratch,Scratch,Humans in the Loop Car Parts and Car Damages Dataset,https://huggingface.co/datasets/DrBimmer/car-parts-and-damage-dataset/resolve/2dbf46f7e23eb0d6f551d38e4f77a11fe9d045b9/Car%20parts%20dataset/File1/img/Car%20damages%20239.png,CC0-1.0,Car parts dataset/File1/img/Car damages 239.png,rejected,"Pinned mirror revision 2dbf46f7e23eb0d6f551d38e4f77a11fe9d045b9; annotation Car parts dataset/File1/ann/Car damages 239.png.json; crop (373, 171, 550, 348); rejected under v2-visual-quality-rules-2026-09-06: failed one or more visual inclusion rules"
dent/hitl-01507000e763041d.jpg,dent,Dent,Humans in the Loop Car Parts and Car Damages Dataset,https://huggingface.co/datasets/DrBimmer/car-parts-and-damage-dataset/resolve/2dbf46f7e23eb0d6f551d38e4f77a11fe9d045b9/Car%20parts%20dataset/File1/img/Car%20damages%20105.png,CC0-1.0,Car parts dataset/File1/img/Car damages 105.png,accepted,"Pinned mirror revision 2dbf46f7e23eb0d6f551d38e4f77a11fe9d045b9; annotation Car parts dataset/File1/ann/Car damages 105.png.json; crop (46, 99, 276, 328); accepted under v2-visual-quality-rules-2026-09-06"
dent/hitl-03814206483e62f4.jpg,dent,Dent,Humans in the Loop Car Parts and Car Damages Dataset,https://huggingface.co/datasets/DrBimmer/car-parts-and-damage-dataset/resolve/2dbf46f7e23eb0d6f551d38e4f77a11fe9d045b9/Car%20parts%20dataset/File1/img/Car%20damages%20883.png,CC0-1.0,Car parts dataset/File1/img/Car damages 883.png,accepted,"Pinned mirror revision 2dbf46f7e23eb0d6f551d38e4f77a11fe9d045b9; annotation Car parts dataset/File1/ann/Car damages 883.png.json; crop (244, 116, 392, 265); accepted under v2-visual-quality-rules-2026-09-06"
dent/hitl-03d9446226936c2f.jpg,dent,Dent,Humans in the Loop Car Parts and Car Damages Dataset,https://huggingface.co/datasets/DrBimmer/car-parts-and-damage-dataset/resolve/2dbf46f7e23eb0d6f551d38e4f77a11fe9d045b9/Car%20parts%20dataset/File1/img/Car%20damages%20103.png,CC0-1.0,Car parts dataset/File1/img/Car damages 103.png,accepted,"Pinned mirror revision 2dbf46f7e23eb0d6f551d38e4f77a11fe9d045b9; annotation Car parts dataset/File1/ann/Car damages 103.png.json; crop (367, 167, 534, 334); accepted under v2-visual-quality-rules-2026-09-06"
dent/hitl-041c7401b59312a3.jpg,dent,Dent,Humans in the Loop Car Parts and Car Damages Dataset,https://huggingface.co/datasets/DrBimmer/car-parts-and-damage-dataset/resolve/2dbf46f7e23eb0d6f551d38e4f77a11fe9d045b9/Car%20parts%20dataset/File1/img/Car%20damages%20298.png,CC0-1.0,Car parts dataset/File1/img/Car damages 298.png,accepted,"Pinned mirror revision 2dbf46f7e23eb0d6f551d38e4f77a11fe9d045b9; annotation Car parts dataset/File1/ann/Car damages 298.png.json; crop (267, 229, 414, 376); accepted under v2-visual-quality-rules-2026-09-06"
dent/hitl-043edbb8c6b18fdd.jpg,dent,Dent,Humans in the Loop Car Parts and Car Damages Dataset,https://huggingface.co/datasets/DrBimmer/car-parts-and-damage-dataset/resolve/2dbf46f7e23eb0d6f551d38e4f77a11fe9d045b9/Car%20parts%20dataset/File1/img/Car%20damages%20446.png,CC0-1.0,Car parts dataset/File1/img/Car damages 446.png,rejected,"Pinned mirror revision 2dbf46f7e23eb0d6f551d38e4f77a11fe9d045b9; annotation Car parts dataset/File1/ann/Car damages 446.png.json; crop (314, 191, 538, 415); rejected under v2-visual-quality-rules-2026-09-06: failed one or more visual inclusion rules"
dent/hitl-05d9fa42c11465e3.jpg,dent,Dent,Humans in the Loop Car Parts and Car Damages Dataset,https://huggingface.co/datasets/DrBimmer/car-parts-and-damage-dataset/resolve/2dbf46f7e23eb0d6f551d38e4f77a11fe9d045b9/Car%20parts%20dataset/File1/img/Car%20damages%20867.png,CC0-1.0,Car parts dataset/File1/img/Car damages 867.png,accepted,"Pinned mirror revision 2dbf46f7e23eb0d6f551d38e4f77a11fe9d045b9; annotation Car parts dataset/File1/ann/Car damages 867.png.json; crop (243, 148, 371, 277); accepted under v2-visual-quality-rules-2026-09-06"
dent/hitl-07bcf8fc1d6d7a81.jpg,dent,Dent,Humans in the Loop Car Parts and Car Damages Dataset,https://huggingface.co/datasets/DrBimmer/car-parts-and-damage-dataset/resolve/2dbf46f7e23eb0d6f551d38e4f77a11fe9d045b9/Car%20parts%20dataset/File1/img/Car%20damages%20908.jpg,CC0-1.0,Car parts dataset/File1/img/Car damages 908.jpg,accepted,"Pinned mirror revision 2dbf46f7e23eb0d6f551d38e4f77a11fe9d045b9; annotation Car parts dataset/File1/ann/Car damages 908.jpg.json; crop (128, 129, 300, 302); accepted under v2-visual-quality-rules-2026-09-06"
dent/hitl-0e6c70d83c1b27cc.jpg,dent,Dent,Humans in the Loop Car Parts and Car Damages Dataset,https://huggingface.co/datasets/DrBimmer/car-parts-and-damage-dataset/resolve/2dbf46f7e23eb0d6f551d38e4f77a11fe9d045b9/Car%20parts%20dataset/File1/img/Car%20damages%20635.png,CC0-1.0,Car parts dataset/File1/img/Car damages 635.png,rejected,"Pinned mirror revision 2dbf46f7e23eb0d6f551d38e4f77a11fe9d045b9; annotation Car parts dataset/File1/ann/Car damages 635.png.json; crop (14, 136, 110, 232); rejected under v2-visual-quality-rules-2026-09-06: failed one or more visual inclusion rules"
dent/hitl-10c37611a879cd24.jpg,dent,Dent,Humans in the Loop Car Parts and Car Damages Dataset,https://huggingface.co/datasets/DrBimmer/car-parts-and-damage-dataset/resolve/2dbf46f7e23eb0d6f551d38e4f77a11fe9d045b9/Car%20parts%20dataset/File1/img/Car%20damages%20439.png,CC0-1.0,Car parts dataset/File1/img/Car damages 439.png,accepted,"Pinned mirror revision 2dbf46f7e23eb0d6f551d38e4f77a11fe9d045b9; annotation Car parts dataset/File1/ann/Car damages 439.png.json; crop (374, 177, 591, 394); accepted under v2-visual-quality-rules-2026-09-06"
dent/hitl-11b028e6f8401282.jpg,dent,Dent,Humans in the Loop Car Parts and Car Damages Dataset,https://huggingface.co/datasets/DrBimmer/car-parts-and-damage-dataset/resolve/2dbf46f7e23eb0d6f551d38e4f77a11fe9d045b9/Car%20parts%20dataset/File1/img/Car%20damages%20649.png,CC0-1.0,Car parts dataset/File1/img/Car damages 649.png,accepted,"Pinned mirror revision 2dbf46f7e23eb0d6f551d38e4f77a11fe9d045b9; annotation Car parts dataset/File1/ann/Car damages 649.png.json; crop (270, 189, 408, 327); accepted under v2-visual-quality-rules-2026-09-06"
dent/hitl-13387987f3ee3515.jpg,dent,Dent,Humans in the Loop Car Parts and Car Damages Dataset,https://huggingface.co/datasets/DrBimmer/car-parts-and-damage-dataset/resolve/2dbf46f7e23eb0d6f551d38e4f77a11fe9d045b9/Car%20parts%20dataset/File1/img/Car%20damages%20242.png,CC0-1.0,Car parts dataset/File1/img/Car damages 242.png,accepted,"Pinned mirror revision 2dbf46f7e23eb0d6f551d38e4f77a11fe9d045b9; annotation Car parts dataset/File1/ann/Car damages 242.png.json; crop (112, 95, 406, 389); accepted under v2-visual-quality-rules-2026-09-06"
dent/hitl-159032262d459bf8.jpg,dent,Dent,Humans in the Loop Car Parts and Car Damages Dataset,https://huggingface.co/datasets/DrBimmer/car-parts-and-damage-dataset/resolve/2dbf46f7e23eb0d6f551d38e4f77a11fe9d045b9/Car%20parts%20dataset/File1/img/Car%20damages%201206.png,CC0-1.0,Car parts dataset/File1/img/Car damages 1206.png,accepted,"Pinned mirror revision 2dbf46f7e23eb0d6f551d38e4f77a11fe9d045b9; annotation Car parts dataset/File1/ann/Car damages 1206.png.json; crop (449, 111, 653, 316); accepted under v2-visual-quality-rules-2026-09-06"
dent/hitl-172ecb91674001b0.jpg,dent,Dent,Humans in the Loop Car Parts and Car Damages Dataset,https://huggingface.co/datasets/DrBimmer/car-parts-and-damage-dataset/resolve/2dbf46f7e23eb0d6f551d38e4f77a11fe9d045b9/Car%20parts%20dataset/File1/img/Car%20damages%20180.png,CC0-1.0,Car parts dataset/File1/img/Car damages 180.png,accepted,"Pinned mirror revision 2dbf46f7e23eb0d6f551d38e4f77a11fe9d045b9; annotation Car parts dataset/File1/ann/Car damages 180.png.json; crop (14, 210, 110, 306); accepted under v2-visual-quality-rules-2026-09-06"
dent/hitl-1afdf4954110c8ce.jpg,dent,Dent,Humans in the Loop Car Parts and Car Damages Dataset,https://huggingface.co/datasets/DrBimmer/car-parts-and-damage-dataset/resolve/2dbf46f7e23eb0d6f551d38e4f77a11fe9d045b9/Car%20parts%20dataset/File1/img/Car%20damages%201168.png,CC0-1.0,Car parts dataset/File1/img/Car damages 1168.png,accepted,"Pinned mirror revision 2dbf46f7e23eb0d6f551d38e4f77a11fe9d045b9; annotation Car parts dataset/File1/ann/Car damages 1168.png.json; crop (197, 178, 385, 366); accepted under v2-visual-quality-rules-2026-09-06"
dent/hitl-210d61841d084c7c.jpg,dent,Dent,Humans in the Loop Car Parts and Car Damages Dataset,https://huggingface.co/datasets/DrBimmer/car-parts-and-damage-dataset/resolve/2dbf46f7e23eb0d6f551d38e4f77a11fe9d045b9/Car%20parts%20dataset/File1/img/Car%20damages%201214.png,CC0-1.0,Car parts dataset/File1/img/Car damages 1214.png,accepted,"Pinned mirror revision 2dbf46f7e23eb0d6f551d38e4f77a11fe9d045b9; annotation Car parts dataset/File1/ann/Car damages 1214.png.json; crop (0, 111, 281, 392); accepted under v2-visual-quality-rules-2026-09-06"
dent/hitl-22df540e50b285e2.jpg,dent,Dent,Humans in the Loop Car Parts and Car Damages Dataset,https://huggingface.co/datasets/DrBimmer/car-parts-and-damage-dataset/resolve/2dbf46f7e23eb0d6f551d38e4f77a11fe9d045b9/Car%20parts%20dataset/File1/img/Car%20damages%20911.png,CC0-1.0,Car parts dataset/File1/img/Car damages 911.png,accepted,"Pinned mirror revision 2dbf46f7e23eb0d6f551d38e4f77a11fe9d045b9; annotation Car parts dataset/File1/ann/Car damages 911.png.json; crop (29, 117, 183, 271); accepted under v2-visual-quality-rules-2026-09-06"
dent/hitl-245d80fded25ee11.jpg,dent,Dent,Humans in the Loop Car Parts and Car Damages Dataset,https://huggingface.co/datasets/DrBimmer/car-parts-and-damage-dataset/resolve/2dbf46f7e23eb0d6f551d38e4f77a11fe9d045b9/Car%20parts%20dataset/File1/img/Car%20damages%20891.png,CC0-1.0,Car parts dataset/File1/img/Car damages 891.png,accepted,"Pinned mirror revision 2dbf46f7e23eb0d6f551d38e4f77a11fe9d045b9; annotation Car parts dataset/File1/ann/Car damages 891.png.json; crop (341, 128, 521, 307); accepted under v2-visual-quality-rules-2026-09-06"
dent/hitl-247f4b5c1edd5d26.jpg,dent,Dent,Humans in the Loop Car Parts and Car Damages Dataset,https://huggingface.co/datasets/DrBimmer/car-parts-and-damage-dataset/resolve/2dbf46f7e23eb0d6f551d38e4f77a11fe9d045b9/Car%20parts%20dataset/File1/img/Car%20damages%20246.jpg,CC0-1.0,Car parts dataset/File1/img/Car damages 246.jpg,accepted,"Pinned mirror revision 2dbf46f7e23eb0d6f551d38e4f77a11fe9d045b9; annotation Car parts dataset/File1/ann/Car damages 246.jpg.json; crop (229, 175, 395, 341); accepted under v2-visual-quality-rules-2026-09-06"
dent/hitl-2b925d384295e92d.jpg,dent,Dent,Humans in the Loop Car Parts and Car Damages Dataset,https://huggingface.co/datasets/DrBimmer/car-parts-and-damage-dataset/resolve/2dbf46f7e23eb0d6f551d38e4f77a11fe9d045b9/Car%20parts%20dataset/File1/img/Car%20damages%201278.png,CC0-1.0,Car parts dataset/File1/img/Car damages 1278.png,rejected,"Pinned mirror revision 2dbf46f7e23eb0d6f551d38e4f77a11fe9d045b9; annotation Car parts dataset/File1/ann/Car damages 1278.png.json; crop (259, 148, 502, 390); rejected under v2-visual-quality-rules-2026-09-06: failed one or more visual inclusion rules"
dent/hitl-2be22e4263c37af2.jpg,dent,Dent,Humans in the Loop Car Parts and Car Damages Dataset,https://huggingface.co/datasets/DrBimmer/car-parts-and-damage-dataset/resolve/2dbf46f7e23eb0d6f551d38e4f77a11fe9d045b9/Car%20parts%20dataset/File1/img/Car%20damages%201151.png,CC0-1.0,Car parts dataset/File1/img/Car damages 1151.png,accepted,"Pinned mirror revision 2dbf46f7e23eb0d6f551d38e4f77a11fe9d045b9; annotation Car parts dataset/File1/ann/Car damages 1151.png.json; crop (12, 0, 564, 553); accepted under v2-visual-quality-rules-2026-09-06"
dent/hitl-2f6b070cfc9df555.jpg,dent,Dent,Humans in the Loop Car Parts and Car Damages Dataset,https://huggingface.co/datasets/DrBimmer/car-parts-and-damage-dataset/resolve/2dbf46f7e23eb0d6f551d38e4f77a11fe9d045b9/Car%20parts%20dataset/File1/img/Car%20damages%20438.png,CC0-1.0,Car parts dataset/File1/img/Car damages 438.png,accepted,"Pinned mirror revision 2dbf46f7e23eb0d6f551d38e4f77a11fe9d045b9; annotation Car parts dataset/File1/ann/Car damages 438.png.json; crop (277, 248, 510, 480); accepted under v2-visual-quality-rules-2026-09-06"
dent/hitl-3167bf97259fe88f.jpg,dent,Dent,Humans in the Loop Car Parts and Car Damages Dataset,https://huggingface.co/datasets/DrBimmer/car-parts-and-damage-dataset/resolve/2dbf46f7e23eb0d6f551d38e4f77a11fe9d045b9/Car%20parts%20dataset/File1/img/Car%20damages%20206.png,CC0-1.0,Car parts dataset/File1/img/Car damages 206.png,rejected,"Pinned mirror revision 2dbf46f7e23eb0d6f551d38e4f77a11fe9d045b9; annotation Car parts dataset/File1/ann/Car damages 206.png.json; crop (474, 161, 627, 314); rejected under v2-visual-quality-rules-2026-09-06: failed one or more visual inclusion rules"
dent/hitl-350c1dbceb55b102.jpg,dent,Dent,Humans in the Loop Car Parts and Car Damages Dataset,https://huggingface.co/datasets/DrBimmer/car-parts-and-damage-dataset/resolve/2dbf46f7e23eb0d6f551d38e4f77a11fe9d045b9/Car%20parts%20dataset/File1/img/Car%20damages%20501.jpg,CC0-1.0,Car parts dataset/File1/img/Car damages 501.jpg,accepted,"Pinned mirror revision 2dbf46f7e23eb0d6f551d38e4f77a11fe9d045b9; annotation Car parts dataset/File1/ann/Car damages 501.jpg.json; crop (55, 139, 194, 278); accepted under v2-visual-quality-rules-2026-09-06"
dent/hitl-366987df607dbb1e.jpg,dent,Dent,Humans in the Loop Car Parts and Car Damages Dataset,https://huggingface.co/datasets/DrBimmer/car-parts-and-damage-dataset/resolve/2dbf46f7e23eb0d6f551d38e4f77a11fe9d045b9/Car%20parts%20dataset/File1/img/Car%20damages%20163.png,CC0-1.0,Car parts dataset/File1/img/Car damages 163.png,accepted,"Pinned mirror revision 2dbf46f7e23eb0d6f551d38e4f77a11fe9d045b9; annotation Car parts dataset/File1/ann/Car damages 163.png.json; crop (498, 67, 655, 223); accepted under v2-visual-quality-rules-2026-09-06"
dent/hitl-38b01011e0bdf697.jpg,dent,Dent,Humans in the Loop Car Parts and Car Damages Dataset,https://huggingface.co/datasets/DrBimmer/car-parts-and-damage-dataset/resolve/2dbf46f7e23eb0d6f551d38e4f77a11fe9d045b9/Car%20parts%20dataset/File1/img/Car%20damages%20870.png,CC0-1.0,Car parts dataset/File1/img/Car damages 870.png,accepted,"Pinned mirror revision 2dbf46f7e23eb0d6f551d38e4f77a11fe9d045b9; annotation Car parts dataset/File1/ann/Car damages 870.png.json; crop (372, 222, 652, 502); accepted under v2-visual-quality-rules-2026-09-06"
dent/hitl-38bcb82924da966a.jpg,dent,Dent,Humans in the Loop Car Parts and Car Damages Dataset,https://huggingface.co/datasets/DrBimmer/car-parts-and-damage-dataset/resolve/2dbf46f7e23eb0d6f551d38e4f77a11fe9d045b9/Car%20parts%20dataset/File1/img/Car%20damages%20249.png,CC0-1.0,Car parts dataset/File1/img/Car damages 249.png,accepted,"Pinned mirror revision 2dbf46f7e23eb0d6f551d38e4f77a11fe9d045b9; annotation Car parts dataset/File1/ann/Car damages 249.png.json; crop (368, 227, 509, 368); accepted under v2-visual-quality-rules-2026-09-06"
dent/hitl-41b5687adfaf5eef.jpg,dent,Dent,Humans in the Loop Car Parts and Car Damages Dataset,https://huggingface.co/datasets/DrBimmer/car-parts-and-damage-dataset/resolve/2dbf46f7e23eb0d6f551d38e4f77a11fe9d045b9/Car%20parts%20dataset/File1/img/Car%20damages%20858.png,CC0-1.0,Car parts dataset/File1/img/Car damages 858.png,accepted,"Pinned mirror revision 2dbf46f7e23eb0d6f551d38e4f77a11fe9d045b9; annotation Car parts dataset/File1/ann/Car damages 858.png.json; crop (336, 0, 616, 280); accepted under v2-visual-quality-rules-2026-09-06"
dent/hitl-43085769e2cc49ec.jpg,dent,Dent,Humans in the Loop Car Parts and Car Damages Dataset,https://huggingface.co/datasets/DrBimmer/car-parts-and-damage-dataset/resolve/2dbf46f7e23eb0d6f551d38e4f77a11fe9d045b9/Car%20parts%20dataset/File1/img/Car%20damages%20237.png,CC0-1.0,Car parts dataset/File1/img/Car damages 237.png,accepted,"Pinned mirror revision 2dbf46f7e23eb0d6f551d38e4f77a11fe9d045b9; annotation Car parts dataset/File1/ann/Car damages 237.png.json; crop (12, 199, 213, 401); accepted under v2-visual-quality-rules-2026-09-06"
dent/hitl-4461b6d08c9ba1a4.jpg,dent,Dent,Humans in the Loop Car Parts and Car Damages Dataset,https://huggingface.co/datasets/DrBimmer/car-parts-and-damage-dataset/resolve/2dbf46f7e23eb0d6f551d38e4f77a11fe9d045b9/Car%20parts%20dataset/File1/img/Car%20damages%20632.png,CC0-1.0,Car parts dataset/File1/img/Car damages 632.png,accepted,"Pinned mirror revision 2dbf46f7e23eb0d6f551d38e4f77a11fe9d045b9; annotation Car parts dataset/File1/ann/Car damages 632.png.json; crop (167, 201, 306, 339); accepted under v2-visual-quality-rules-2026-09-06"
dent/hitl-497a4115d154d5e5.jpg,dent,Dent,Humans in the Loop Car Parts and Car Damages Dataset,https://huggingface.co/datasets/DrBimmer/car-parts-and-damage-dataset/resolve/2dbf46f7e23eb0d6f551d38e4f77a11fe9d045b9/Car%20parts%20dataset/File1/img/Car%20damages%201331.png,CC0-1.0,Car parts dataset/File1/img/Car damages 1331.png,accepted,"Pinned mirror revision 2dbf46f7e23eb0d6f551d38e4f77a11fe9d045b9; annotation Car parts dataset/File1/ann/Car damages 1331.png.json; crop (208, 194, 398, 384); accepted under v2-visual-quality-rules-2026-09-06"
dent/hitl-4b854af12413842b.jpg,dent,Dent,Humans in the Loop Car Parts and Car Damages Dataset,https://huggingface.co/datasets/DrBimmer/car-parts-and-damage-dataset/resolve/2dbf46f7e23eb0d6f551d38e4f77a11fe9d045b9/Car%20parts%20dataset/File1/img/Car%20damages%201263.png,CC0-1.0,Car parts dataset/File1/img/Car damages 1263.png,accepted,"Pinned mirror revision 2dbf46f7e23eb0d6f551d38e4f77a11fe9d045b9; annotation Car parts dataset/File1/ann/Car damages 1263.png.json; crop (195, 51, 512, 368); accepted under v2-visual-quality-rules-2026-09-06"
dent/hitl-4c60de045bd78aa9.jpg,dent,Dent,Humans in the Loop Car Parts and Car Damages Dataset,https://huggingface.co/datasets/DrBimmer/car-parts-and-damage-dataset/resolve/2dbf46f7e23eb0d6f551d38e4f77a11fe9d045b9/Car%20parts%20dataset/File1/img/Car%20damages%201071.png,CC0-1.0,Car parts dataset/File1/img/Car damages 1071.png,accepted,"Pinned mirror revision 2dbf46f7e23eb0d6f551d38e4f77a11fe9d045b9; annotation Car parts dataset/File1/ann/Car damages 1071.png.json; crop (498, 330, 605, 438); accepted under v2-visual-quality-rules-2026-09-06"
dent/hitl-4fe0c9a453baaf8a.jpg,dent,Dent,Humans in the Loop Car Parts and Car Damages Dataset,https://huggingface.co/datasets/DrBimmer/car-parts-and-damage-dataset/resolve/2dbf46f7e23eb0d6f551d38e4f77a11fe9d045b9/Car%20parts%20dataset/File1/img/Car%20damages%20453.jpg,CC0-1.0,Car parts dataset/File1/img/Car damages 453.jpg,accepted,"Pinned mirror revision 2dbf46f7e23eb0d6f551d38e4f77a11fe9d045b9; annotation Car parts dataset/File1/ann/Car damages 453.jpg.json; crop (99, 177, 248, 325); accepted under v2-visual-quality-rules-2026-09-06"
dent/hitl-500ab19ffef94d03.jpg,dent,Dent,Humans in the Loop Car Parts and Car Damages Dataset,https://huggingface.co/datasets/DrBimmer/car-parts-and-damage-dataset/resolve/2dbf46f7e23eb0d6f551d38e4f77a11fe9d045b9/Car%20parts%20dataset/File1/img/Car%20damages%201224.png,CC0-1.0,Car parts dataset/File1/img/Car damages 1224.png,accepted,"Pinned mirror revision 2dbf46f7e23eb0d6f551d38e4f77a11fe9d045b9; annotation Car parts dataset/File1/ann/Car damages 1224.png.json; crop (99, 137, 201, 240); accepted under v2-visual-quality-rules-2026-09-06"
dent/hitl-56df566d1e1b1988.jpg,dent,Dent,Humans in the Loop Car Parts and Car Damages Dataset,https://huggingface.co/datasets/DrBimmer/car-parts-and-damage-dataset/resolve/2dbf46f7e23eb0d6f551d38e4f77a11fe9d045b9/Car%20parts%20dataset/File1/img/Car%20damages%201204.png,CC0-1.0,Car parts dataset/File1/img/Car damages 1204.png,accepted,"Pinned mirror revision 2dbf46f7e23eb0d6f551d38e4f77a11fe9d045b9; annotation Car parts dataset/File1/ann/Car damages 1204.png.json; crop (286, 213, 508, 434); accepted under v2-visual-quality-rules-2026-09-06"
dent/hitl-57dac2c4189314a1.jpg,dent,Dent,Humans in the Loop Car Parts and Car Damages Dataset,https://huggingface.co/datasets/DrBimmer/car-parts-and-damage-dataset/resolve/2dbf46f7e23eb0d6f551d38e4f77a11fe9d045b9/Car%20parts%20dataset/File1/img/Car%20damages%20862.png,CC0-1.0,Car parts dataset/File1/img/Car damages 862.png,accepted,"Pinned mirror revision 2dbf46f7e23eb0d6f551d38e4f77a11fe9d045b9; annotation Car parts dataset/File1/ann/Car damages 862.png.json; crop (477, 121, 573, 217); accepted under v2-visual-quality-rules-2026-09-06"
dent/hitl-5966c8e23e23bbfd.jpg,dent,Dent,Humans in the Loop Car Parts and Car Damages Dataset,https://huggingface.co/datasets/DrBimmer/car-parts-and-damage-dataset/resolve/2dbf46f7e23eb0d6f551d38e4f77a11fe9d045b9/Car%20parts%20dataset/File1/img/Car%20damages%20932.jpg,CC0-1.0,Car parts dataset/File1/img/Car damages 932.jpg,accepted,"Pinned mirror revision 2dbf46f7e23eb0d6f551d38e4f77a11fe9d045b9; annotation Car parts dataset/File1/ann/Car damages 932.jpg.json; crop (44, 135, 220, 311); accepted under v2-visual-quality-rules-2026-09-06"
dent/hitl-5a5601ea78f1edf2.jpg,dent,Dent,Humans in the Loop Car Parts and Car Damages Dataset,https://huggingface.co/datasets/DrBimmer/car-parts-and-damage-dataset/resolve/2dbf46f7e23eb0d6f551d38e4f77a11fe9d045b9/Car%20parts%20dataset/File1/img/Car%20damages%20155.png,CC0-1.0,Car parts dataset/File1/img/Car damages 155.png,accepted,"Pinned mirror revision 2dbf46f7e23eb0d6f551d38e4f77a11fe9d045b9; annotation Car parts dataset/File1/ann/Car damages 155.png.json; crop (117, 236, 292, 410); accepted under v2-visual-quality-rules-2026-09-06"
dent/hitl-5bc07b6da0d28107.jpg,dent,Dent,Humans in the Loop Car Parts and Car Damages Dataset,https://huggingface.co/datasets/DrBimmer/car-parts-and-damage-dataset/resolve/2dbf46f7e23eb0d6f551d38e4f77a11fe9d045b9/Car%20parts%20dataset/File1/img/Car%20damages%20157.png,CC0-1.0,Car parts dataset/File1/img/Car damages 157.png,rejected,"Pinned mirror revision 2dbf46f7e23eb0d6f551d38e4f77a11fe9d045b9; annotation Car parts dataset/File1/ann/Car damages 157.png.json; crop (445, 57, 583, 195); rejected under v2-visual-quality-rules-2026-09-06: failed one or more visual inclusion rules"
dent/hitl-5beab2beb14409ad.jpg,dent,Dent,Humans in the Loop Car Parts and Car Damages Dataset,https://huggingface.co/datasets/DrBimmer/car-parts-and-damage-dataset/resolve/2dbf46f7e23eb0d6f551d38e4f77a11fe9d045b9/Car%20parts%20dataset/File1/img/Car%20damages%20392.jpg,CC0-1.0,Car parts dataset/File1/img/Car damages 392.jpg,accepted,"Pinned mirror revision 2dbf46f7e23eb0d6f551d38e4f77a11fe9d045b9; annotation Car parts dataset/File1/ann/Car damages 392.jpg.json; crop (133, 148, 276, 290); accepted under v2-visual-quality-rules-2026-09-06"
dent/hitl-5cff6a86e71f536e.jpg,dent,Dent,Humans in the Loop Car Parts and Car Damages Dataset,https://huggingface.co/datasets/DrBimmer/car-parts-and-damage-dataset/resolve/2dbf46f7e23eb0d6f551d38e4f77a11fe9d045b9/Car%20parts%20dataset/File1/img/Car%20damages%20627.png,CC0-1.0,Car parts dataset/File1/img/Car damages 627.png,accepted,"Pinned mirror revision 2dbf46f7e23eb0d6f551d38e4f77a11fe9d045b9; annotation Car parts dataset/File1/ann/Car damages 627.png.json; crop (280, 112, 445, 278); accepted under v2-visual-quality-rules-2026-09-06"
dent/hitl-65002d47af13e8c6.jpg,dent,Dent,Humans in the Loop Car Parts and Car Damages Dataset,https://huggingface.co/datasets/DrBimmer/car-parts-and-damage-dataset/resolve/2dbf46f7e23eb0d6f551d38e4f77a11fe9d045b9/Car%20parts%20dataset/File1/img/Car%20damages%20304.png,CC0-1.0,Car parts dataset/File1/img/Car damages 304.png,accepted,"Pinned mirror revision 2dbf46f7e23eb0d6f551d38e4f77a11fe9d045b9; annotation Car parts dataset/File1/ann/Car damages 304.png.json; crop (143, 0, 724, 581); accepted under v2-visual-quality-rules-2026-09-06"
dent/hitl-650aaa583ba06b2c.jpg,dent,Dent,Humans in the Loop Car Parts and Car Damages Dataset,https://huggingface.co/datasets/DrBimmer/car-parts-and-damage-dataset/resolve/2dbf46f7e23eb0d6f551d38e4f77a11fe9d045b9/Car%20parts%20dataset/File1/img/Car%20damages%201144.png,CC0-1.0,Car parts dataset/File1/img/Car damages 1144.png,accepted,"Pinned mirror revision 2dbf46f7e23eb0d6f551d38e4f77a11fe9d045b9; annotation Car parts dataset/File1/ann/Car damages 1144.png.json; crop (648, 127, 809, 288); accepted under v2-visual-quality-rules-2026-09-06"
dent/hitl-6558722541e2f87c.jpg,dent,Dent,Humans in the Loop Car Parts and Car Damages Dataset,https://huggingface.co/datasets/DrBimmer/car-parts-and-damage-dataset/resolve/2dbf46f7e23eb0d6f551d38e4f77a11fe9d045b9/Car%20parts%20dataset/File1/img/Car%20damages%20796.png,CC0-1.0,Car parts dataset/File1/img/Car damages 796.png,accepted,"Pinned mirror revision 2dbf46f7e23eb0d6f551d38e4f77a11fe9d045b9; annotation Car parts dataset/File1/ann/Car damages 796.png.json; crop (342, 134, 509, 301); accepted under v2-visual-quality-rules-2026-09-06"
dent/hitl-660d3de32bdb3e6b.jpg,dent,Dent,Humans in the Loop Car Parts and Car Damages Dataset,https://huggingface.co/datasets/DrBimmer/car-parts-and-damage-dataset/resolve/2dbf46f7e23eb0d6f551d38e4f77a11fe9d045b9/Car%20parts%20dataset/File1/img/Car%20damages%20116.png,CC0-1.0,Car parts dataset/File1/img/Car damages 116.png,accepted,"Pinned mirror revision 2dbf46f7e23eb0d6f551d38e4f77a11fe9d045b9; annotation Car parts dataset/File1/ann/Car damages 116.png.json; crop (276, 147, 431, 303); accepted under v2-visual-quality-rules-2026-09-06"
dent/hitl-66e88bc6c2138841.jpg,dent,Dent,Humans in the Loop Car Parts and Car Damages Dataset,https://huggingface.co/datasets/DrBimmer/car-parts-and-damage-dataset/resolve/2dbf46f7e23eb0d6f551d38e4f77a11fe9d045b9/Car%20parts%20dataset/File1/img/Car%20damages%201283.png,CC0-1.0,Car parts dataset/File1/img/Car damages 1283.png,accepted,"Pinned mirror revision 2dbf46f7e23eb0d6f551d38e4f77a11fe9d045b9; annotation Car parts dataset/File1/ann/Car damages 1283.png.json; crop (156, 400, 312, 556); accepted under v2-visual-quality-rules-2026-09-06"
dent/hitl-6868a81c23340758.jpg,dent,Dent,Humans in the Loop Car Parts and Car Damages Dataset,https://huggingface.co/datasets/DrBimmer/car-parts-and-damage-dataset/resolve/2dbf46f7e23eb0d6f551d38e4f77a11fe9d045b9/Car%20parts%20dataset/File1/img/Car%20damages%20799.png,CC0-1.0,Car parts dataset/File1/img/Car damages 799.png,accepted,"Pinned mirror revision 2dbf46f7e23eb0d6f551d38e4f77a11fe9d045b9; annotation Car parts dataset/File1/ann/Car damages 799.png.json; crop (304, 148, 456, 300); accepted under v2-visual-quality-rules-2026-09-06"
dent/hitl-68a8ef67042cb6b9.jpg,dent,Dent,Humans in the Loop Car Parts and Car Damages Dataset,https://huggingface.co/datasets/DrBimmer/car-parts-and-damage-dataset/resolve/2dbf46f7e23eb0d6f551d38e4f77a11fe9d045b9/Car%20parts%20dataset/File1/img/Car%20damages%20404.png,CC0-1.0,Car parts dataset/File1/img/Car damages 404.png,rejected,"Pinned mirror revision 2dbf46f7e23eb0d6f551d38e4f77a11fe9d045b9; annotation Car parts dataset/File1/ann/Car damages 404.png.json; crop (26, 307, 315, 597); rejected under v2-visual-quality-rules-2026-09-06: failed one or more visual inclusion rules"
dent/hitl-699555be280cd0e6.jpg,dent,Dent,Humans in the Loop Car Parts and Car Damages Dataset,https://huggingface.co/datasets/DrBimmer/car-parts-and-damage-dataset/resolve/2dbf46f7e23eb0d6f551d38e4f77a11fe9d045b9/Car%20parts%20dataset/File1/img/Car%20damages%20241.png,CC0-1.0,Car parts dataset/File1/img/Car damages 241.png,accepted,"Pinned mirror revision 2dbf46f7e23eb0d6f551d38e4f77a11fe9d045b9; annotation Car parts dataset/File1/ann/Car damages 241.png.json; crop (230, 123, 432, 325); accepted under v2-visual-quality-rules-2026-09-06"
dent/hitl-6c7163f2be3b282a.jpg,dent,Dent,Humans in the Loop Car Parts and Car Damages Dataset,https://huggingface.co/datasets/DrBimmer/car-parts-and-damage-dataset/resolve/2dbf46f7e23eb0d6f551d38e4f77a11fe9d045b9/Car%20parts%20dataset/File1/img/Car%20damages%201065.png,CC0-1.0,Car parts dataset/File1/img/Car damages 1065.png,accepted,"Pinned mirror revision 2dbf46f7e23eb0d6f551d38e4f77a11fe9d045b9; annotation Car parts dataset/File1/ann/Car damages 1065.png.json; crop (0, 51, 220, 270); accepted under v2-visual-quality-rules-2026-09-06"
dent/hitl-6e0f9f8bb5e01f07.jpg,dent,Dent,Humans in the Loop Car Parts and Car Damages Dataset,https://huggingface.co/datasets/DrBimmer/car-parts-and-damage-dataset/resolve/2dbf46f7e23eb0d6f551d38e4f77a11fe9d045b9/Car%20parts%20dataset/File1/img/Car%20damages%201196.png,CC0-1.0,Car parts dataset/File1/img/Car damages 1196.png,accepted,"Pinned mirror revision 2dbf46f7e23eb0d6f551d38e4f77a11fe9d045b9; annotation Car parts dataset/File1/ann/Car damages 1196.png.json; crop (302, 198, 491, 388); accepted under v2-visual-quality-rules-2026-09-06"
dent/hitl-71c6637f60f8a2cd.jpg,dent,Dent,Humans in the Loop Car Parts and Car Damages Dataset,https://huggingface.co/datasets/DrBimmer/car-parts-and-damage-dataset/resolve/2dbf46f7e23eb0d6f551d38e4f77a11fe9d045b9/Car%20parts%20dataset/File1/img/Car%20damages%20892.png,CC0-1.0,Car parts dataset/File1/img/Car damages 892.png,accepted,"Pinned mirror revision 2dbf46f7e23eb0d6f551d38e4f77a11fe9d045b9; annotation Car parts dataset/File1/ann/Car damages 892.png.json; crop (69, 150, 177, 257); accepted under v2-visual-quality-rules-2026-09-06"
dent/hitl-72953ff43aa07d29.jpg,dent,Dent,Humans in the Loop Car Parts and Car Damages Dataset,https://huggingface.co/datasets/DrBimmer/car-parts-and-damage-dataset/resolve/2dbf46f7e23eb0d6f551d38e4f77a11fe9d045b9/Car%20parts%20dataset/File1/img/Car%20damages%20388.png,CC0-1.0,Car parts dataset/File1/img/Car damages 388.png,accepted,"Pinned mirror revision 2dbf46f7e23eb0d6f551d38e4f77a11fe9d045b9; annotation Car parts dataset/File1/ann/Car damages 388.png.json; crop (247, 234, 443, 430); accepted under v2-visual-quality-rules-2026-09-06"
dent/hitl-733da90dc76ae95c.jpg,dent,Dent,Humans in the Loop Car Parts and Car Damages Dataset,https://huggingface.co/datasets/DrBimmer/car-parts-and-damage-dataset/resolve/2dbf46f7e23eb0d6f551d38e4f77a11fe9d045b9/Car%20parts%20dataset/File1/img/Car%20damages%20925.png,CC0-1.0,Car parts dataset/File1/img/Car damages 925.png,accepted,"Pinned mirror revision 2dbf46f7e23eb0d6f551d38e4f77a11fe9d045b9; annotation Car parts dataset/File1/ann/Car damages 925.png.json; crop (50, 75, 357, 382); accepted under v2-visual-quality-rules-2026-09-06"
dent/hitl-73ae8c070fd6cdef.jpg,dent,Dent,Humans in the Loop Car Parts and Car Damages Dataset,https://huggingface.co/datasets/DrBimmer/car-parts-and-damage-dataset/resolve/2dbf46f7e23eb0d6f551d38e4f77a11fe9d045b9/Car%20parts%20dataset/File1/img/Car%20damages%20609.png,CC0-1.0,Car parts dataset/File1/img/Car damages 609.png,accepted,"Pinned mirror revision 2dbf46f7e23eb0d6f551d38e4f77a11fe9d045b9; annotation Car parts dataset/File1/ann/Car damages 609.png.json; crop (216, 153, 363, 300); accepted under v2-visual-quality-rules-2026-09-06"
dent/hitl-73c81918292fb8ef.jpg,dent,Dent,Humans in the Loop Car Parts and Car Damages Dataset,https://huggingface.co/datasets/DrBimmer/car-parts-and-damage-dataset/resolve/2dbf46f7e23eb0d6f551d38e4f77a11fe9d045b9/Car%20parts%20dataset/File1/img/Car%20damages%201229.jpg,CC0-1.0,Car parts dataset/File1/img/Car damages 1229.jpg,accepted,"Pinned mirror revision 2dbf46f7e23eb0d6f551d38e4f77a11fe9d045b9; annotation Car parts dataset/File1/ann/Car damages 1229.jpg.json; crop (283, 198, 395, 310); accepted under v2-visual-quality-rules-2026-09-06"
dent/hitl-77fb49255bd569d6.jpg,dent,Dent,Humans in the Loop Car Parts and Car Damages Dataset,https://huggingface.co/datasets/DrBimmer/car-parts-and-damage-dataset/resolve/2dbf46f7e23eb0d6f551d38e4f77a11fe9d045b9/Car%20parts%20dataset/File1/img/Car%20damages%201256.png,CC0-1.0,Car parts dataset/File1/img/Car damages 1256.png,accepted,"Pinned mirror revision 2dbf46f7e23eb0d6f551d38e4f77a11fe9d045b9; annotation Car parts dataset/File1/ann/Car damages 1256.png.json; crop (311, 172, 501, 363); accepted under v2-visual-quality-rules-2026-09-06"
dent/hitl-7bfe2b578f66fd92.jpg,dent,Dent,Humans in the Loop Car Parts and Car Damages Dataset,https://huggingface.co/datasets/DrBimmer/car-parts-and-damage-dataset/resolve/2dbf46f7e23eb0d6f551d38e4f77a11fe9d045b9/Car%20parts%20dataset/File1/img/Car%20damages%20775.png,CC0-1.0,Car parts dataset/File1/img/Car damages 775.png,accepted,"Pinned mirror revision 2dbf46f7e23eb0d6f551d38e4f77a11fe9d045b9; annotation Car parts dataset/File1/ann/Car damages 775.png.json; crop (143, 67, 375, 299); accepted under v2-visual-quality-rules-2026-09-06"
dent/hitl-7d3e530622ac7034.jpg,dent,Dent,Humans in the Loop Car Parts and Car Damages Dataset,https://huggingface.co/datasets/DrBimmer/car-parts-and-damage-dataset/resolve/2dbf46f7e23eb0d6f551d38e4f77a11fe9d045b9/Car%20parts%20dataset/File1/img/Car%20damages%20287.png,CC0-1.0,Car parts dataset/File1/img/Car damages 287.png,accepted,"Pinned mirror revision 2dbf46f7e23eb0d6f551d38e4f77a11fe9d045b9; annotation Car parts dataset/File1/ann/Car damages 287.png.json; crop (565, 124, 795, 354); accepted under v2-visual-quality-rules-2026-09-06"
dent/hitl-830c6f1eedb9086f.jpg,dent,Dent,Humans in the Loop Car Parts and Car Damages Dataset,https://huggingface.co/datasets/DrBimmer/car-parts-and-damage-dataset/resolve/2dbf46f7e23eb0d6f551d38e4f77a11fe9d045b9/Car%20parts%20dataset/File1/img/Car%20damages%20861.png,CC0-1.0,Car parts dataset/File1/img/Car damages 861.png,accepted,"Pinned mirror revision 2dbf46f7e23eb0d6f551d38e4f77a11fe9d045b9; annotation Car parts dataset/File1/ann/Car damages 861.png.json; crop (426, 144, 522, 240); accepted under v2-visual-quality-rules-2026-09-06"
dent/hitl-84926c31cec51474.jpg,dent,Dent,Humans in the Loop Car Parts and Car Damages Dataset,https://huggingface.co/datasets/DrBimmer/car-parts-and-damage-dataset/resolve/2dbf46f7e23eb0d6f551d38e4f77a11fe9d045b9/Car%20parts%20dataset/File1/img/Car%20damages%201153.png,CC0-1.0,Car parts dataset/File1/img/Car damages 1153.png,accepted,"Pinned mirror revision 2dbf46f7e23eb0d6f551d38e4f77a11fe9d045b9; annotation Car parts dataset/File1/ann/Car damages 1153.png.json; crop (194, 134, 473, 413); accepted under v2-visual-quality-rules-2026-09-06"
dent/hitl-8747d0f657bfc36b.jpg,dent,Dent,Humans in the Loop Car Parts and Car Damages Dataset,https://huggingface.co/datasets/DrBimmer/car-parts-and-damage-dataset/resolve/2dbf46f7e23eb0d6f551d38e4f77a11fe9d045b9/Car%20parts%20dataset/File1/img/Car%20damages%20396.png,CC0-1.0,Car parts dataset/File1/img/Car damages 396.png,accepted,"Pinned mirror revision 2dbf46f7e23eb0d6f551d38e4f77a11fe9d045b9; annotation Car parts dataset/File1/ann/Car damages 396.png.json; crop (356, 242, 518, 405); accepted under v2-visual-quality-rules-2026-09-06"
dent/hitl-891e1860b3afd6a2.jpg,dent,Dent,Humans in the Loop Car Parts and Car Damages Dataset,https://huggingface.co/datasets/DrBimmer/car-parts-and-damage-dataset/resolve/2dbf46f7e23eb0d6f551d38e4f77a11fe9d045b9/Car%20parts%20dataset/File1/img/Car%20damages%20386.png,CC0-1.0,Car parts dataset/File1/img/Car damages 386.png,rejected,"Pinned mirror revision 2dbf46f7e23eb0d6f551d38e4f77a11fe9d045b9; annotation Car parts dataset/File1/ann/Car damages 386.png.json; crop (269, 151, 536, 418); rejected under v2-visual-quality-rules-2026-09-06: failed one or more visual inclusion rules"
dent/hitl-892aebfa478be632.jpg,dent,Dent,Humans in the Loop Car Parts and Car Damages Dataset,https://huggingface.co/datasets/DrBimmer/car-parts-and-damage-dataset/resolve/2dbf46f7e23eb0d6f551d38e4f77a11fe9d045b9/Car%20parts%20dataset/File1/img/Car%20damages%20126.jpeg,CC0-1.0,Car parts dataset/File1/img/Car damages 126.jpeg,accepted,"Pinned mirror revision 2dbf46f7e23eb0d6f551d38e4f77a11fe9d045b9; annotation Car parts dataset/File1/ann/Car damages 126.jpeg.json; crop (71, 147, 241, 316); accepted under v2-visual-quality-rules-2026-09-06"
dent/hitl-8ad289abba0a2f57.jpg,dent,Dent,Humans in the Loop Car Parts and Car Damages Dataset,https://huggingface.co/datasets/DrBimmer/car-parts-and-damage-dataset/resolve/2dbf46f7e23eb0d6f551d38e4f77a11fe9d045b9/Car%20parts%20dataset/File1/img/Car%20damages%20876.png,CC0-1.0,Car parts dataset/File1/img/Car damages 876.png,accepted,"Pinned mirror revision 2dbf46f7e23eb0d6f551d38e4f77a11fe9d045b9; annotation Car parts dataset/File1/ann/Car damages 876.png.json; crop (368, 106, 564, 302); accepted under v2-visual-quality-rules-2026-09-06"
dent/hitl-8b3e835a4a70f973.jpg,dent,Dent,Humans in the Loop Car Parts and Car Damages Dataset,https://huggingface.co/datasets/DrBimmer/car-parts-and-damage-dataset/resolve/2dbf46f7e23eb0d6f551d38e4f77a11fe9d045b9/Car%20parts%20dataset/File1/img/Car%20damages%20243.png,CC0-1.0,Car parts dataset/File1/img/Car damages 243.png,rejected,"Pinned mirror revision 2dbf46f7e23eb0d6f551d38e4f77a11fe9d045b9; annotation Car parts dataset/File1/ann/Car damages 243.png.json; crop (395, 98, 795, 498); rejected under v2-visual-quality-rules-2026-09-06: failed one or more visual inclusion rules"
dent/hitl-8da19cbd189453ac.jpg,dent,Dent,Humans in the Loop Car Parts and Car Damages Dataset,https://huggingface.co/datasets/DrBimmer/car-parts-and-damage-dataset/resolve/2dbf46f7e23eb0d6f551d38e4f77a11fe9d045b9/Car%20parts%20dataset/File1/img/Car%20damages%20394.png,CC0-1.0,Car parts dataset/File1/img/Car damages 394.png,rejected,"Pinned mirror revision 2dbf46f7e23eb0d6f551d38e4f77a11fe9d045b9; annotation Car parts dataset/File1/ann/Car damages 394.png.json; crop (57, 23, 560, 527); rejected under v2-visual-quality-rules-2026-09-06: failed one or more visual inclusion rules"
dent/hitl-8fcc5dfdc4166ba0.jpg,dent,Dent,Humans in the Loop Car Parts and Car Damages Dataset,https://huggingface.co/datasets/DrBimmer/car-parts-and-damage-dataset/resolve/2dbf46f7e23eb0d6f551d38e4f77a11fe9d045b9/Car%20parts%20dataset/File1/img/Car%20damages%201266.jpg,CC0-1.0,Car parts dataset/File1/img/Car damages 1266.jpg,accepted,"Pinned mirror revision 2dbf46f7e23eb0d6f551d38e4f77a11fe9d045b9; annotation Car parts dataset/File1/ann/Car damages 1266.jpg.json; crop (278, 293, 410, 424); accepted under v2-visual-quality-rules-2026-09-06"
dent/hitl-8fdf35f8cdeea7da.jpg,dent,Dent,Humans in the Loop Car Parts and Car Damages Dataset,https://huggingface.co/datasets/DrBimmer/car-parts-and-damage-dataset/resolve/2dbf46f7e23eb0d6f551d38e4f77a11fe9d045b9/Car%20parts%20dataset/File1/img/Car%20damages%201231.png,CC0-1.0,Car parts dataset/File1/img/Car damages 1231.png,rejected,"Pinned mirror revision 2dbf46f7e23eb0d6f551d38e4f77a11fe9d045b9; annotation Car parts dataset/File1/ann/Car damages 1231.png.json; crop (483, 161, 639, 316); rejected under v2-visual-quality-rules-2026-09-06: failed one or more visual inclusion rules"
dent/hitl-900b7e9101772a43.jpg,dent,Dent,Humans in the Loop Car Parts and Car Damages Dataset,https://huggingface.co/datasets/DrBimmer/car-parts-and-damage-dataset/resolve/2dbf46f7e23eb0d6f551d38e4f77a11fe9d045b9/Car%20parts%20dataset/File1/img/Car%20damages%201207.png,CC0-1.0,Car parts dataset/File1/img/Car damages 1207.png,accepted,"Pinned mirror revision 2dbf46f7e23eb0d6f551d38e4f77a11fe9d045b9; annotation Car parts dataset/File1/ann/Car damages 1207.png.json; crop (292, 151, 451, 310); accepted under v2-visual-quality-rules-2026-09-06"
dent/hitl-9061d81a35d97787.jpg,dent,Dent,Humans in the Loop Car Parts and Car Damages Dataset,https://huggingface.co/datasets/DrBimmer/car-parts-and-damage-dataset/resolve/2dbf46f7e23eb0d6f551d38e4f77a11fe9d045b9/Car%20parts%20dataset/File1/img/Car%20damages%20990.png,CC0-1.0,Car parts dataset/File1/img/Car damages 990.png,accepted,"Pinned mirror revision 2dbf46f7e23eb0d6f551d38e4f77a11fe9d045b9; annotation Car parts dataset/File1/ann/Car damages 990.png.json; crop (232, 219, 328, 315); accepted under v2-visual-quality-rules-2026-09-06"
dent/hitl-9446fc79b090cb78.jpg,dent,Dent,Humans in the Loop Car Parts and Car Damages Dataset,https://huggingface.co/datasets/DrBimmer/car-parts-and-damage-dataset/resolve/2dbf46f7e23eb0d6f551d38e4f77a11fe9d045b9/Car%20parts%20dataset/File1/img/Car%20damages%201090.png,CC0-1.0,Car parts dataset/File1/img/Car damages 1090.png,rejected,"Pinned mirror revision 2dbf46f7e23eb0d6f551d38e4f77a11fe9d045b9; annotation Car parts dataset/File1/ann/Car damages 1090.png.json; crop (243, 261, 405, 424); rejected under v2-visual-quality-rules-2026-09-06: failed one or more visual inclusion rules"
dent/hitl-9c8e871a3b56698c.jpg,dent,Dent,Humans in the Loop Car Parts and Car Damages Dataset,https://huggingface.co/datasets/DrBimmer/car-parts-and-damage-dataset/resolve/2dbf46f7e23eb0d6f551d38e4f77a11fe9d045b9/Car%20parts%20dataset/File1/img/Car%20damages%20604.png,CC0-1.0,Car parts dataset/File1/img/Car damages 604.png,accepted,"Pinned mirror revision 2dbf46f7e23eb0d6f551d38e4f77a11fe9d045b9; annotation Car parts dataset/File1/ann/Car damages 604.png.json; crop (220, 240, 373, 392); accepted under v2-visual-quality-rules-2026-09-06"
dent/hitl-9d48285b77700177.jpg,dent,Dent,Humans in the Loop Car Parts and Car Damages Dataset,https://huggingface.co/datasets/DrBimmer/car-parts-and-damage-dataset/resolve/2dbf46f7e23eb0d6f551d38e4f77a11fe9d045b9/Car%20parts%20dataset/File1/img/Car%20damages%20448.png,CC0-1.0,Car parts dataset/File1/img/Car damages 448.png,accepted,"Pinned mirror revision 2dbf46f7e23eb0d6f551d38e4f77a11fe9d045b9; annotation Car parts dataset/File1/ann/Car damages 448.png.json; crop (194, 162, 545, 514); accepted under v2-visual-quality-rules-2026-09-06"
dent/hitl-9e9ce3ac33d7818d.jpg,dent,Dent,Humans in the Loop Car Parts and Car Damages Dataset,https://huggingface.co/datasets/DrBimmer/car-parts-and-damage-dataset/resolve/2dbf46f7e23eb0d6f551d38e4f77a11fe9d045b9/Car%20parts%20dataset/File1/img/Car%20damages%20780.png,CC0-1.0,Car parts dataset/File1/img/Car damages 780.png,accepted,"Pinned mirror revision 2dbf46f7e23eb0d6f551d38e4f77a11fe9d045b9; annotation Car parts dataset/File1/ann/Car damages 780.png.json; crop (104, 132, 356, 384); accepted under v2-visual-quality-rules-2026-09-06"
dent/hitl-9f2a771956396fe8.jpg,dent,Dent,Humans in the Loop Car Parts and Car Damages Dataset,https://huggingface.co/datasets/DrBimmer/car-parts-and-damage-dataset/resolve/2dbf46f7e23eb0d6f551d38e4f77a11fe9d045b9/Car%20parts%20dataset/File1/img/Car%20damages%201192.png,CC0-1.0,Car parts dataset/File1/img/Car damages 1192.png,accepted,"Pinned mirror revision 2dbf46f7e23eb0d6f551d38e4f77a11fe9d045b9; annotation Car parts dataset/File1/ann/Car damages 1192.png.json; crop (416, 156, 549, 288); accepted under v2-visual-quality-rules-2026-09-06"
dent/hitl-a34509553323a4e8.jpg,dent,Dent,Humans in the Loop Car Parts and Car Damages Dataset,https://huggingface.co/datasets/DrBimmer/car-parts-and-damage-dataset/resolve/2dbf46f7e23eb0d6f551d38e4f77a11fe9d045b9/Car%20parts%20dataset/File1/img/Car%20damages%20705.png,CC0-1.0,Car parts dataset/File1/img/Car damages 705.png,accepted,"Pinned mirror revision 2dbf46f7e23eb0d6f551d38e4f77a11fe9d045b9; annotation Car parts dataset/File1/ann/Car damages 705.png.json; crop (434, 106, 571, 244); accepted under v2-visual-quality-rules-2026-09-06"
dent/hitl-a4aa29c989fceb8d.jpg,dent,Dent,Humans in the Loop Car Parts and Car Damages Dataset,https://huggingface.co/datasets/DrBimmer/car-parts-and-damage-dataset/resolve/2dbf46f7e23eb0d6f551d38e4f77a11fe9d045b9/Car%20parts%20dataset/File1/img/Car%20damages%20652.png,CC0-1.0,Car parts dataset/File1/img/Car damages 652.png,accepted,"Pinned mirror revision 2dbf46f7e23eb0d6f551d38e4f77a11fe9d045b9; annotation Car parts dataset/File1/ann/Car damages 652.png.json; crop (416, 151, 552, 286); accepted under v2-visual-quality-rules-2026-09-06"
dent/hitl-a77e88615c03d4ce.jpg,dent,Dent,Humans in the Loop Car Parts and Car Damages Dataset,https://huggingface.co/datasets/DrBimmer/car-parts-and-damage-dataset/resolve/2dbf46f7e23eb0d6f551d38e4f77a11fe9d045b9/Car%20parts%20dataset/File1/img/Car%20damages%201066.png,CC0-1.0,Car parts dataset/File1/img/Car damages 1066.png,accepted,"Pinned mirror revision 2dbf46f7e23eb0d6f551d38e4f77a11fe9d045b9; annotation Car parts dataset/File1/ann/Car damages 1066.png.json; crop (243, 238, 394, 390); accepted under v2-visual-quality-rules-2026-09-06"
dent/hitl-a90d008697e1189e.jpg,dent,Dent,Humans in the Loop Car Parts and Car Damages Dataset,https://huggingface.co/datasets/DrBimmer/car-parts-and-damage-dataset/resolve/2dbf46f7e23eb0d6f551d38e4f77a11fe9d045b9/Car%20parts%20dataset/File1/img/Car%20damages%20421.png,CC0-1.0,Car parts dataset/File1/img/Car damages 421.png,accepted,"Pinned mirror revision 2dbf46f7e23eb0d6f551d38e4f77a11fe9d045b9; annotation Car parts dataset/File1/ann/Car damages 421.png.json; crop (357, 253, 530, 426); accepted under v2-visual-quality-rules-2026-09-06"
dent/hitl-a91ed371090c3dac.jpg,dent,Dent,Humans in the Loop Car Parts and Car Damages Dataset,https://huggingface.co/datasets/DrBimmer/car-parts-and-damage-dataset/resolve/2dbf46f7e23eb0d6f551d38e4f77a11fe9d045b9/Car%20parts%20dataset/File1/img/Car%20damages%20708.png,CC0-1.0,Car parts dataset/File1/img/Car damages 708.png,accepted,"Pinned mirror revision 2dbf46f7e23eb0d6f551d38e4f77a11fe9d045b9; annotation Car parts dataset/File1/ann/Car damages 708.png.json; crop (319, 85, 521, 286); accepted under v2-visual-quality-rules-2026-09-06"
dent/hitl-a98f89607c53f8d1.jpg,dent,Dent,Humans in the Loop Car Parts and Car Damages Dataset,https://huggingface.co/datasets/DrBimmer/car-parts-and-damage-dataset/resolve/2dbf46f7e23eb0d6f551d38e4f77a11fe9d045b9/Car%20parts%20dataset/File1/img/Car%20damages%201218.png,CC0-1.0,Car parts dataset/File1/img/Car damages 1218.png,accepted,"Pinned mirror revision 2dbf46f7e23eb0d6f551d38e4f77a11fe9d045b9; annotation Car parts dataset/File1/ann/Car damages 1218.png.json; crop (165, 151, 580, 566); accepted under v2-visual-quality-rules-2026-09-06"
dent/hitl-ae4474cc5f556d0c.jpg,dent,Dent,Humans in the Loop Car Parts and Car Damages Dataset,https://huggingface.co/datasets/DrBimmer/car-parts-and-damage-dataset/resolve/2dbf46f7e23eb0d6f551d38e4f77a11fe9d045b9/Car%20parts%20dataset/File1/img/Car%20damages%20227.png,CC0-1.0,Car parts dataset/File1/img/Car damages 227.png,accepted,"Pinned mirror revision 2dbf46f7e23eb0d6f551d38e4f77a11fe9d045b9; annotation Car parts dataset/File1/ann/Car damages 227.png.json; crop (434, 177, 674, 418); accepted under v2-visual-quality-rules-2026-09-06"
dent/hitl-b36b2bb6135cab0d.jpg,dent,Dent,Humans in the Loop Car Parts and Car Damages Dataset,https://huggingface.co/datasets/DrBimmer/car-parts-and-damage-dataset/resolve/2dbf46f7e23eb0d6f551d38e4f77a11fe9d045b9/Car%20parts%20dataset/File1/img/Car%20damages%20624.jpg,CC0-1.0,Car parts dataset/File1/img/Car damages 624.jpg,accepted,"Pinned mirror revision 2dbf46f7e23eb0d6f551d38e4f77a11fe9d045b9; annotation Car parts dataset/File1/ann/Car damages 624.jpg.json; crop (332, 51, 502, 222); accepted under v2-visual-quality-rules-2026-09-06"
dent/hitl-b599c1e9a495fbec.jpg,dent,Dent,Humans in the Loop Car Parts and Car Damages Dataset,https://huggingface.co/datasets/DrBimmer/car-parts-and-damage-dataset/resolve/2dbf46f7e23eb0d6f551d38e4f77a11fe9d045b9/Car%20parts%20dataset/File1/img/Car%20damages%20322.png,CC0-1.0,Car parts dataset/File1/img/Car damages 322.png,rejected,"Pinned mirror revision 2dbf46f7e23eb0d6f551d38e4f77a11fe9d045b9; annotation Car parts dataset/File1/ann/Car damages 322.png.json; crop (460, 121, 788, 448); rejected under v2-visual-quality-rules-2026-09-06: failed one or more visual inclusion rules"
dent/hitl-b5cedec7e67d2a63.jpg,dent,Dent,Humans in the Loop Car Parts and Car Damages Dataset,https://huggingface.co/datasets/DrBimmer/car-parts-and-damage-dataset/resolve/2dbf46f7e23eb0d6f551d38e4f77a11fe9d045b9/Car%20parts%20dataset/File1/img/Car%20damages%20920.jpg,CC0-1.0,Car parts dataset/File1/img/Car damages 920.jpg,accepted,"Pinned mirror revision 2dbf46f7e23eb0d6f551d38e4f77a11fe9d045b9; annotation Car parts dataset/File1/ann/Car damages 920.jpg.json; crop (193, 236, 350, 392); accepted under v2-visual-quality-rules-2026-09-06"
dent/hitl-b722f4f27fbd13e0.jpg,dent,Dent,Humans in the Loop Car Parts and Car Damages Dataset,https://huggingface.co/datasets/DrBimmer/car-parts-and-damage-dataset/resolve/2dbf46f7e23eb0d6f551d38e4f77a11fe9d045b9/Car%20parts%20dataset/File1/img/Car%20damages%20166.png,CC0-1.0,Car parts dataset/File1/img/Car damages 166.png,accepted,"Pinned mirror revision 2dbf46f7e23eb0d6f551d38e4f77a11fe9d045b9; annotation Car parts dataset/File1/ann/Car damages 166.png.json; crop (319, 150, 466, 296); accepted under v2-visual-quality-rules-2026-09-06"
dent/hitl-bc4183e02562f9f2.jpg,dent,Dent,Humans in the Loop Car Parts and Car Damages Dataset,https://huggingface.co/datasets/DrBimmer/car-parts-and-damage-dataset/resolve/2dbf46f7e23eb0d6f551d38e4f77a11fe9d045b9/Car%20parts%20dataset/File1/img/Car%20damages%201336.png,CC0-1.0,Car parts dataset/File1/img/Car damages 1336.png,accepted,"Pinned mirror revision 2dbf46f7e23eb0d6f551d38e4f77a11fe9d045b9; annotation Car parts dataset/File1/ann/Car damages 1336.png.json; crop (542, 69, 782, 308); accepted under v2-visual-quality-rules-2026-09-06"
dent/hitl-c2f6930742f2bcd3.jpg,dent,Dent,Humans in the Loop Car Parts and Car Damages Dataset,https://huggingface.co/datasets/DrBimmer/car-parts-and-damage-dataset/resolve/2dbf46f7e23eb0d6f551d38e4f77a11fe9d045b9/Car%20parts%20dataset/File1/img/Car%20damages%20274.png,CC0-1.0,Car parts dataset/File1/img/Car damages 274.png,rejected,"Pinned mirror revision 2dbf46f7e23eb0d6f551d38e4f77a11fe9d045b9; annotation Car parts dataset/File1/ann/Car damages 274.png.json; crop (330, 270, 603, 542); rejected under v2-visual-quality-rules-2026-09-06: failed one or more visual inclusion rules"
dent/hitl-c57a635d6e8f33d3.jpg,dent,Dent,Humans in the Loop Car Parts and Car Damages Dataset,https://huggingface.co/datasets/DrBimmer/car-parts-and-damage-dataset/resolve/2dbf46f7e23eb0d6f551d38e4f77a11fe9d045b9/Car%20parts%20dataset/File1/img/Car%20damages%20782.png,CC0-1.0,Car parts dataset/File1/img/Car damages 782.png,accepted,"Pinned mirror revision 2dbf46f7e23eb0d6f551d38e4f77a11fe9d045b9; annotation Car parts dataset/File1/ann/Car damages 782.png.json; crop (192, 60, 288, 156); accepted under v2-visual-quality-rules-2026-09-06"
dent/hitl-c88d8720b19803a7.jpg,dent,Dent,Humans in the Loop Car Parts and Car Damages Dataset,https://huggingface.co/datasets/DrBimmer/car-parts-and-damage-dataset/resolve/2dbf46f7e23eb0d6f551d38e4f77a11fe9d045b9/Car%20parts%20dataset/File1/img/Car%20damages%20452.png,CC0-1.0,Car parts dataset/File1/img/Car damages 452.png,rejected,"Pinned mirror revision 2dbf46f7e23eb0d6f551d38e4f77a11fe9d045b9; annotation Car parts dataset/File1/ann/Car damages 452.png.json; crop (45, 152, 141, 248); rejected under v2-visual-quality-rules-2026-09-06: failed one or more visual inclusion rules"
dent/hitl-c8bfa9d802696a42.jpg,dent,Dent,Humans in the Loop Car Parts and Car Damages Dataset,https://huggingface.co/datasets/DrBimmer/car-parts-and-damage-dataset/resolve/2dbf46f7e23eb0d6f551d38e4f77a11fe9d045b9/Car%20parts%20dataset/File1/img/Car%20damages%201238.png,CC0-1.0,Car parts dataset/File1/img/Car damages 1238.png,accepted,"Pinned mirror revision 2dbf46f7e23eb0d6f551d38e4f77a11fe9d045b9; annotation Car parts dataset/File1/ann/Car damages 1238.png.json; crop (345, 138, 632, 426); accepted under v2-visual-quality-rules-2026-09-06"
dent/hitl-cbd73ad0edb14c79.jpg,dent,Dent,Humans in the Loop Car Parts and Car Damages Dataset,https://huggingface.co/datasets/DrBimmer/car-parts-and-damage-dataset/resolve/2dbf46f7e23eb0d6f551d38e4f77a11fe9d045b9/Car%20parts%20dataset/File1/img/Car%20damages%20411.png,CC0-1.0,Car parts dataset/File1/img/Car damages 411.png,accepted,"Pinned mirror revision 2dbf46f7e23eb0d6f551d38e4f77a11fe9d045b9; annotation Car parts dataset/File1/ann/Car damages 411.png.json; crop (35, 192, 201, 358); accepted under v2-visual-quality-rules-2026-09-06"
dent/hitl-cc67055e81a179fa.jpg,dent,Dent,Humans in the Loop Car Parts and Car Damages Dataset,https://huggingface.co/datasets/DrBimmer/car-parts-and-damage-dataset/resolve/2dbf46f7e23eb0d6f551d38e4f77a11fe9d045b9/Car%20parts%20dataset/File1/img/Car%20damages%20933.png,CC0-1.0,Car parts dataset/File1/img/Car damages 933.png,accepted,"Pinned mirror revision 2dbf46f7e23eb0d6f551d38e4f77a11fe9d045b9; annotation Car parts dataset/File1/ann/Car damages 933.png.json; crop (148, 190, 339, 381); accepted under v2-visual-quality-rules-2026-09-06"
dent/hitl-cdb9bd2ab1692f39.jpg,dent,Dent,Humans in the Loop Car Parts and Car Damages Dataset,https://huggingface.co/datasets/DrBimmer/car-parts-and-damage-dataset/resolve/2dbf46f7e23eb0d6f551d38e4f77a11fe9d045b9/Car%20parts%20dataset/File1/img/Car%20damages%20176.png,CC0-1.0,Car parts dataset/File1/img/Car damages 176.png,rejected,"Pinned mirror revision 2dbf46f7e23eb0d6f551d38e4f77a11fe9d045b9; annotation Car parts dataset/File1/ann/Car damages 176.png.json; crop (263, 211, 411, 359); rejected under v2-visual-quality-rules-2026-09-06: failed one or more visual inclusion rules"
dent/hitl-ced567cb16e4128b.jpg,dent,Dent,Humans in the Loop Car Parts and Car Damages Dataset,https://huggingface.co/datasets/DrBimmer/car-parts-and-damage-dataset/resolve/2dbf46f7e23eb0d6f551d38e4f77a11fe9d045b9/Car%20parts%20dataset/File1/img/Car%20damages%20207.png,CC0-1.0,Car parts dataset/File1/img/Car damages 207.png,accepted,"Pinned mirror revision 2dbf46f7e23eb0d6f551d38e4f77a11fe9d045b9; annotation Car parts dataset/File1/ann/Car damages 207.png.json; crop (391, 186, 571, 367); accepted under v2-visual-quality-rules-2026-09-06"
dent/hitl-cee3bafec6d39197.jpg,dent,Dent,Humans in the Loop Car Parts and Car Damages Dataset,https://huggingface.co/datasets/DrBimmer/car-parts-and-damage-dataset/resolve/2dbf46f7e23eb0d6f551d38e4f77a11fe9d045b9/Car%20parts%20dataset/File1/img/Car%20damages%20408.png,CC0-1.0,Car parts dataset/File1/img/Car damages 408.png,accepted,"Pinned mirror revision 2dbf46f7e23eb0d6f551d38e4f77a11fe9d045b9; annotation Car parts dataset/File1/ann/Car damages 408.png.json; crop (265, 32, 724, 492); accepted under v2-visual-quality-rules-2026-09-06"
dent/hitl-d07b0d96e2a8ea7d.jpg,dent,Dent,Humans in the Loop Car Parts and Car Damages Dataset,https://huggingface.co/datasets/DrBimmer/car-parts-and-damage-dataset/resolve/2dbf46f7e23eb0d6f551d38e4f77a11fe9d045b9/Car%20parts%20dataset/File1/img/Car%20damages%20630.png,CC0-1.0,Car parts dataset/File1/img/Car damages 630.png,accepted,"Pinned mirror revision 2dbf46f7e23eb0d6f551d38e4f77a11fe9d045b9; annotation Car parts dataset/File1/ann/Car damages 630.png.json; crop (303, 168, 448, 314); accepted under v2-visual-quality-rules-2026-09-06"
dent/hitl-d28ce02d799de6c3.jpg,dent,Dent,Humans in the Loop Car Parts and Car Damages Dataset,https://huggingface.co/datasets/DrBimmer/car-parts-and-damage-dataset/resolve/2dbf46f7e23eb0d6f551d38e4f77a11fe9d045b9/Car%20parts%20dataset/File1/img/Car%20damages%20783.png,CC0-1.0,Car parts dataset/File1/img/Car damages 783.png,rejected,"Pinned mirror revision 2dbf46f7e23eb0d6f551d38e4f77a11fe9d045b9; annotation Car parts dataset/File1/ann/Car damages 783.png.json; crop (339, 265, 480, 406); rejected under v2-visual-quality-rules-2026-09-06: failed one or more visual inclusion rules"
dent/hitl-d55c6e4e993514e9.jpg,dent,Dent,Humans in the Loop Car Parts and Car Damages Dataset,https://huggingface.co/datasets/DrBimmer/car-parts-and-damage-dataset/resolve/2dbf46f7e23eb0d6f551d38e4f77a11fe9d045b9/Car%20parts%20dataset/File1/img/Car%20damages%20431.png,CC0-1.0,Car parts dataset/File1/img/Car damages 431.png,accepted,"Pinned mirror revision 2dbf46f7e23eb0d6f551d38e4f77a11fe9d045b9; annotation Car parts dataset/File1/ann/Car damages 431.png.json; crop (119, 215, 229, 325); accepted under v2-visual-quality-rules-2026-09-06"
dent/hitl-d8f1bad5f524cc6c.jpg,dent,Dent,Humans in the Loop Car Parts and Car Damages Dataset,https://huggingface.co/datasets/DrBimmer/car-parts-and-damage-dataset/resolve/2dbf46f7e23eb0d6f551d38e4f77a11fe9d045b9/Car%20parts%20dataset/File1/img/Car%20damages%201080.png,CC0-1.0,Car parts dataset/File1/img/Car damages 1080.png,accepted,"Pinned mirror revision 2dbf46f7e23eb0d6f551d38e4f77a11fe9d045b9; annotation Car parts dataset/File1/ann/Car damages 1080.png.json; crop (350, 135, 453, 238); accepted under v2-visual-quality-rules-2026-09-06"
dent/hitl-da04911fb4ddf07c.jpg,dent,Dent,Humans in the Loop Car Parts and Car Damages Dataset,https://huggingface.co/datasets/DrBimmer/car-parts-and-damage-dataset/resolve/2dbf46f7e23eb0d6f551d38e4f77a11fe9d045b9/Car%20parts%20dataset/File1/img/Car%20damages%20706.png,CC0-1.0,Car parts dataset/File1/img/Car damages 706.png,accepted,"Pinned mirror revision 2dbf46f7e23eb0d6f551d38e4f77a11fe9d045b9; annotation Car parts dataset/File1/ann/Car damages 706.png.json; crop (370, 213, 504, 347); accepted under v2-visual-quality-rules-2026-09-06"
dent/hitl-db877f46662d8e87.jpg,dent,Dent,Humans in the Loop Car Parts and Car Damages Dataset,https://huggingface.co/datasets/DrBimmer/car-parts-and-damage-dataset/resolve/2dbf46f7e23eb0d6f551d38e4f77a11fe9d045b9/Car%20parts%20dataset/File1/img/Car%20damages%20710.jpg,CC0-1.0,Car parts dataset/File1/img/Car damages 710.jpg,accepted,"Pinned mirror revision 2dbf46f7e23eb0d6f551d38e4f77a11fe9d045b9; annotation Car parts dataset/File1/ann/Car damages 710.jpg.json; crop (14, 98, 159, 244); accepted under v2-visual-quality-rules-2026-09-06"
dent/hitl-dba642370a517697.jpg,dent,Dent,Humans in the Loop Car Parts and Car Damages Dataset,https://huggingface.co/datasets/DrBimmer/car-parts-and-damage-dataset/resolve/2dbf46f7e23eb0d6f551d38e4f77a11fe9d045b9/Car%20parts%20dataset/File1/img/Car%20damages%201273.png,CC0-1.0,Car parts dataset/File1/img/Car damages 1273.png,rejected,"Pinned mirror revision 2dbf46f7e23eb0d6f551d38e4f77a11fe9d045b9; annotation Car parts dataset/File1/ann/Car damages 1273.png.json; crop (275, 75, 508, 307); rejected under v2-visual-quality-rules-2026-09-06: failed one or more visual inclusion rules"
dent/hitl-dc5f0b5942521947.jpg,dent,Dent,Humans in the Loop Car Parts and Car Damages Dataset,https://huggingface.co/datasets/DrBimmer/car-parts-and-damage-dataset/resolve/2dbf46f7e23eb0d6f551d38e4f77a11fe9d045b9/Car%20parts%20dataset/File1/img/Car%20damages%201215.png,CC0-1.0,Car parts dataset/File1/img/Car damages 1215.png,accepted,"Pinned mirror revision 2dbf46f7e23eb0d6f551d38e4f77a11fe9d045b9; annotation Car parts dataset/File1/ann/Car damages 1215.png.json; crop (232, 259, 379, 406); accepted under v2-visual-quality-rules-2026-09-06"
dent/hitl-dd1efa971e5285a7.jpg,dent,Dent,Humans in the Loop Car Parts and Car Damages Dataset,https://huggingface.co/datasets/DrBimmer/car-parts-and-damage-dataset/resolve/2dbf46f7e23eb0d6f551d38e4f77a11fe9d045b9/Car%20parts%20dataset/File1/img/Car%20damages%20929.png,CC0-1.0,Car parts dataset/File1/img/Car damages 929.png,accepted,"Pinned mirror revision 2dbf46f7e23eb0d6f551d38e4f77a11fe9d045b9; annotation Car parts dataset/File1/ann/Car damages 929.png.json; crop (210, 118, 376, 283); accepted under v2-visual-quality-rules-2026-09-06"
dent/hitl-e46829ed4f1676ee.jpg,dent,Dent,Humans in the Loop Car Parts and Car Damages Dataset,https://huggingface.co/datasets/DrBimmer/car-parts-and-damage-dataset/resolve/2dbf46f7e23eb0d6f551d38e4f77a11fe9d045b9/Car%20parts%20dataset/File1/img/Car%20damages%20160.png,CC0-1.0,Car parts dataset/File1/img/Car damages 160.png,accepted,"Pinned mirror revision 2dbf46f7e23eb0d6f551d38e4f77a11fe9d045b9; annotation Car parts dataset/File1/ann/Car damages 160.png.json; crop (174, 139, 316, 280); accepted under v2-visual-quality-rules-2026-09-06"
dent/hitl-e7eaccaa3201f2bc.jpg,dent,Dent,Humans in the Loop Car Parts and Car Damages Dataset,https://huggingface.co/datasets/DrBimmer/car-parts-and-damage-dataset/resolve/2dbf46f7e23eb0d6f551d38e4f77a11fe9d045b9/Car%20parts%20dataset/File1/img/Car%20damages%201074.png,CC0-1.0,Car parts dataset/File1/img/Car damages 1074.png,rejected,"Pinned mirror revision 2dbf46f7e23eb0d6f551d38e4f77a11fe9d045b9; annotation Car parts dataset/File1/ann/Car damages 1074.png.json; crop (260, 188, 356, 284); rejected under v2-visual-quality-rules-2026-09-06: failed one or more visual inclusion rules"
dent/hitl-e837aef9a2caeda6.jpg,dent,Dent,Humans in the Loop Car Parts and Car Damages Dataset,https://huggingface.co/datasets/DrBimmer/car-parts-and-damage-dataset/resolve/2dbf46f7e23eb0d6f551d38e4f77a11fe9d045b9/Car%20parts%20dataset/File1/img/Car%20damages%20205.png,CC0-1.0,Car parts dataset/File1/img/Car damages 205.png,accepted,"Pinned mirror revision 2dbf46f7e23eb0d6f551d38e4f77a11fe9d045b9; annotation Car parts dataset/File1/ann/Car damages 205.png.json; crop (141, 253, 279, 391); accepted under v2-visual-quality-rules-2026-09-06"
dent/hitl-e8943ceeaee95d71.jpg,dent,Dent,Humans in the Loop Car Parts and Car Damages Dataset,https://huggingface.co/datasets/DrBimmer/car-parts-and-damage-dataset/resolve/2dbf46f7e23eb0d6f551d38e4f77a11fe9d045b9/Car%20parts%20dataset/File1/img/Car%20damages%20621.png,CC0-1.0,Car parts dataset/File1/img/Car damages 621.png,accepted,"Pinned mirror revision 2dbf46f7e23eb0d6f551d38e4f77a11fe9d045b9; annotation Car parts dataset/File1/ann/Car damages 621.png.json; crop (256, 140, 444, 327); accepted under v2-visual-quality-rules-2026-09-06"
dent/hitl-e914dece7001b949.jpg,dent,Dent,Humans in the Loop Car Parts and Car Damages Dataset,https://huggingface.co/datasets/DrBimmer/car-parts-and-damage-dataset/resolve/2dbf46f7e23eb0d6f551d38e4f77a11fe9d045b9/Car%20parts%20dataset/File1/img/Car%20damages%20286.png,CC0-1.0,Car parts dataset/File1/img/Car damages 286.png,accepted,"Pinned mirror revision 2dbf46f7e23eb0d6f551d38e4f77a11fe9d045b9; annotation Car parts dataset/File1/ann/Car damages 286.png.json; crop (363, 296, 558, 490); accepted under v2-visual-quality-rules-2026-09-06"
dent/hitl-e9251485f2923d99.jpg,dent,Dent,Humans in the Loop Car Parts and Car Damages Dataset,https://huggingface.co/datasets/DrBimmer/car-parts-and-damage-dataset/resolve/2dbf46f7e23eb0d6f551d38e4f77a11fe9d045b9/Car%20parts%20dataset/File1/img/Car%20damages%20613.png,CC0-1.0,Car parts dataset/File1/img/Car damages 613.png,accepted,"Pinned mirror revision 2dbf46f7e23eb0d6f551d38e4f77a11fe9d045b9; annotation Car parts dataset/File1/ann/Car damages 613.png.json; crop (399, 65, 739, 406); accepted under v2-visual-quality-rules-2026-09-06"
dent/hitl-ea054d0dac12ff99.jpg,dent,Dent,Humans in the Loop Car Parts and Car Damages Dataset,https://huggingface.co/datasets/DrBimmer/car-parts-and-damage-dataset/resolve/2dbf46f7e23eb0d6f551d38e4f77a11fe9d045b9/Car%20parts%20dataset/File1/img/Car%20damages%20938.png,CC0-1.0,Car parts dataset/File1/img/Car damages 938.png,accepted,"Pinned mirror revision 2dbf46f7e23eb0d6f551d38e4f77a11fe9d045b9; annotation Car parts dataset/File1/ann/Car damages 938.png.json; crop (0, 71, 96, 167); accepted under v2-visual-quality-rules-2026-09-06"
dent/hitl-ed8c59c8cf62d5ff.jpg,dent,Dent,Humans in the Loop Car Parts and Car Damages Dataset,https://huggingface.co/datasets/DrBimmer/car-parts-and-damage-dataset/resolve/2dbf46f7e23eb0d6f551d38e4f77a11fe9d045b9/Car%20parts%20dataset/File1/img/Car%20damages%20393.png,CC0-1.0,Car parts dataset/File1/img/Car damages 393.png,accepted,"Pinned mirror revision 2dbf46f7e23eb0d6f551d38e4f77a11fe9d045b9; annotation Car parts dataset/File1/ann/Car damages 393.png.json; crop (432, 176, 551, 295); accepted under v2-visual-quality-rules-2026-09-06"
dent/hitl-eef33b6f529ec38b.jpg,dent,Dent,Humans in the Loop Car Parts and Car Damages Dataset,https://huggingface.co/datasets/DrBimmer/car-parts-and-damage-dataset/resolve/2dbf46f7e23eb0d6f551d38e4f77a11fe9d045b9/Car%20parts%20dataset/File1/img/Car%20damages%20275.png,CC0-1.0,Car parts dataset/File1/img/Car damages 275.png,accepted,"Pinned mirror revision 2dbf46f7e23eb0d6f551d38e4f77a11fe9d045b9; annotation Car parts dataset/File1/ann/Car damages 275.png.json; crop (115, 179, 354, 418); accepted under v2-visual-quality-rules-2026-09-06"
dent/hitl-f0a2b0aa9555d45a.jpg,dent,Dent,Humans in the Loop Car Parts and Car Damages Dataset,https://huggingface.co/datasets/DrBimmer/car-parts-and-damage-dataset/resolve/2dbf46f7e23eb0d6f551d38e4f77a11fe9d045b9/Car%20parts%20dataset/File1/img/Car%20damages%20245.png,CC0-1.0,Car parts dataset/File1/img/Car damages 245.png,accepted,"Pinned mirror revision 2dbf46f7e23eb0d6f551d38e4f77a11fe9d045b9; annotation Car parts dataset/File1/ann/Car damages 245.png.json; crop (96, 24, 306, 234); accepted under v2-visual-quality-rules-2026-09-06"
dent/hitl-f1de59f4341abf55.jpg,dent,Dent,Humans in the Loop Car Parts and Car Damages Dataset,https://huggingface.co/datasets/DrBimmer/car-parts-and-damage-dataset/resolve/2dbf46f7e23eb0d6f551d38e4f77a11fe9d045b9/Car%20parts%20dataset/File1/img/Car%20damages%20973.png,CC0-1.0,Car parts dataset/File1/img/Car damages 973.png,accepted,"Pinned mirror revision 2dbf46f7e23eb0d6f551d38e4f77a11fe9d045b9; annotation Car parts dataset/File1/ann/Car damages 973.png.json; crop (18, 116, 114, 212); accepted under v2-visual-quality-rules-2026-09-06"
dent/hitl-f279f90f01ce3c17.jpg,dent,Dent,Humans in the Loop Car Parts and Car Damages Dataset,https://huggingface.co/datasets/DrBimmer/car-parts-and-damage-dataset/resolve/2dbf46f7e23eb0d6f551d38e4f77a11fe9d045b9/Car%20parts%20dataset/File1/img/Car%20damages%20325.png,CC0-1.0,Car parts dataset/File1/img/Car damages 325.png,accepted,"Pinned mirror revision 2dbf46f7e23eb0d6f551d38e4f77a11fe9d045b9; annotation Car parts dataset/File1/ann/Car damages 325.png.json; crop (0, 0, 564, 564); accepted under v2-visual-quality-rules-2026-09-06"
dent/hitl-f81643ad162c71ea.jpg,dent,Dent,Humans in the Loop Car Parts and Car Damages Dataset,https://huggingface.co/datasets/DrBimmer/car-parts-and-damage-dataset/resolve/2dbf46f7e23eb0d6f551d38e4f77a11fe9d045b9/Car%20parts%20dataset/File1/img/Car%20damages%20104.png,CC0-1.0,Car parts dataset/File1/img/Car damages 104.png,rejected,"Pinned mirror revision 2dbf46f7e23eb0d6f551d38e4f77a11fe9d045b9; annotation Car parts dataset/File1/ann/Car damages 104.png.json; crop (0, 49, 213, 261); rejected under v2-visual-quality-rules-2026-09-06: failed one or more visual inclusion rules"
dent/hitl-ff98d40c444ca04d.jpg,dent,Dent,Humans in the Loop Car Parts and Car Damages Dataset,https://huggingface.co/datasets/DrBimmer/car-parts-and-damage-dataset/resolve/2dbf46f7e23eb0d6f551d38e4f77a11fe9d045b9/Car%20parts%20dataset/File1/img/Car%20damages%20400.png,CC0-1.0,Car parts dataset/File1/img/Car damages 400.png,rejected,"Pinned mirror revision 2dbf46f7e23eb0d6f551d38e4f77a11fe9d045b9; annotation Car parts dataset/File1/ann/Car damages 400.png.json; crop (165, 268, 306, 410); rejected under v2-visual-quality-rules-2026-09-06: failed one or more visual inclusion rules"
rust/commons-10010499.jpg,rust,Rusty automobiles; requires body-panel corrosion review,Wikimedia Commons / Rusty automobiles,https://commons.wikimedia.org/wiki/File:03_Falcon_Wreck.jpg,CC BY 2.0 (https://creativecommons.org/licenses/by/2.0),commons-10010499,accepted,Creator: https://www.flickr.com/photos/jonathan_hamner/; accepted under v2-visual-quality-rules-2026-09-06
rust/commons-10677323.jpg,rust,Rusty automobiles; requires body-panel corrosion review,Wikimedia Commons / Rusty automobiles,https://commons.wikimedia.org/wiki/File:Damaged_Volkswagen_Golf.jpg,CC BY-SA 3.0 (https://creativecommons.org/licenses/by-sa/3.0),commons-10677323,accepted,Creator: TCY; accepted under v2-visual-quality-rules-2026-09-06
rust/commons-107379381.jpg,rust,Rusty automobiles; requires body-panel corrosion review,Wikimedia Commons / Rusty automobiles,"https://commons.wikimedia.org/wiki/File:1995_Dodge_Ram_1500,_Front_Left,_06-11-2021.jpg",CC BY-SA 4.0 (https://creativecommons.org/licenses/by-sa/4.0),commons-107379381,rejected,Creator: SsmIntrigue; rejected under v2-visual-quality-rules-2026-09-06: failed one or more visual inclusion rules
rust/commons-108168403.jpg,rust,Rusty automobiles; requires body-panel corrosion review,Wikimedia Commons / Rusty automobiles,https://commons.wikimedia.org/wiki/File:Eend_in%27t_groen_-_Duck_in_green_(16789998189).jpg,CC BY 2.0 (https://creativecommons.org/licenses/by/2.0),commons-108168403,accepted,"Creator: Luc.T from Buggenhout, België; accepted under v2-visual-quality-rules-2026-09-06"
rust/commons-12483187.jpg,rust,Rusty automobiles; requires body-panel corrosion review,Wikimedia Commons / Rusty automobiles,https://commons.wikimedia.org/wiki/File:Burnt-out_car_on_the_edge_of_Headon_clay_pit_-_geograph.org.uk_-_313094.jpg,CC BY-SA 2.0 (https://creativecommons.org/licenses/by-sa/2.0),commons-12483187,accepted,Creator: Derek Harper; accepted under v2-visual-quality-rules-2026-09-06
rust/commons-126631590.jpg,rust,Rusty automobiles; requires body-panel corrosion review,Wikimedia Commons / Rusty automobiles,https://commons.wikimedia.org/wiki/File:GER_Wuppertal_Johannes-Rau-Platz_02.jpg,CC BY-SA 4.0 (https://creativecommons.org/licenses/by-sa/4.0),commons-126631590,accepted,Creator: -wuppertaler; accepted under v2-visual-quality-rules-2026-09-06
rust/commons-126937583.jpg,rust,Rusty automobiles; requires body-panel corrosion review,Wikimedia Commons / Rusty automobiles,https://commons.wikimedia.org/wiki/File:3_1956_Chevy_Bel_Airs_and_1_1956_Chevy_210_on_Historic_Car_Carrier.jpg,CC BY-SA 4.0 (https://creativecommons.org/licenses/by-sa/4.0),commons-126937583,accepted,Creator: DanTD; accepted under v2-visual-quality-rules-2026-09-06
rust/commons-126937591.jpg,rust,Rusty automobiles; requires body-panel corrosion review,Wikimedia Commons / Rusty automobiles,https://commons.wikimedia.org/wiki/File:1948-54_Chevy_5400_Car_Carrier_with_4_1956_Chevys;_Keystone_Museum.jpg,CC BY-SA 4.0 (https://creativecommons.org/licenses/by-sa/4.0),commons-126937591,rejected,Creator: DanTD; rejected under v2-visual-quality-rules-2026-09-06: failed one or more visual inclusion rules
rust/commons-129992225.jpg,rust,Rusty automobiles; requires body-panel corrosion review,Wikimedia Commons / Rusty automobiles,https://commons.wikimedia.org/wiki/File:Coffee_Break_at_Noorsveld_Farms_..._(52653647482).jpg,CC BY-SA 2.0 (https://creativecommons.org/licenses/by-sa/2.0),commons-129992225,accepted,Creator: Bernard DUPONT from FRANCE; accepted under v2-visual-quality-rules-2026-09-06
rust/commons-13043169.jpg,rust,Rusty automobiles; requires body-panel corrosion review,Wikimedia Commons / Rusty automobiles,"https://commons.wikimedia.org/wiki/File:Rusting_car_remains,_Town_Common_-_geograph.org.uk_-_510633.jpg",CC BY-SA 2.0 (https://creativecommons.org/licenses/by-sa/2.0),commons-13043169,rejected,Creator: Jim Champion; rejected under v2-visual-quality-rules-2026-09-06: failed one or more visual inclusion rules
rust/commons-136224885.jpg,rust,Rusty automobiles; requires body-panel corrosion review,Wikimedia Commons / Rusty automobiles,https://commons.wikimedia.org/wiki/File:%22Einfach_fantastisch!%22_Annotopia_in_Bad_Mergentheim._07.jpg,CC BY-SA 4.0 (https://creativecommons.org/licenses/by-sa/4.0),commons-136224885,rejected,Creator: Holger Uwe Schmitt; rejected under v2-visual-quality-rules-2026-09-06: failed one or more visual inclusion rules
rust/commons-139476696.jpg,rust,Rusty automobiles; requires body-panel corrosion review,Wikimedia Commons / Rusty automobiles,https://commons.wikimedia.org/wiki/File:Lysekil_Chevrolet_Bel_Air.jpg,CC BY-SA 4.0 (https://creativecommons.org/licenses/by-sa/4.0),commons-139476696,accepted,Creator: Andrzej Otrębski; accepted under v2-visual-quality-rules-2026-09-06
rust/commons-142081902.jpg,rust,Rusty automobiles; requires body-panel corrosion review,Wikimedia Commons / Rusty automobiles,"https://commons.wikimedia.org/wiki/File:EMS_2023,_Essen_(P1170015).jpg",CC BY-SA 4.0 (https://creativecommons.org/licenses/by-sa/4.0),commons-142081902,accepted,Creator: MB-one; accepted under v2-visual-quality-rules-2026-09-06
rust/commons-14400582.jpg,rust,Rusty automobiles; requires body-panel corrosion review,Wikimedia Commons / Rusty automobiles,https://commons.wikimedia.org/wiki/File:Coanwood_Station_Master%27s_House_-_geograph.org.uk_-_1640310.jpg,CC BY-SA 2.0 (https://creativecommons.org/licenses/by-sa/2.0),commons-14400582,accepted,Creator: Les Hull; accepted under v2-visual-quality-rules-2026-09-06
rust/commons-14897268.jpg,rust,Rusty automobiles; requires body-panel corrosion review,Wikimedia Commons / Rusty automobiles,https://commons.wikimedia.org/wiki/File:Needs_Some_Work.jpg,CC BY 2.0 (https://creativecommons.org/licenses/by/2.0),commons-14897268,accepted,Creator: JOHN LLOYD; accepted under v2-visual-quality-rules-2026-09-06
rust/commons-149568103.jpg,rust,Rusty automobiles; requires body-panel corrosion review,Wikimedia Commons / Rusty automobiles,https://commons.wikimedia.org/wiki/File:Abandoned_Porsche_car_Hatfield_Broad_Oak_Essex_England.jpg,CC BY-SA 4.0 (https://creativecommons.org/licenses/by-sa/4.0),commons-149568103,accepted,Creator: Acabashi; accepted under v2-visual-quality-rules-2026-09-06
rust/commons-149568104.jpg,rust,Rusty automobiles; requires body-panel corrosion review,Wikimedia Commons / Rusty automobiles,https://commons.wikimedia.org/wiki/File:Abandoned_Porsche_car_Hatfield_Broad_Oak_Essex_England_strong_sun.jpg,CC BY-SA 4.0 (https://creativecommons.org/licenses/by-sa/4.0),commons-149568104,rejected,Creator: Acabashi; rejected under v2-visual-quality-rules-2026-09-06: failed one or more visual inclusion rules
rust/commons-149578934.jpg,rust,Rusty automobiles; requires body-panel corrosion review,Wikimedia Commons / Rusty automobiles,https://commons.wikimedia.org/wiki/File:Abandoned_rusty_car_engine_Hatfield_Broad_Oak_Essex_England_low_sun.jpg,CC BY-SA 4.0 (https://creativecommons.org/licenses/by-sa/4.0),commons-149578934,rejected,Creator: Acabashi; rejected under v2-visual-quality-rules-2026-09-06: failed one or more visual inclusion rules
rust/commons-149578935.jpg,rust,Rusty automobiles; requires body-panel corrosion review,Wikimedia Commons / Rusty automobiles,https://commons.wikimedia.org/wiki/File:Abandoned_rusty_car_engine_Hatfield_Broad_Oak_Essex_England_strong_sun.jpg,CC BY-SA 4.0 (https://creativecommons.org/licenses/by-sa/4.0),commons-149578935,rejected,Creator: Acabashi; rejected under v2-visual-quality-rules-2026-09-06: failed one or more visual inclusion rules
rust/commons-15055141.jpg,rust,Rusty automobiles; requires body-panel corrosion review,Wikimedia Commons / Rusty automobiles,https://commons.wikimedia.org/wiki/File:Pf126p_rat_style_jaslo.JPG,CC BY-SA 4.0 (https://creativecommons.org/licenses/by-sa/4.0),commons-15055141,rejected,Creator: Pitak; rejected under v2-visual-quality-rules-2026-09-06: failed one or more visual inclusion rules
rust/commons-15889605.jpg,rust,Rusty automobiles; requires body-panel corrosion review,Wikimedia Commons / Rusty automobiles,https://commons.wikimedia.org/wiki/File:Polski_Fiat_125p_MR%2782_1500_on_Rajska_street_in_Krak%C3%B3w_(1).jpg,CC BY-SA 3.0 (https://creativecommons.org/licenses/by-sa/3.0),commons-15889605,rejected,Creator: SuperTank17; rejected under v2-visual-quality-rules-2026-09-06: failed one or more visual inclusion rules
rust/commons-15889638.jpg,rust,Rusty automobiles; requires body-panel corrosion review,Wikimedia Commons / Rusty automobiles,https://commons.wikimedia.org/wiki/File:Polski_Fiat_125p_MR%2782_1500_on_Rajska_street_in_Krak%C3%B3w_(2).jpg,CC BY-SA 3.0 (https://creativecommons.org/licenses/by-sa/3.0),commons-15889638,accepted,Creator: SuperTank17; accepted under v2-visual-quality-rules-2026-09-06
rust/commons-15889658.jpg,rust,Rusty automobiles; requires body-panel corrosion review,Wikimedia Commons / Rusty automobiles,https://commons.wikimedia.org/wiki/File:Polski_Fiat_125p_MR%2782_1500_on_Rajska_street_in_Krak%C3%B3w_(3).jpg,CC BY-SA 3.0 (https://creativecommons.org/licenses/by-sa/3.0),commons-15889658,rejected,Creator: SuperTank17; rejected under v2-visual-quality-rules-2026-09-06: failed one or more visual inclusion rules
rust/commons-15889677.jpg,rust,Rusty automobiles; requires body-panel corrosion review,Wikimedia Commons / Rusty automobiles,https://commons.wikimedia.org/wiki/File:Polski_Fiat_125p_MR%2782_1500_on_Rajska_street_in_Krak%C3%B3w_(4).jpg,CC BY-SA 3.0 (https://creativecommons.org/licenses/by-sa/3.0),commons-15889677,rejected,Creator: SuperTank17; rejected under v2-visual-quality-rules-2026-09-06: failed one or more visual inclusion rules
rust/commons-15889702.jpg,rust,Rusty automobiles; requires body-panel corrosion review,Wikimedia Commons / Rusty automobiles,https://commons.wikimedia.org/wiki/File:Polski_Fiat_125p_MR%2782_1500_on_Rajska_street_in_Krak%C3%B3w_(5).jpg,CC BY-SA 3.0 (https://creativecommons.org/licenses/by-sa/3.0),commons-15889702,rejected,Creator: SuperTank17; rejected under v2-visual-quality-rules-2026-09-06: failed one or more visual inclusion rules
rust/commons-15889726.jpg,rust,Rusty automobiles; requires body-panel corrosion review,Wikimedia Commons / Rusty automobiles,https://commons.wikimedia.org/wiki/File:Polski_Fiat_125p_MR%2782_1500_on_Rajska_street_in_Krak%C3%B3w_(6).jpg,CC BY-SA 3.0 (https://creativecommons.org/licenses/by-sa/3.0),commons-15889726,rejected,Creator: SuperTank17; rejected under v2-visual-quality-rules-2026-09-06: failed one or more visual inclusion rules
rust/commons-15889740.jpg,rust,Rusty automobiles; requires body-panel corrosion review,Wikimedia Commons / Rusty automobiles,https://commons.wikimedia.org/wiki/File:Polski_Fiat_125p_MR%2782_1500_on_Rajska_street_in_Krak%C3%B3w_(7).jpg,CC BY-SA 3.0 (https://creativecommons.org/licenses/by-sa/3.0),commons-15889740,rejected,Creator: SuperTank17; rejected under v2-visual-quality-rules-2026-09-06: failed one or more visual inclusion rules
rust/commons-15889774.jpg,rust,Rusty automobiles; requires body-panel corrosion review,Wikimedia Commons / Rusty automobiles,https://commons.wikimedia.org/wiki/File:Polski_Fiat_125p_MR%2782_1500_on_Rajska_street_in_Krak%C3%B3w_(8).jpg,CC BY-SA 3.0 (https://creativecommons.org/licenses/by-sa/3.0),commons-15889774,rejected,Creator: SuperTank17; rejected under v2-visual-quality-rules-2026-09-06: failed one or more visual inclusion rules
rust/commons-15889791.jpg,rust,Rusty automobiles; requires body-panel corrosion review,Wikimedia Commons / Rusty automobiles,https://commons.wikimedia.org/wiki/File:Polski_Fiat_125p_MR%2782_1500_on_Rajska_street_in_Krak%C3%B3w.jpg,CC BY-SA 3.0 (https://creativecommons.org/licenses/by-sa/3.0),commons-15889791,rejected,Creator: SuperTank17; rejected under v2-visual-quality-rules-2026-09-06: failed one or more visual inclusion rules
rust/commons-163729173.jpg,rust,Rusty automobiles; requires body-panel corrosion review,Wikimedia Commons / Rusty automobiles,https://commons.wikimedia.org/wiki/File:10618_Minor_Damage_(5110090517).jpg,CC BY-SA 2.0 (https://creativecommons.org/licenses/by-sa/2.0),commons-163729173,rejected,Creator: penske666 from United Kingdom of Great Britain and Northern Ireland; rejected under v2-visual-quality-rules-2026-09-06: failed one or more visual inclusion rules
rust/commons-170694110.jpg,rust,Rusty automobiles; requires body-panel corrosion review,Wikimedia Commons / Rusty automobiles,https://commons.wikimedia.org/wiki/File:Kop_Hill_Climb_2014_(15186869647).jpg,CC BY 2.0 (https://creativecommons.org/licenses/by/2.0),commons-170694110,accepted,Creator: PSParrot; accepted under v2-visual-quality-rules-2026-09-06
rust/commons-170694135.jpg,rust,Rusty automobiles; requires body-panel corrosion review,Wikimedia Commons / Rusty automobiles,https://commons.wikimedia.org/wiki/File:Kop_Hill_Climb_2014_(15350369096).jpg,CC BY 2.0 (https://creativecommons.org/licenses/by/2.0),commons-170694135,rejected,Creator: PSParrot; rejected under v2-visual-quality-rules-2026-09-06: failed one or more visual inclusion rules
rust/commons-174158157.jpg,rust,Rusty automobiles; requires body-panel corrosion review,Wikimedia Commons / Rusty automobiles,https://commons.wikimedia.org/wiki/File:1999_UAZ_31514_beige_rear.jpg,CC0 (http://creativecommons.org/publicdomain/zero/1.0/deed.en),commons-174158157,accepted,Creator: Throwawayacc222; accepted under v2-visual-quality-rules-2026-09-06
rust/commons-17594234.jpg,rust,Rusty automobiles; requires body-panel corrosion review,Wikimedia Commons / Rusty automobiles,https://commons.wikimedia.org/wiki/File:GAZ_M21_Volga_in_Moscow_University.jpg,CC BY 2.0 (https://creativecommons.org/licenses/by/2.0),commons-17594234,accepted,Creator: Konstantin Malanchev; accepted under v2-visual-quality-rules-2026-09-06
rust/commons-178209938.jpg,rust,Rusty automobiles; requires body-panel corrosion review,Wikimedia Commons / Rusty automobiles,https://commons.wikimedia.org/wiki/File:1987_BMW_E28_M535i_3430cc_abandoned_Hatfield_Broad_Oak_Essex_England_front_view.jpg,CC BY-SA 4.0 (https://creativecommons.org/licenses/by-sa/4.0),commons-178209938,accepted,Creator: Acabashi; accepted under v2-visual-quality-rules-2026-09-06
rust/commons-178222826.jpg,rust,Rusty automobiles; requires body-panel corrosion review,Wikimedia Commons / Rusty automobiles,https://commons.wikimedia.org/wiki/File:1987_BMW_E28_M535i_3430cc_abandoned_Hatfield_Broad_Oak_Essex_England_rear_view_56.5_mb.jpg,CC BY-SA 4.0 (https://creativecommons.org/licenses/by-sa/4.0),commons-178222826,accepted,Creator: Acabashi; accepted under v2-visual-quality-rules-2026-09-06
rust/commons-178222839.jpg,rust,Rusty automobiles; requires body-panel corrosion review,Wikimedia Commons / Rusty automobiles,https://commons.wikimedia.org/wiki/File:1987_BMW_E28_M535i_3430cc_abandoned_Hatfield_Broad_Oak_Essex_England_rear_view_13.5_mb.jpg,CC BY-SA 4.0 (https://creativecommons.org/licenses/by-sa/4.0),commons-178222839,rejected,Creator: Acabashi; rejected under v2-visual-quality-rules-2026-09-06: failed one or more visual inclusion rules
rust/commons-182272025.jpg,rust,Rusty automobiles; requires body-panel corrosion review,Wikimedia Commons / Rusty automobiles,https://commons.wikimedia.org/wiki/File:Andrea_Stahl_Portrait_Oberentfelden_2023.jpg,CC BY 4.0 (https://creativecommons.org/licenses/by/4.0),commons-182272025,accepted,Creator: WerkstattAS; accepted under v2-visual-quality-rules-2026-09-06
rust/commons-21178003.jpg,rust,Rusty automobiles; requires body-panel corrosion review,Wikimedia Commons / Rusty automobiles,https://commons.wikimedia.org/wiki/File:Ford_Mustang_GT_with_bench_seat_exterior.jpg,CC0 (http://creativecommons.org/publicdomain/zero/1.0/deed.en),commons-21178003,accepted,"Creator: CZmarlin — Christopher Ziemnowicz, releases all rights but a photo credit would be appreciated if this image is used anywhere other than Wikipedia. Please leave a note at Wikipedia here. Thank you!; accepted under v2-visual-quality-rules-2026-09-06"
rust/commons-21211922.jpg,rust,Rusty automobiles; requires body-panel corrosion review,Wikimedia Commons / Rusty automobiles,https://commons.wikimedia.org/wiki/File:Flickr_-_Nicholas_T_-_Bygone_(2).jpg,CC BY 2.0 (https://creativecommons.org/licenses/by/2.0),commons-21211922,accepted,"Creator: Nicholas A. Tonelli from Pennsylvania, USA; accepted under v2-visual-quality-rules-2026-09-06"
rust/commons-21211936.jpg,rust,Rusty automobiles; requires body-panel corrosion review,Wikimedia Commons / Rusty automobiles,https://commons.wikimedia.org/wiki/File:Flickr_-_Nicholas_T_-_Bygone_(3).jpg,CC BY 2.0 (https://creativecommons.org/licenses/by/2.0),commons-21211936,accepted,"Creator: Nicholas A. Tonelli from Pennsylvania, USA; accepted under v2-visual-quality-rules-2026-09-06"
rust/commons-21211951.jpg,rust,Rusty automobiles; requires body-panel corrosion review,Wikimedia Commons / Rusty automobiles,https://commons.wikimedia.org/wiki/File:Flickr_-_Nicholas_T_-_Bygone_(4).jpg,CC BY 2.0 (https://creativecommons.org/licenses/by/2.0),commons-21211951,rejected,"Creator: Nicholas A. Tonelli from Pennsylvania, USA; rejected under v2-visual-quality-rules-2026-09-06: failed one or more visual inclusion rules"
rust/commons-21214571.jpg,rust,Rusty automobiles; requires body-panel corrosion review,Wikimedia Commons / Rusty automobiles,https://commons.wikimedia.org/wiki/File:Flickr_-_Nicholas_T_-_Apollo_County_Park_(8).jpg,CC BY 2.0 (https://creativecommons.org/licenses/by/2.0),commons-21214571,rejected,"Creator: Nicholas A. Tonelli from Pennsylvania, USA; rejected under v2-visual-quality-rules-2026-09-06: failed one or more visual inclusion rules"
rust/commons-21219383.jpg,rust,Rusty automobiles; requires body-panel corrosion review,Wikimedia Commons / Rusty automobiles,https://commons.wikimedia.org/wiki/File:Flickr_-_Nicholas_T_-_Ruins.jpg,CC BY 2.0 (https://creativecommons.org/licenses/by/2.0),commons-21219383,accepted,"Creator: Nicholas A. Tonelli from Pennsylvania, USA; accepted under v2-visual-quality-rules-2026-09-06"
rust/commons-21251367.jpg,rust,Rusty automobiles; requires body-panel corrosion review,Wikimedia Commons / Rusty automobiles,https://commons.wikimedia.org/wiki/File:Flickr_-_Hugo90_-_Pile_It_Up.jpg,CC BY 2.0 (https://creativecommons.org/licenses/by/2.0),commons-21251367,accepted,"Creator: JOHN LLOYD from Concrete, Washington, United States; accepted under v2-visual-quality-rules-2026-09-06"
rust/commons-21251844.jpg,rust,Rusty automobiles; requires body-panel corrosion review,Wikimedia Commons / Rusty automobiles,https://commons.wikimedia.org/wiki/File:Flickr_-_Hugo90_-_Old_Ambulance.jpg,CC BY 2.0 (https://creativecommons.org/licenses/by/2.0),commons-21251844,accepted,"Creator: JOHN LLOYD from Concrete, Washington, United States; accepted under v2-visual-quality-rules-2026-09-06"
rust/commons-21252022.jpg,rust,Rusty automobiles; requires body-panel corrosion review,Wikimedia Commons / Rusty automobiles,https://commons.wikimedia.org/wiki/File:Flickr_-_Hugo90_-_Skoda_Felicia.jpg,CC BY 2.0 (https://creativecommons.org/licenses/by/2.0),commons-21252022,accepted,"Creator: JOHN LLOYD from Concrete, Washington, United States; accepted under v2-visual-quality-rules-2026-09-06"
rust/commons-23113661.jpg,rust,Rusty automobiles; requires body-panel corrosion review,Wikimedia Commons / Rusty automobiles,https://commons.wikimedia.org/wiki/File:Damaged_Mercedes.jpg,CC BY-SA 3.0 (https://creativecommons.org/licenses/by-sa/3.0),commons-23113661,accepted,Creator: Ryanandlenny; accepted under v2-visual-quality-rules-2026-09-06
rust/commons-24489608.jpg,rust,Rusty automobiles; requires body-panel corrosion review,Wikimedia Commons / Rusty automobiles,https://commons.wikimedia.org/wiki/File:Kefalonia_(7878336688).jpg,CC BY 2.0 (https://creativecommons.org/licenses/by/2.0),commons-24489608,accepted,"Creator: Berit from Redhill/Surrey, UK; accepted under v2-visual-quality-rules-2026-09-06"
rust/commons-24660556.jpg,rust,Rusty automobiles; requires body-panel corrosion review,Wikimedia Commons / Rusty automobiles,https://commons.wikimedia.org/wiki/File:In_the_back_shed_(5710173612).jpg,CC BY 2.0 (https://creativecommons.org/licenses/by/2.0),commons-24660556,accepted,"Creator: aussiegall from sydney, Australia; accepted under v2-visual-quality-rules-2026-09-06"
rust/commons-24894046.jpg,rust,Rusty automobiles; requires body-panel corrosion review,Wikimedia Commons / Rusty automobiles,https://commons.wikimedia.org/wiki/File:Aleppo_Syria_1995._Yellow_taxi._Spielvogel_Archiv.JPG,CC0 (http://creativecommons.org/publicdomain/zero/1.0/deed.en),commons-24894046,rejected,Creator: For a gallery of some more of my uploaded pictures see: here.; rejected under v2-visual-quality-rules-2026-09-06: failed one or more visual inclusion rules
rust/commons-26259569.jpg,rust,Rusty automobiles; requires body-panel corrosion review,Wikimedia Commons / Rusty automobiles,https://commons.wikimedia.org/wiki/File:1995_Aleppo_Syria._Trash_in_Sleepy_Street_%2B_Chevrolet_%2B_Suzuki._Spielvogel_Archiv.JPG,CC0 (http://creativecommons.org/publicdomain/zero/1.0/deed.en),commons-26259569,rejected,Creator: For a small gallery of some more of my uploaded pictures see: here.; rejected under v2-visual-quality-rules-2026-09-06: failed one or more visual inclusion rules
rust/commons-29335085.jpg,rust,Rusty automobiles; requires body-panel corrosion review,Wikimedia Commons / Rusty automobiles,https://commons.wikimedia.org/wiki/File:Land_Rover_(7685777642).jpg,CC BY 2.0 (https://creativecommons.org/licenses/by/2.0),commons-29335085,accepted,Creator: Peter Gronemann from Switzerland; accepted under v2-visual-quality-rules-2026-09-06
rust/commons-29836489.jpg,rust,Rusty automobiles; requires body-panel corrosion review,Wikimedia Commons / Rusty automobiles,https://commons.wikimedia.org/wiki/File:Plymouth-Belvedere-4300.jpg,CC BY-SA 3.0 (https://creativecommons.org/licenses/by-sa/3.0),commons-29836489,accepted,Creator: Loadmaster (David R. Tribble) This image was made by Loadmaster (David R. Tribble). Email the author: David R. Tribble Also see my personal gallery at Google Photos; accepted under v2-visual-quality-rules-2026-09-06
rust/commons-29836530.jpg,rust,Rusty automobiles; requires body-panel corrosion review,Wikimedia Commons / Rusty automobiles,https://commons.wikimedia.org/wiki/File:Plymouth-Belvedere-4303.jpg,CC BY-SA 3.0 (https://creativecommons.org/licenses/by-sa/3.0),commons-29836530,rejected,Creator: Loadmaster (David R. Tribble) This image was made by Loadmaster (David R. Tribble). Email the author: David R. Tribble Also see my personal gallery at Google Photos; rejected under v2-visual-quality-rules-2026-09-06: failed one or more visual inclusion rules
rust/commons-32218193.jpg,rust,Rusty automobiles; requires body-panel corrosion review,Wikimedia Commons / Rusty automobiles,https://commons.wikimedia.org/wiki/File:Burnt-out_car_at_Whale_Chine.jpg,CC BY-SA 2.0 (https://creativecommons.org/licenses/by-sa/2.0),commons-32218193,rejected,Creator: Loz Pycock; rejected under v2-visual-quality-rules-2026-09-06: failed one or more visual inclusion rules
rust/commons-3249038.jpg,rust,Rusty automobiles; requires body-panel corrosion review,Wikimedia Commons / Rusty automobiles,https://commons.wikimedia.org/wiki/File:Mali_-_local_transport.jpg,CC BY-SA 2.0 (https://creativecommons.org/licenses/by-sa/2.0),commons-3249038,rejected,"Creator: Ferdinand Reus from Arnhem, Holland; rejected under v2-visual-quality-rules-2026-09-06: failed one or more visual inclusion rules"
rust/commons-3403768.jpg,rust,Rusty automobiles; requires body-panel corrosion review,Wikimedia Commons / Rusty automobiles,https://commons.wikimedia.org/wiki/File:MGMidget-rear.jpg,CC BY-SA 2.0 (https://creativecommons.org/licenses/by-sa/2.0),commons-3403768,accepted,Creator: dave_7; accepted under v2-visual-quality-rules-2026-09-06
rust/commons-3403819.jpg,rust,Rusty automobiles; requires body-panel corrosion review,Wikimedia Commons / Rusty automobiles,https://commons.wikimedia.org/wiki/File:MGMidget.jpg,CC BY-SA 2.0 (https://creativecommons.org/licenses/by-sa/2.0),commons-3403819,rejected,Creator: dave_7; rejected under v2-visual-quality-rules-2026-09-06: failed one or more visual inclusion rules
rust/commons-35150477.jpg,rust,Rusty automobiles; requires body-panel corrosion review,Wikimedia Commons / Rusty automobiles,"https://commons.wikimedia.org/wiki/File:Chevrolet_Suburban,_1960-66.jpg",CC BY-SA 2.0 (https://creativecommons.org/licenses/by-sa/2.0),commons-35150477,accepted,"Creator: Anthony DeLorenzo from Whitehorse, Yukon, Canada; accepted under v2-visual-quality-rules-2026-09-06"
rust/commons-37673336.jpg,rust,Rusty automobiles; requires body-panel corrosion review,Wikimedia Commons / Rusty automobiles,https://commons.wikimedia.org/wiki/File:Internal_Combustion_Engine_(9082484981).jpg,CC BY-SA 2.0 (https://creativecommons.org/licenses/by-sa/2.0),commons-37673336,rejected,Creator: Falcon® Photography from France; rejected under v2-visual-quality-rules-2026-09-06: failed one or more visual inclusion rules
rust/commons-38335129.jpg,rust,Rusty automobiles; requires body-panel corrosion review,Wikimedia Commons / Rusty automobiles,https://commons.wikimedia.org/wiki/File:Derelict_unknown_car_Riga.JPG,CC0 (http://creativecommons.org/publicdomain/zero/1.0/deed.en),commons-38335129,rejected,Creator: Bukk; rejected under v2-visual-quality-rules-2026-09-06: failed one or more visual inclusion rules
rust/commons-38605445.jpg,rust,Rusty automobiles; requires body-panel corrosion review,Wikimedia Commons / Rusty automobiles,https://commons.wikimedia.org/wiki/File:Rotten_Anglia_(14313707215).jpg,CC BY 2.0 (https://creativecommons.org/licenses/by/2.0),commons-38605445,accepted,"Creator: Kieran White from Manchester, England; accepted under v2-visual-quality-rules-2026-09-06"
rust/commons-39544712.jpg,rust,Rusty automobiles; requires body-panel corrosion review,Wikimedia Commons / Rusty automobiles,https://commons.wikimedia.org/wiki/File:Honda_Passport_Frame_Rust.jpg,CC BY-SA 3.0 (https://creativecommons.org/licenses/by-sa/3.0),commons-39544712,accepted,Creator: Run gmc; accepted under v2-visual-quality-rules-2026-09-06
rust/commons-40574527.jpg,rust,Rusty automobiles; requires body-panel corrosion review,Wikimedia Commons / Rusty automobiles,https://commons.wikimedia.org/wiki/File:Carrizo_Car_(Wrecked_Chrysler)_(2275550125).jpg,CC BY-SA 2.0 (https://creativecommons.org/licenses/by-sa/2.0),commons-40574527,accepted,"Creator: Gregory ""Slobirdr"" Smith; accepted under v2-visual-quality-rules-2026-09-06"
rust/commons-41571549.jpg,rust,Rusty automobiles; requires body-panel corrosion review,Wikimedia Commons / Rusty automobiles,https://commons.wikimedia.org/wiki/File:A_burnt_out_Porsche_911_classic_Targa_at_Hatfield_Broad_Oak_Essex_England.jpg,CC BY-SA 4.0 (https://creativecommons.org/licenses/by-sa/4.0),commons-41571549,accepted,Creator: Acabashi; accepted under v2-visual-quality-rules-2026-09-06
rust/commons-44572601.jpg,rust,Rusty automobiles; requires body-panel corrosion review,Wikimedia Commons / Rusty automobiles,https://commons.wikimedia.org/wiki/File:Automobile_scrap_yards_in_Syria_1996._Spielvogel.JPG,CC0 (http://creativecommons.org/publicdomain/zero/1.0/deed.en),commons-44572601,rejected,Creator: For a gallery of some more of my uploaded pictures see: here.; rejected under v2-visual-quality-rules-2026-09-06: failed one or more visual inclusion rules
rust/commons-58148509.jpg,rust,Rusty automobiles; requires body-panel corrosion review,Wikimedia Commons / Rusty automobiles,https://commons.wikimedia.org/wiki/File:Ford_Country_Squire_Station_Wagon_(1954)_-_8856804519.jpg,CC BY 2.0 (https://creativecommons.org/licenses/by/2.0),commons-58148509,accepted,Creator: SG2012; accepted under v2-visual-quality-rules-2026-09-06
rust/commons-58148510.jpg,rust,Rusty automobiles; requires body-panel corrosion review,Wikimedia Commons / Rusty automobiles,https://commons.wikimedia.org/wiki/File:Ford_Country_Squire_Station_Wagon_(1954)_-_8856804617.jpg,CC BY 2.0 (https://creativecommons.org/licenses/by/2.0),commons-58148510,rejected,Creator: SG2012; rejected under v2-visual-quality-rules-2026-09-06: failed one or more visual inclusion rules
rust/commons-58148511.jpg,rust,Rusty automobiles; requires body-panel corrosion review,Wikimedia Commons / Rusty automobiles,https://commons.wikimedia.org/wiki/File:Ford_Country_Squire_Station_Wagon_(1954)_with_Thermador_Car_Cooler_-_8857416378.jpg,CC BY 2.0 (https://creativecommons.org/licenses/by/2.0),commons-58148511,rejected,Creator: SG2012; rejected under v2-visual-quality-rules-2026-09-06: failed one or more visual inclusion rules
rust/commons-58914116.jpg,rust,Rusty automobiles; requires body-panel corrosion review,Wikimedia Commons / Rusty automobiles,"https://commons.wikimedia.org/wiki/File:Beirut,_1982_-_12053936913.jpg",CC BY 2.0 (https://creativecommons.org/licenses/by/2.0),commons-58914116,rejected,Creator: CapCase; rejected under v2-visual-quality-rules-2026-09-06: failed one or more visual inclusion rules
rust/commons-59152944.jpg,rust,Rusty automobiles; requires body-panel corrosion review,Wikimedia Commons / Rusty automobiles,"https://commons.wikimedia.org/wiki/File:Blizu_sela_Kalna,_Stara_Planina.jpg",CC BY-SA 4.0 (https://creativecommons.org/licenses/by-sa/4.0),commons-59152944,rejected,Creator: Bancika; rejected under v2-visual-quality-rules-2026-09-06: failed one or more visual inclusion rules
rust/commons-6120571.jpg,rust,Rusty automobiles; requires body-panel corrosion review,Wikimedia Commons / Rusty automobiles,https://commons.wikimedia.org/wiki/File:Mauritania_car.jpg,CC BY-SA 2.0 (https://creativecommons.org/licenses/by-sa/2.0),commons-6120571,rejected,"Creator: Ferdinand Reus from Arnhem, Holland; rejected under v2-visual-quality-rules-2026-09-06: failed one or more visual inclusion rules"
rust/commons-61972731.jpg,rust,Rusty automobiles; requires body-panel corrosion review,Wikimedia Commons / Rusty automobiles,https://commons.wikimedia.org/wiki/File:Abandoned_Lada_2104_(VAZ_2104)_Rear.jpg,CC BY-SA 4.0 (https://creativecommons.org/licenses/by-sa/4.0),commons-61972731,accepted,Creator: KGC626; accepted under v2-visual-quality-rules-2026-09-06
rust/commons-63315002.jpg,rust,Rusty automobiles; requires body-panel corrosion review,Wikimedia Commons / Rusty automobiles,https://commons.wikimedia.org/wiki/File:Chevrolet_Caprice_3rd_Generation_Police_Cruiser_Very_Rusty.jpg,CC BY-SA 4.0 (https://creativecommons.org/licenses/by-sa/4.0),commons-63315002,accepted,Creator: Jacek Rużyczka; accepted under v2-visual-quality-rules-2026-09-06
rust/commons-66269376.jpg,rust,Rusty automobiles; requires body-panel corrosion review,Wikimedia Commons / Rusty automobiles,https://commons.wikimedia.org/wiki/File:Dodge_4_Door_(38723001324).jpg,CC BY-SA 2.0 (https://creativecommons.org/licenses/by-sa/2.0),commons-66269376,accepted,Creator: Triple-green; accepted under v2-visual-quality-rules-2026-09-06
rust/commons-66269957.jpg,rust,Rusty automobiles; requires body-panel corrosion review,Wikimedia Commons / Rusty automobiles,"https://commons.wikimedia.org/wiki/File:Mopar_Nationals_2014,_Herten_(36471501034).jpg",CC BY-SA 2.0 (https://creativecommons.org/licenses/by-sa/2.0),commons-66269957,accepted,Creator: Triple-green; accepted under v2-visual-quality-rules-2026-09-06
rust/commons-66345356.jpg,rust,Rusty automobiles; requires body-panel corrosion review,Wikimedia Commons / Rusty automobiles,https://commons.wikimedia.org/wiki/File:Facel_Vega_Facellia_(5071840605).jpg,CC BY 2.0 (https://creativecommons.org/licenses/by/2.0),commons-66345356,accepted,"Creator: JOHN LLOYD from Concrete, Washington, United States; accepted under v2-visual-quality-rules-2026-09-06"
rust/commons-68363363.jpg,rust,Rusty automobiles; requires body-panel corrosion review,Wikimedia Commons / Rusty automobiles,https://commons.wikimedia.org/wiki/File:Car-wreck-3183452_1920.jpg,CC0 (http://creativecommons.org/publicdomain/zero/1.0/deed.en),commons-68363363,accepted,Creator: Bluesnap; accepted under v2-visual-quality-rules-2026-09-06
rust/commons-69252731.jpg,rust,Rusty automobiles; requires body-panel corrosion review,Wikimedia Commons / Rusty automobiles,https://commons.wikimedia.org/wiki/File:DeSoto_Firedome_(8152045361).jpg,CC BY 2.0 (https://creativecommons.org/licenses/by/2.0),commons-69252731,accepted,"Creator: Greg Gjerdingen from Willmar, USA; accepted under v2-visual-quality-rules-2026-09-06"
rust/commons-69252747.jpg,rust,Rusty automobiles; requires body-panel corrosion review,Wikimedia Commons / Rusty automobiles,https://commons.wikimedia.org/wiki/File:DeSoto_Firedome_(8152072872).jpg,CC BY 2.0 (https://creativecommons.org/licenses/by/2.0),commons-69252747,rejected,"Creator: Greg Gjerdingen from Willmar, USA; rejected under v2-visual-quality-rules-2026-09-06: failed one or more visual inclusion rules"
rust/commons-71441606.jpg,rust,Rusty automobiles; requires body-panel corrosion review,Wikimedia Commons / Rusty automobiles,https://commons.wikimedia.org/wiki/File:Abandoned_Car_(229781143).jpeg,CC BY 3.0 (https://creativecommons.org/licenses/by/3.0),commons-71441606,rejected,Creator: Oleg Flechner; rejected under v2-visual-quality-rules-2026-09-06: failed one or more visual inclusion rules
rust/commons-7220687.jpg,rust,Rusty automobiles; requires body-panel corrosion review,Wikimedia Commons / Rusty automobiles,https://commons.wikimedia.org/wiki/File:2009-07-05_Folded_tow_truck.jpg,CC BY-SA 4.0 (https://creativecommons.org/licenses/by-sa/4.0),commons-7220687,rejected,Creator: Ildar Sagdejev (Specious); rejected under v2-visual-quality-rules-2026-09-06: failed one or more visual inclusion rules
rust/commons-75842668.jpg,rust,Rusty automobiles; requires body-panel corrosion review,Wikimedia Commons / Rusty automobiles,https://commons.wikimedia.org/wiki/File:Essex_-_Flickr_-_dave_7.jpg,CC BY 2.0 (https://creativecommons.org/licenses/by/2.0),commons-75842668,accepted,Creator: dave_7 from Canada; accepted under v2-visual-quality-rules-2026-09-06
rust/commons-76715833.jpg,rust,Rusty automobiles; requires body-panel corrosion review,Wikimedia Commons / Rusty automobiles,https://commons.wikimedia.org/wiki/File:Ford_Taurus_Rust.jpg,CC0 (http://creativecommons.org/publicdomain/zero/1.0/deed.en),commons-76715833,accepted,Creator: Cameron Hill; accepted under v2-visual-quality-rules-2026-09-06
rust/commons-77315907.jpg,rust,Rusty automobiles; requires body-panel corrosion review,Wikimedia Commons / Rusty automobiles,"https://commons.wikimedia.org/wiki/File:Abandoned_vehicle_on_a_farm,_Namibia.jpg",CC BY-SA 4.0 (https://creativecommons.org/licenses/by-sa/4.0),commons-77315907,accepted,Creator: Olga Ernst & Hp.Baumeler; accepted under v2-visual-quality-rules-2026-09-06
rust/commons-780755.jpg,rust,Rusty automobiles; requires body-panel corrosion review,Wikimedia Commons / Rusty automobiles,https://commons.wikimedia.org/wiki/File:Lada_Nova2.jpg,CC BY 2.0 (https://creativecommons.org/licenses/by/2.0),commons-780755,accepted,"Creator: Jan Voigtmann (FastPhive) from Chemnitz, Germany; accepted under v2-visual-quality-rules-2026-09-06"
rust/commons-780758.jpg,rust,Rusty automobiles; requires body-panel corrosion review,Wikimedia Commons / Rusty automobiles,https://commons.wikimedia.org/wiki/File:Lada_Nova3.jpg,CC BY 2.0 (https://creativecommons.org/licenses/by/2.0),commons-780758,rejected,"Creator: Jan Voigtmann (FastPhive) from Chemnitz, Germany; rejected under v2-visual-quality-rules-2026-09-06: failed one or more visual inclusion rules"
rust/commons-85529316.jpg,rust,Rusty automobiles; requires body-panel corrosion review,Wikimedia Commons / Rusty automobiles,https://commons.wikimedia.org/wiki/File:Kos-Zipari-red_car-02ASD.jpg,CC BY-SA 4.0 (https://creativecommons.org/licenses/by-sa/4.0),commons-85529316,accepted,Creator: Asurnipal; accepted under v2-visual-quality-rules-2026-09-06
rust/commons-85529317.jpg,rust,Rusty automobiles; requires body-panel corrosion review,Wikimedia Commons / Rusty automobiles,https://commons.wikimedia.org/wiki/File:Kos-Zipari-red_car-01ASD.jpg,CC BY-SA 4.0 (https://creativecommons.org/licenses/by-sa/4.0),commons-85529317,rejected,Creator: Asurnipal; rejected under v2-visual-quality-rules-2026-09-06: failed one or more visual inclusion rules
rust/commons-85529319.jpg,rust,Rusty automobiles; requires body-panel corrosion review,Wikimedia Commons / Rusty automobiles,https://commons.wikimedia.org/wiki/File:Kos-Zipari-red_car-03ASD.jpg,CC BY-SA 4.0 (https://creativecommons.org/licenses/by-sa/4.0),commons-85529319,rejected,Creator: Asurnipal; rejected under v2-visual-quality-rules-2026-09-06: failed one or more visual inclusion rules
rust/commons-85529325.jpg,rust,Rusty automobiles; requires body-panel corrosion review,Wikimedia Commons / Rusty automobiles,https://commons.wikimedia.org/wiki/File:Kos-Zipari-red_car-04ASD.jpg,CC BY-SA 4.0 (https://creativecommons.org/licenses/by-sa/4.0),commons-85529325,rejected,Creator: Asurnipal; rejected under v2-visual-quality-rules-2026-09-06: failed one or more visual inclusion rules
rust/commons-85529326.jpg,rust,Rusty automobiles; requires body-panel corrosion review,Wikimedia Commons / Rusty automobiles,https://commons.wikimedia.org/wiki/File:Kos-Zipari-red_car-05ASD.jpg,CC BY-SA 4.0 (https://creativecommons.org/licenses/by-sa/4.0),commons-85529326,rejected,Creator: Asurnipal; rejected under v2-visual-quality-rules-2026-09-06: failed one or more visual inclusion rules
rust/commons-8649822.jpg,rust,Rusty automobiles; requires body-panel corrosion review,Wikimedia Commons / Rusty automobiles,https://commons.wikimedia.org/wiki/File:Archangelos001.JPG,CC BY-SA 3.0 (https://creativecommons.org/licenses/by-sa/3.0),commons-8649822,accepted,Creator: User:Piotrus; accepted under v2-visual-quality-rules-2026-09-06
rust/commons-89012736.jpg,rust,Rusty automobiles; requires body-panel corrosion review,Wikimedia Commons / Rusty automobiles,https://commons.wikimedia.org/wiki/File:Ancienne_plaque_d%27immatriculation_d%27un_v%C3%A9hicule.jpg,CC BY-SA 4.0 (https://creativecommons.org/licenses/by-sa/4.0),commons-89012736,accepted,Creator: Babacar Dioum; accepted under v2-visual-quality-rules-2026-09-06
rust/commons-9798759.jpg,rust,Rusty automobiles; requires body-panel corrosion review,Wikimedia Commons / Rusty automobiles,https://commons.wikimedia.org/wiki/File:Desert_Queen_Ranch_-_Willy%27s_Jeep.jpg,CC BY 3.0 (https://creativecommons.org/licenses/by/3.0),commons-9798759,accepted,Creator: Jarek Tuszyński; accepted under v2-visual-quality-rules-2026-09-06
rust/commons-982535.jpg,rust,Rusty automobiles; requires body-panel corrosion review,Wikimedia Commons / Rusty automobiles,https://commons.wikimedia.org/wiki/File:Citro%C3%ABn_2CV_-_1960.jpg,CC BY-SA 3.0 (http://creativecommons.org/licenses/by-sa/3.0/),commons-982535,accepted,"Creator: Users João Neves, Ericd, BigFatBuddha on en.wikipedia; accepted under v2-visual-quality-rules-2026-09-06"
rust/hitl-0ec8486f8c07c432.jpg,rust,Corrosion,Humans in the Loop Car Parts and Car Damages Dataset,https://huggingface.co/datasets/DrBimmer/car-parts-and-damage-dataset/resolve/2dbf46f7e23eb0d6f551d38e4f77a11fe9d045b9/Car%20parts%20dataset/File1/img/Car%20damages%201259.png,CC0-1.0,Car parts dataset/File1/img/Car damages 1259.png,accepted,"Pinned mirror revision 2dbf46f7e23eb0d6f551d38e4f77a11fe9d045b9; annotation Car parts dataset/File1/ann/Car damages 1259.png.json; crop (618, 162, 714, 258); accepted under v2-visual-quality-rules-2026-09-06"
rust/hitl-16d53467d2bd9382.jpg,rust,Corrosion,Humans in the Loop Car Parts and Car Damages Dataset,https://huggingface.co/datasets/DrBimmer/car-parts-and-damage-dataset/resolve/2dbf46f7e23eb0d6f551d38e4f77a11fe9d045b9/Car%20parts%20dataset/File1/img/Car%20damages%20711.png,CC0-1.0,Car parts dataset/File1/img/Car damages 711.png,accepted,"Pinned mirror revision 2dbf46f7e23eb0d6f551d38e4f77a11fe9d045b9; annotation Car parts dataset/File1/ann/Car damages 711.png.json; crop (477, 217, 738, 478); accepted under v2-visual-quality-rules-2026-09-06"
rust/hitl-16e5c3be42e3ad9d.jpg,rust,Corrosion,Humans in the Loop Car Parts and Car Damages Dataset,https://huggingface.co/datasets/DrBimmer/car-parts-and-damage-dataset/resolve/2dbf46f7e23eb0d6f551d38e4f77a11fe9d045b9/Car%20parts%20dataset/File1/img/Car%20damages%20121.png,CC0-1.0,Car parts dataset/File1/img/Car damages 121.png,accepted,"Pinned mirror revision 2dbf46f7e23eb0d6f551d38e4f77a11fe9d045b9; annotation Car parts dataset/File1/ann/Car damages 121.png.json; crop (238, 254, 334, 350); accepted under v2-visual-quality-rules-2026-09-06"
rust/hitl-1eba21b0093a1060.jpg,rust,Corrosion,Humans in the Loop Car Parts and Car Damages Dataset,https://huggingface.co/datasets/DrBimmer/car-parts-and-damage-dataset/resolve/2dbf46f7e23eb0d6f551d38e4f77a11fe9d045b9/Car%20parts%20dataset/File1/img/Car%20damages%20297.png,CC0-1.0,Car parts dataset/File1/img/Car damages 297.png,rejected,"Pinned mirror revision 2dbf46f7e23eb0d6f551d38e4f77a11fe9d045b9; annotation Car parts dataset/File1/ann/Car damages 297.png.json; crop (440, 361, 550, 472); rejected under v2-visual-quality-rules-2026-09-06: failed one or more visual inclusion rules"
rust/hitl-247b7982b7c63ea3.jpg,rust,Corrosion,Humans in the Loop Car Parts and Car Damages Dataset,https://huggingface.co/datasets/DrBimmer/car-parts-and-damage-dataset/resolve/2dbf46f7e23eb0d6f551d38e4f77a11fe9d045b9/Car%20parts%20dataset/File1/img/Car%20damages%20426.png,CC0-1.0,Car parts dataset/File1/img/Car damages 426.png,accepted,"Pinned mirror revision 2dbf46f7e23eb0d6f551d38e4f77a11fe9d045b9; annotation Car parts dataset/File1/ann/Car damages 426.png.json; crop (272, 436, 368, 532); accepted under v2-visual-quality-rules-2026-09-06"
rust/hitl-2bb38223eb75bb60.jpg,rust,Corrosion,Humans in the Loop Car Parts and Car Damages Dataset,https://huggingface.co/datasets/DrBimmer/car-parts-and-damage-dataset/resolve/2dbf46f7e23eb0d6f551d38e4f77a11fe9d045b9/Car%20parts%20dataset/File1/img/Car%20damages%20221.png,CC0-1.0,Car parts dataset/File1/img/Car damages 221.png,rejected,"Pinned mirror revision 2dbf46f7e23eb0d6f551d38e4f77a11fe9d045b9; annotation Car parts dataset/File1/ann/Car damages 221.png.json; crop (358, 416, 454, 512); rejected under v2-visual-quality-rules-2026-09-06: failed one or more visual inclusion rules"
rust/hitl-3954e4eab5c6d6b3.jpg,rust,Corrosion,Humans in the Loop Car Parts and Car Damages Dataset,https://huggingface.co/datasets/DrBimmer/car-parts-and-damage-dataset/resolve/2dbf46f7e23eb0d6f551d38e4f77a11fe9d045b9/Car%20parts%20dataset/File1/img/Car%20damages%201285.png,CC0-1.0,Car parts dataset/File1/img/Car damages 1285.png,rejected,"Pinned mirror revision 2dbf46f7e23eb0d6f551d38e4f77a11fe9d045b9; annotation Car parts dataset/File1/ann/Car damages 1285.png.json; crop (325, 284, 544, 504); rejected under v2-visual-quality-rules-2026-09-06: failed one or more visual inclusion rules"
rust/hitl-3a0eaab924985c4b.jpg,rust,Corrosion,Humans in the Loop Car Parts and Car Damages Dataset,https://huggingface.co/datasets/DrBimmer/car-parts-and-damage-dataset/resolve/2dbf46f7e23eb0d6f551d38e4f77a11fe9d045b9/Car%20parts%20dataset/File1/img/Car%20damages%20288.png,CC0-1.0,Car parts dataset/File1/img/Car damages 288.png,accepted,"Pinned mirror revision 2dbf46f7e23eb0d6f551d38e4f77a11fe9d045b9; annotation Car parts dataset/File1/ann/Car damages 288.png.json; crop (605, 272, 732, 399); accepted under v2-visual-quality-rules-2026-09-06"
rust/hitl-3c192e6929e5be0d.jpg,rust,Corrosion,Humans in the Loop Car Parts and Car Damages Dataset,https://huggingface.co/datasets/DrBimmer/car-parts-and-damage-dataset/resolve/2dbf46f7e23eb0d6f551d38e4f77a11fe9d045b9/Car%20parts%20dataset/File1/img/Car%20damages%201349.png,CC0-1.0,Car parts dataset/File1/img/Car damages 1349.png,rejected,"Pinned mirror revision 2dbf46f7e23eb0d6f551d38e4f77a11fe9d045b9; annotation Car parts dataset/File1/ann/Car damages 1349.png.json; crop (364, 256, 597, 489); rejected under v2-visual-quality-rules-2026-09-06: failed one or more visual inclusion rules"
rust/hitl-3f1f76849f7804ae.jpg,rust,Corrosion,Humans in the Loop Car Parts and Car Damages Dataset,https://huggingface.co/datasets/DrBimmer/car-parts-and-damage-dataset/resolve/2dbf46f7e23eb0d6f551d38e4f77a11fe9d045b9/Car%20parts%20dataset/File1/img/Car%20damages%20889.png,CC0-1.0,Car parts dataset/File1/img/Car damages 889.png,accepted,"Pinned mirror revision 2dbf46f7e23eb0d6f551d38e4f77a11fe9d045b9; annotation Car parts dataset/File1/ann/Car damages 889.png.json; crop (186, 259, 282, 355); accepted under v2-visual-quality-rules-2026-09-06"
rust/hitl-4b2c06827d23b5df.jpg,rust,Corrosion,Humans in the Loop Car Parts and Car Damages Dataset,https://huggingface.co/datasets/DrBimmer/car-parts-and-damage-dataset/resolve/2dbf46f7e23eb0d6f551d38e4f77a11fe9d045b9/Car%20parts%20dataset/File1/img/Car%20damages%20599.png,CC0-1.0,Car parts dataset/File1/img/Car damages 599.png,rejected,"Pinned mirror revision 2dbf46f7e23eb0d6f551d38e4f77a11fe9d045b9; annotation Car parts dataset/File1/ann/Car damages 599.png.json; crop (240, 264, 385, 409); rejected under v2-visual-quality-rules-2026-09-06: failed one or more visual inclusion rules"
rust/hitl-4f1807d12aaf56af.jpg,rust,Corrosion,Humans in the Loop Car Parts and Car Damages Dataset,https://huggingface.co/datasets/DrBimmer/car-parts-and-damage-dataset/resolve/2dbf46f7e23eb0d6f551d38e4f77a11fe9d045b9/Car%20parts%20dataset/File1/img/Car%20damages%20447.png,CC0-1.0,Car parts dataset/File1/img/Car damages 447.png,accepted,"Pinned mirror revision 2dbf46f7e23eb0d6f551d38e4f77a11fe9d045b9; annotation Car parts dataset/File1/ann/Car damages 447.png.json; crop (247, 110, 557, 421); accepted under v2-visual-quality-rules-2026-09-06"
rust/hitl-6ec81687d8b85596.jpg,rust,Corrosion,Humans in the Loop Car Parts and Car Damages Dataset,https://huggingface.co/datasets/DrBimmer/car-parts-and-damage-dataset/resolve/2dbf46f7e23eb0d6f551d38e4f77a11fe9d045b9/Car%20parts%20dataset/File1/img/Car%20damages%20650.jpg,CC0-1.0,Car parts dataset/File1/img/Car damages 650.jpg,rejected,"Pinned mirror revision 2dbf46f7e23eb0d6f551d38e4f77a11fe9d045b9; annotation Car parts dataset/File1/ann/Car damages 650.jpg.json; crop (97, 242, 266, 411); rejected under v2-visual-quality-rules-2026-09-06: failed one or more visual inclusion rules"
rust/hitl-7cc1ad7bddea447d.jpg,rust,Corrosion,Humans in the Loop Car Parts and Car Damages Dataset,https://huggingface.co/datasets/DrBimmer/car-parts-and-damage-dataset/resolve/2dbf46f7e23eb0d6f551d38e4f77a11fe9d045b9/Car%20parts%20dataset/File1/img/Car%20damages%20993.png,CC0-1.0,Car parts dataset/File1/img/Car damages 993.png,accepted,"Pinned mirror revision 2dbf46f7e23eb0d6f551d38e4f77a11fe9d045b9; annotation Car parts dataset/File1/ann/Car damages 993.png.json; crop (306, 288, 402, 384); accepted under v2-visual-quality-rules-2026-09-06"
rust/hitl-809bb5f13f1cdcb0.jpg,rust,Corrosion,Humans in the Loop Car Parts and Car Damages Dataset,https://huggingface.co/datasets/DrBimmer/car-parts-and-damage-dataset/resolve/2dbf46f7e23eb0d6f551d38e4f77a11fe9d045b9/Car%20parts%20dataset/File1/img/Car%20damages%20102.jpg,CC0-1.0,Car parts dataset/File1/img/Car damages 102.jpg,rejected,"Pinned mirror revision 2dbf46f7e23eb0d6f551d38e4f77a11fe9d045b9; annotation Car parts dataset/File1/ann/Car damages 102.jpg.json; crop (360, 218, 456, 314); rejected under v2-visual-quality-rules-2026-09-06: failed one or more visual inclusion rules"
rust/hitl-87e749a8d850106d.jpg,rust,Corrosion,Humans in the Loop Car Parts and Car Damages Dataset,https://huggingface.co/datasets/DrBimmer/car-parts-and-damage-dataset/resolve/2dbf46f7e23eb0d6f551d38e4f77a11fe9d045b9/Car%20parts%20dataset/File1/img/Car%20damages%20633.png,CC0-1.0,Car parts dataset/File1/img/Car damages 633.png,rejected,"Pinned mirror revision 2dbf46f7e23eb0d6f551d38e4f77a11fe9d045b9; annotation Car parts dataset/File1/ann/Car damages 633.png.json; crop (282, 224, 378, 320); rejected under v2-visual-quality-rules-2026-09-06: failed one or more visual inclusion rules"
rust/hitl-8b024a8a24601359.jpg,rust,Corrosion,Humans in the Loop Car Parts and Car Damages Dataset,https://huggingface.co/datasets/DrBimmer/car-parts-and-damage-dataset/resolve/2dbf46f7e23eb0d6f551d38e4f77a11fe9d045b9/Car%20parts%20dataset/File1/img/Car%20damages%20258.png,CC0-1.0,Car parts dataset/File1/img/Car damages 258.png,accepted,"Pinned mirror revision 2dbf46f7e23eb0d6f551d38e4f77a11fe9d045b9; annotation Car parts dataset/File1/ann/Car damages 258.png.json; crop (365, 357, 496, 488); accepted under v2-visual-quality-rules-2026-09-06"
rust/hitl-9234a1b172a2d80b.jpg,rust,Corrosion,Humans in the Loop Car Parts and Car Damages Dataset,https://huggingface.co/datasets/DrBimmer/car-parts-and-damage-dataset/resolve/2dbf46f7e23eb0d6f551d38e4f77a11fe9d045b9/Car%20parts%20dataset/File1/img/Car%20damages%20854.png,CC0-1.0,Car parts dataset/File1/img/Car damages 854.png,rejected,"Pinned mirror revision 2dbf46f7e23eb0d6f551d38e4f77a11fe9d045b9; annotation Car parts dataset/File1/ann/Car damages 854.png.json; crop (297, 306, 393, 402); rejected under v2-visual-quality-rules-2026-09-06: failed one or more visual inclusion rules"
rust/hitl-9631f57879e8c41f.jpg,rust,Corrosion,Humans in the Loop Car Parts and Car Damages Dataset,https://huggingface.co/datasets/DrBimmer/car-parts-and-damage-dataset/resolve/2dbf46f7e23eb0d6f551d38e4f77a11fe9d045b9/Car%20parts%20dataset/File1/img/Car%20damages%201351.png,CC0-1.0,Car parts dataset/File1/img/Car damages 1351.png,accepted,"Pinned mirror revision 2dbf46f7e23eb0d6f551d38e4f77a11fe9d045b9; annotation Car parts dataset/File1/ann/Car damages 1351.png.json; crop (201, 320, 305, 423); accepted under v2-visual-quality-rules-2026-09-06"
rust/hitl-a62985025c63db13.jpg,rust,Corrosion,Humans in the Loop Car Parts and Car Damages Dataset,https://huggingface.co/datasets/DrBimmer/car-parts-and-damage-dataset/resolve/2dbf46f7e23eb0d6f551d38e4f77a11fe9d045b9/Car%20parts%20dataset/File1/img/Car%20damages%20918.png,CC0-1.0,Car parts dataset/File1/img/Car damages 918.png,rejected,"Pinned mirror revision 2dbf46f7e23eb0d6f551d38e4f77a11fe9d045b9; annotation Car parts dataset/File1/ann/Car damages 918.png.json; crop (224, 272, 320, 368); rejected under v2-visual-quality-rules-2026-09-06: failed one or more visual inclusion rules"
rust/hitl-af62525bcc97e07b.jpg,rust,Corrosion,Humans in the Loop Car Parts and Car Damages Dataset,https://huggingface.co/datasets/DrBimmer/car-parts-and-damage-dataset/resolve/2dbf46f7e23eb0d6f551d38e4f77a11fe9d045b9/Car%20parts%20dataset/File1/img/Car%20damages%201062.png,CC0-1.0,Car parts dataset/File1/img/Car damages 1062.png,rejected,"Pinned mirror revision 2dbf46f7e23eb0d6f551d38e4f77a11fe9d045b9; annotation Car parts dataset/File1/ann/Car damages 1062.png.json; crop (204, 336, 330, 462); rejected under v2-visual-quality-rules-2026-09-06: failed one or more visual inclusion rules"
rust/hitl-b1a7cc7750673911.jpg,rust,Corrosion,Humans in the Loop Car Parts and Car Damages Dataset,https://huggingface.co/datasets/DrBimmer/car-parts-and-damage-dataset/resolve/2dbf46f7e23eb0d6f551d38e4f77a11fe9d045b9/Car%20parts%20dataset/File1/img/Car%20damages%20401.png,CC0-1.0,Car parts dataset/File1/img/Car damages 401.png,rejected,"Pinned mirror revision 2dbf46f7e23eb0d6f551d38e4f77a11fe9d045b9; annotation Car parts dataset/File1/ann/Car damages 401.png.json; crop (355, 368, 536, 549); rejected under v2-visual-quality-rules-2026-09-06: failed one or more visual inclusion rules"
rust/hitl-b34685620d56a182.jpg,rust,Corrosion,Humans in the Loop Car Parts and Car Damages Dataset,https://huggingface.co/datasets/DrBimmer/car-parts-and-damage-dataset/resolve/2dbf46f7e23eb0d6f551d38e4f77a11fe9d045b9/Car%20parts%20dataset/File1/img/Car%20damages%20903.png,CC0-1.0,Car parts dataset/File1/img/Car damages 903.png,rejected,"Pinned mirror revision 2dbf46f7e23eb0d6f551d38e4f77a11fe9d045b9; annotation Car parts dataset/File1/ann/Car damages 903.png.json; crop (162, 300, 258, 396); rejected under v2-visual-quality-rules-2026-09-06: failed one or more visual inclusion rules"
rust/hitl-b3f0b13eca06c5bc.jpg,rust,Corrosion,Humans in the Loop Car Parts and Car Damages Dataset,https://huggingface.co/datasets/DrBimmer/car-parts-and-damage-dataset/resolve/2dbf46f7e23eb0d6f551d38e4f77a11fe9d045b9/Car%20parts%20dataset/File1/img/Car%20damages%201332.png,CC0-1.0,Car parts dataset/File1/img/Car damages 1332.png,accepted,"Pinned mirror revision 2dbf46f7e23eb0d6f551d38e4f77a11fe9d045b9; annotation Car parts dataset/File1/ann/Car damages 1332.png.json; crop (294, 389, 448, 543); accepted under v2-visual-quality-rules-2026-09-06"
rust/hitl-c3f6eddabd6e726c.jpg,rust,Corrosion,Humans in the Loop Car Parts and Car Damages Dataset,https://huggingface.co/datasets/DrBimmer/car-parts-and-damage-dataset/resolve/2dbf46f7e23eb0d6f551d38e4f77a11fe9d045b9/Car%20parts%20dataset/File1/img/Car%20damages%20818.png,CC0-1.0,Car parts dataset/File1/img/Car damages 818.png,accepted,"Pinned mirror revision 2dbf46f7e23eb0d6f551d38e4f77a11fe9d045b9; annotation Car parts dataset/File1/ann/Car damages 818.png.json; crop (208, 270, 304, 366); accepted under v2-visual-quality-rules-2026-09-06"
rust/hitl-c60198fd3f264d04.jpg,rust,Corrosion,Humans in the Loop Car Parts and Car Damages Dataset,https://huggingface.co/datasets/DrBimmer/car-parts-and-damage-dataset/resolve/2dbf46f7e23eb0d6f551d38e4f77a11fe9d045b9/Car%20parts%20dataset/File1/img/Car%20damages%20936.png,CC0-1.0,Car parts dataset/File1/img/Car damages 936.png,accepted,"Pinned mirror revision 2dbf46f7e23eb0d6f551d38e4f77a11fe9d045b9; annotation Car parts dataset/File1/ann/Car damages 936.png.json; crop (254, 252, 350, 348); accepted under v2-visual-quality-rules-2026-09-06"
rust/hitl-cdfc90dd8561885f.jpg,rust,Corrosion,Humans in the Loop Car Parts and Car Damages Dataset,https://huggingface.co/datasets/DrBimmer/car-parts-and-damage-dataset/resolve/2dbf46f7e23eb0d6f551d38e4f77a11fe9d045b9/Car%20parts%20dataset/File1/img/Car%20damages%20391.png,CC0-1.0,Car parts dataset/File1/img/Car damages 391.png,accepted,"Pinned mirror revision 2dbf46f7e23eb0d6f551d38e4f77a11fe9d045b9; annotation Car parts dataset/File1/ann/Car damages 391.png.json; crop (201, 0, 798, 597); accepted under v2-visual-quality-rules-2026-09-06"
rust/hitl-d7b0bfa4bb65f2b4.jpg,rust,Corrosion,Humans in the Loop Car Parts and Car Damages Dataset,https://huggingface.co/datasets/DrBimmer/car-parts-and-damage-dataset/resolve/2dbf46f7e23eb0d6f551d38e4f77a11fe9d045b9/Car%20parts%20dataset/File1/img/Car%20damages%20283.png,CC0-1.0,Car parts dataset/File1/img/Car damages 283.png,rejected,"Pinned mirror revision 2dbf46f7e23eb0d6f551d38e4f77a11fe9d045b9; annotation Car parts dataset/File1/ann/Car damages 283.png.json; crop (542, 383, 646, 487); rejected under v2-visual-quality-rules-2026-09-06: failed one or more visual inclusion rules"
rust/hitl-e44e989efa0b0f90.jpg,rust,Corrosion,Humans in the Loop Car Parts and Car Damages Dataset,https://huggingface.co/datasets/DrBimmer/car-parts-and-damage-dataset/resolve/2dbf46f7e23eb0d6f551d38e4f77a11fe9d045b9/Car%20parts%20dataset/File1/img/Car%20damages%20125.png,CC0-1.0,Car parts dataset/File1/img/Car damages 125.png,accepted,"Pinned mirror revision 2dbf46f7e23eb0d6f551d38e4f77a11fe9d045b9; annotation Car parts dataset/File1/ann/Car damages 125.png.json; crop (98, 164, 194, 260); accepted under v2-visual-quality-rules-2026-09-06"
rust/hitl-fe59a12ed049e3cf.jpg,rust,Corrosion,Humans in the Loop Car Parts and Car Damages Dataset,https://huggingface.co/datasets/DrBimmer/car-parts-and-damage-dataset/resolve/2dbf46f7e23eb0d6f551d38e4f77a11fe9d045b9/Car%20parts%20dataset/File1/img/Car%20damages%20701.png,CC0-1.0,Car parts dataset/File1/img/Car damages 701.png,accepted,"Pinned mirror revision 2dbf46f7e23eb0d6f551d38e4f77a11fe9d045b9; annotation Car parts dataset/File1/ann/Car damages 701.png.json; crop (195, 266, 298, 369); accepted under v2-visual-quality-rules-2026-09-06"
